"","est1","","","","est2","","","","est3","","",""
"","b","se","t","p","b","se","t","p","b","se","t","p"
"_Iyear_1961",".0020662",".0235188",".0878512",".9300008","","","","","","","",""
"_Iyear_1962",".0032821",".0194848",".1684423",".8662466","","","","","","","",""
"_Iyear_1963",".0058766",".0180193",".3261283",".7443498","","","","","","","",""
"_Iyear_1964","-.0095482",".0154756","-.6169882",".5372889","","","","","","","",""
"_Iyear_1965","-.0068321",".0159849","-.4274113",".6691102","","","","","","","",""
"_Iyear_1966",".0137185",".0220169",".6230925",".5332707","","","","","","","",""
"_Iyear_1967","-.0003055",".0179208","-.0170496",".9863981","","","","","","","",""
"_Iyear_1968","-.0156551",".0143824","-1.088492",".2764645","","","","","","","",""
"_Iyear_1969",".0178573",".0237369",".7523005",".4519289","","","","","","","",""
"_Iyear_1970","-.0045065",".0171887","-.2621771",".7932027","","","","","","","",""
"_Iyear_1971","-.0175373",".0130696","-1.341842",".1797479","","","","","","","",""
"_Iyear_1972","-.0193825",".0172018","-1.126774",".2599275","","","","","","","",""
"_Iyear_1973","-.0112082",".0198265","-.5653165",".5719004","","","","","","","",""
"_Iyear_1974","-.0050527",".0191547","-.2637827",".7919653","","","","","","","",""
"_Iyear_1975","-.0116589",".008568","-1.360748",".1736948","","","","","","","",""
"_Iyear_1976","-.0198448",".0155114","-1.279369",".2008651","","","","","","","",""
"_Iyear_1977","-.0080442",".0091153","-.8824946",".3775795","","","","","","","",""
"_Iyear_1978","-.0231409",".013641","-1.696417",".0899098","","","","","","","",""
"_Iyear_1979",".0053159",".0191248",".2779568",".7810645","","","","","","","",""
"_Iyear_1980","-.01633",".0153314","-1.06513",".286902","","","","","","","",""
"_Iyear_1981","-.0095191",".0160964","-.5913804",".5543098","","","","","","","",""
"_Iyear_1982","-.0231409",".013641","-1.696417",".0899098","","","","","","","",""
"_Iyear_1983","-.0137971",".0160108","-.8617389",".3888995","","","","","","","",""
"_Iyear_1984","-.0045097",".0191566","-.2354144",".8139031","","","","","","","",""
"_Iyear_1985","-.0231409",".013641","-1.696417",".0899098","","","","","","","",""
"_Iyear_1986","-.0168673",".0150905","-1.117743",".2637654","","","","","","","",""
"_Iyear_1987","-.0188262",".0143522","-1.311723",".189713","","","","","","","",""
"_Iyear_1988","-.012212",".0176216","-.6930126",".4883549","","","","","","","",""
"_U_urXyea_1_1961","-.0313951",".0486569","-.645234",".5188245","-.3630056",".2321005","-1.564002",".1179218","-.3605918",".2271932","-1.587159",".1125811"
"_U_urXyea_1_1962","-.0084319",".0494811","-.1704075",".8647011","-.0418137",".0759538","-.5505142",".5820074",".0170992",".0808454",".2115046",".8325078"
"_U_urXyea_1_1963",".0113926",".0546394",".2085048",".8348488",".1945314",".1929008","1.008453",".3133175",".2326489",".2378969",".9779397",".3281823"
"_U_urXyea_1_1964",".0894704",".0632101","1.415445",".157041","-.1010398",".0905309","-1.11608",".2644764","-.0828987",".1082923","-.7655088",".4440283"
"_U_urXyea_1_1965",".0690435",".0685751","1.00683",".314097","-.1564264",".1037749","-1.507363",".1318221","-.1454733",".0949536","-1.532046",".1256157"
"_U_urXyea_1_1966",".0890342",".072747","1.223888",".2210897",".0262864",".1327015",".1980869",".8429904",".0601339",".1881658",".3195793",".7493094"
"_U_urXyea_1_1967",".0666547",".0725817",".9183395",".3585143",".0021418",".2150653",".0099587",".9920549",".0460296",".2801017",".1643318",".8694809"
"_U_urXyea_1_1968",".0948404",".0845462","1.121758",".2620543","-.4618078",".2476552","-1.86472",".0623173","-.4186809",".203003","-2.062436",".0392514"
"_U_urXyea_1_1969",".0196921",".0667873",".2948475",".7681306","-.4056754",".3033017","-1.337531",".1811498","-.3618172",".2384379","-1.517448",".129258"
"_U_urXyea_1_1970","-.0006993",".0872442","-.0080155",".9936051",".0346754",".1099449",".315389",".7524881",".0787755",".1451418",".5427486",".5873429"
"_U_urXyea_1_1971",".0180512",".0933757",".1933181",".8467228","-.6106775",".3671608","-1.663243",".0963674","-.5582524",".2978451","-1.874305",".0609847"
"_U_urXyea_1_1972","-.0405289",".1159349","-.3495832",".7266758","-.3014354",".3021023","-.9977923",".3184599","-.2444187",".2203328","-1.109316",".2673821"
"_U_urXyea_1_1973","-.1107563",".090921","-1.218159",".2232584","-.4568158",".2652993","-1.721888",".0851919","-.4074643",".198134","-2.056508",".0398191"
"_U_urXyea_1_1974","-.0840675",".0837406","-1.003904",".3155052","-.2239222",".1639422","-1.365861",".1720841","-.1637997",".1140568","-1.436124",".1510704"
"_U_urXyea_1_1975","-.1082447",".0837044","-1.293177",".1960485","-.3826533",".1702899","-2.24707",".0247073","-.3161135",".133646","-2.365304",".018078"
"_U_urXyea_1_1976","-.0954049",".0777674","-1.226798",".2199939","-.24398",".1594956","-1.529698",".1261961","-.1996758",".092822","-2.15117",".0315417"
"_U_urXyea_1_1977","-.0969908",".0671458","-1.44448",".1487076","-.3359106",".2108525","-1.593107",".1112406","-.2792683",".1188289","-2.350171",".0188287"
"_U_urXyea_1_1978","-.0606917",".0579541","-1.047238",".2950737","-.4396981",".2361411","-1.862014",".0626979","-.3719392",".1342137","-2.771247",".0056183"
"_U_urXyea_1_1979","-.0964812",".0565697","-1.705527",".0881988","-.3892883",".2424936","-1.605355",".10852","-.313917",".1533854","-2.04659",".0407846"
"_U_urXyea_1_1980","-.0748113",".0531055","-1.40873",".1590179","-.1315672",".1104905","-1.190756",".2338427","-.0587386",".1166431","-.5035751",".6145967"
"_U_urXyea_1_1981","-.0288617",".0343836","-.8394007",".4013108","-.2074056",".1436671","-1.443654",".1489398","-.1373356",".0810881","-1.693658",".0904331"
"_U_urXyea_1_1982","-.025759",".0500949","-.5142034",".6071473","-.1669789",".1587722","-1.051688",".2930265","-.0941904",".0963116","-.9779749",".3281649"
"_U_urXyea_1_1983","-.0604923",".0479204","-1.26235",".2069201","-.2872951",".1868282","-1.537751",".1242141","-.2117882",".102393","-2.068386",".0386885"
"_U_urXyea_1_1984","-.0149183",".0372706","-.4002708",".6889853","-.269032",".2094799","-1.284285",".1991404","-.1908066",".0920511","-2.072833",".0382723"
"_U_urXyea_1_1985","-.0511486",".0471814","-1.084082",".2784146","-.3205627",".2305338","-1.390524",".1644722","-.2396188",".1075921","-2.227104",".0260136"
"_U_urXyea_1_1986","-.0142108",".0343645","-.4135311",".6792468","-.2658943",".2088164","-1.27334",".2029951","-.182232",".0832367","-2.189324",".0286494"
"_U_urXyea_1_1987","-.0554633",".047392","-1.170308",".241969","-.2687134",".1483581","-1.811249",".0702014","-.1823326",".1111961","-1.639739",".1011634"
"_U_urXyea_1_1988","-.0565651",".0487902","-1.159353",".246404","-.224049",".2056696","-1.089364",".2760802","-.1349498",".0874375","-1.543386",".1228418"
"_U_urXyea_2_1961",".0145311",".0322145",".4510738",".6519687","-.3472937",".2535999","-1.369455",".1709587","-.3470104",".2487969","-1.394754",".1631924"
"_U_urXyea_2_1962",".0218762",".0294165",".7436693",".4571343",".0110769",".0709188",".1561918",".8758923",".0608475",".0720448",".8445785",".398413"
"_U_urXyea_2_1963",".0632253",".0357626","1.767914",".077176",".218944",".2128341","1.028707",".3036994",".2525467",".2602236",".9704989",".3318754"
"_U_urXyea_2_1964",".127692",".0555973","2.296733",".021702","-.1534822",".0997748","-1.538287",".1240831","-.0961019",".1126275","-.8532726",".3935757"
"_U_urXyea_2_1965",".1801978",".0756304","2.382613",".0172517","-.0114138",".106267","-.1074071",".9144731",".0614624",".0878948",".699272",".4844358"
"_U_urXyea_2_1966",".1772382",".0842935","2.102631",".0355804",".0547118",".1387624",".3942838",".6933993",".1526312",".1960586",".7784979",".4363364"
"_U_urXyea_2_1967",".1862551",".079829","2.333178",".019704",".0307244",".2349787",".1307538",".8959787",".1284982",".3004388",".4277018",".6688987"
"_U_urXyea_2_1968",".1541114",".0687774","2.240727",".025116","-.4859384",".278489","-1.74491",".081102","-.3785894",".2280591","-1.66005",".097008"
"_U_urXyea_2_1969",".0527369",".0847344",".6223794",".5337393","-.4726738",".3448535","-1.370651",".1705854","-.3579144",".2779182","-1.287841",".1978998"
"_U_urXyea_2_1970",".0247772",".1000437",".2476634",".8044117",".0405833",".1189015",".3413189",".7328872",".1588441",".1495085","1.062442",".28812"
"_U_urXyea_2_1971",".0280604",".1153127",".2433415",".8077573","-.640465",".4110726","-1.558034",".1193298","-.5128513",".3372221","-1.520812",".1284116"
"_U_urXyea_2_1972","-.0650808",".1389873","-.4682504",".6396393","-.368501",".3427196","-1.075226",".2823594","-.2370438",".2631634","-.9007477",".3677942"
"_U_urXyea_2_1973","-.1208169",".1519758","-.7949742",".4266908","-.6080901",".3123212","-1.947002",".0516268","-.4821808",".2490997","-1.935694",".0529983"
"_U_urXyea_2_1974","-.1194726",".1453156","-.8221597",".4110508","-.3350449",".2094836","-1.599385",".1098395","-.1934452",".1656127","-1.168058",".2428755"
"_U_urXyea_2_1975","-.1408829",".0981888","-1.434816",".1514427","-.3609447",".1944983","-1.855773",".0635831","-.2168684",".1557706","-1.392229",".1639553"
"_U_urXyea_2_1976","-.1278306",".0882933","-1.447795",".1477779","-.2687739",".1783533","-1.506974",".1319216","-.1449426",".1118665","-1.295675",".1951864"
"_U_urXyea_2_1977","-.1095374",".080912","-1.353785",".1759061","-.2851437",".2327974","-1.224857",".2207243","-.1487377",".1369721","-1.085898",".2776107"
"_U_urXyea_2_1978","-.0508741",".0573689","-.8867876",".3752638","-.3998759",".2651763","-1.507962",".1316685","-.2694216",".1631744","-1.651127",".0988165"
"_U_urXyea_2_1979","-.0196015",".0519324","-.3774427",".7058711","-.3267074",".2774693","-1.177454",".2391067","-.1974901",".1907798","-1.035173",".3006709"
"_U_urXyea_2_1980",".0192895",".0490643",".3931473",".6942384",".0245699",".1310041",".1875505",".8512416",".1522737",".1304198","1.167566",".2430738"
"_U_urXyea_2_1981","-.0022292",".0470606","-.0473697",".9622217","-.1626087",".1681985","-.9667668",".3337379","-.0294238",".1029371","-.2858426",".7750182"
"_U_urXyea_2_1982",".0183108",".0464881",".3938814",".6936964","-.0604009",".1750631","-.3450237",".7301005",".077462",".1072607",".7221844",".4702369"
"_U_urXyea_2_1983",".0063458",".0522227",".1215141",".9032919","-.2097197",".210779","-.9949743",".3198283","-.0671787",".1262329","-.5321806",".59464"
"_U_urXyea_2_1984","-.0269241",".0469651","-.5732784",".5664988","-.2106908",".2324761","-.9062902",".3648544","-.0634718",".1043675","-.6081569",".5431291"
"_U_urXyea_2_1985",".0077062",".0470549",".163771",".8699224","-.2551539",".2582702","-.987934",".323264","-.1032568",".1352136","-.7636568",".4451313"
"_U_urXyea_2_1986",".025526",".0523899",".4872312",".6261298","-.2106635",".2369383","-.8891069",".3740163","-.0540884",".1119567","-.4831189",".6290463"
"_U_urXyea_2_1987","-.0139539",".0453705","-.3075542",".7584428","-.1911979",".1655289","-1.155072",".2481521","-.0299447",".1145697","-.2613663",".7938278"
"_U_urXyea_2_1988","-.0194348",".0463474","-.41933",".6750047","-.1058844",".2263052","-.4678831",".6399019",".0600469",".0901116",".6663613",".505231"
"_U_urXyea_3_1961","-.016231",".044172","-.3674487",".7133101","-.2656087",".2651975","-1.001551",".3166407","-.2729187",".2584078","-1.056155",".2909817"
"_U_urXyea_3_1962","-.001027",".0566039","-.0181444",".9855248",".1359258",".1177889","1.153978",".2486005",".178356",".1146549","1.555589",".1199104"
"_U_urXyea_3_1963",".1171599",".0811592","1.443581",".1489603",".2609331",".224361","1.163006",".2449189",".3238272",".274225","1.180881",".2377426"
"_U_urXyea_3_1964",".3556083",".1721222","2.066022",".0389113",".0557727",".1479118",".3770672",".7061501",".2374022",".1672626","1.419338",".1559036"
"_U_urXyea_3_1965",".3923305",".1814729","2.161923",".0307023",".2463378",".1452022","1.696515",".0898912",".4385364",".141561","3.097862",".0019671"
"_U_urXyea_3_1966",".3104129",".1833451","1.693053",".0905484","-.0027672",".1619815","-.0170832",".9863714",".2192299",".2237946",".9796032",".3273603"
"_U_urXyea_3_1967",".39623",".1784392","2.220532",".0264565","-.0373408",".2788169","-.133926",".89347",".2025936",".3484197",".5814643",".5609709"
"_U_urXyea_3_1968",".281825",".1598095","1.763506",".077916","-.6669726",".3479726","-1.916739",".0553652","-.3969082",".3178178","-1.248855",".2118149"
"_U_urXyea_3_1969",".0349351",".2380866",".1467327",".8833527","-.8734821",".3919408","-2.228607",".0259132","-.5917049",".3420507","-1.729875",".0837547"
"_U_urXyea_3_1970","-.0188139",".2555684","-.0736161",".9413208",".0757502",".1479392",".5120359",".6086633",".3650521",".1969587","1.853445",".0639159"
"_U_urXyea_3_1971","-.0341451",".2927443","-.1166379",".9071548","-.5383795",".4464824","-1.205825",".2279794","-.2369184",".3872939","-.6117278",".5407638"
"_U_urXyea_3_1972","-.3941391",".3653238","-1.078876",".280729","-.6271389",".4094891","-1.531515",".1257466","-.3232001",".35511","-.910141",".3628206"
"_U_urXyea_3_1973","-.3443194",".3630841","-.9483186",".343043","-.746023",".3915548","-1.905284",".0568379","-.4429694",".3558637","-1.244772",".2133118"
"_U_urXyea_3_1974","-.3439769",".3031455","-1.134692",".2565942","-.3104963",".2502416","-1.240786",".2147809",".0055604",".2309574",".0240752",".9807942"
"_U_urXyea_3_1975","-.3979058",".212679","-1.870922",".0614523","-.3272757",".240507","-1.360774",".1736863","-.0194188",".2201818","-.0881942",".9297282"
"_U_urXyea_3_1976","-.3810517",".2033094","-1.874245",".0609929","-.4685931",".2226027","-2.105065",".0353679","-.1745458",".1843779","-.9466741",".3438804"
"_U_urXyea_3_1977","-.3093862",".1730262","-1.788088",".0738618","-.3550012",".2763941","-1.284402",".1990995","-.0619305",".1919525","-.3226343",".7469945"
"_U_urXyea_3_1978","-.0570136",".1196919","-.4763365",".633869","-.2221774",".2991633","-.7426626",".4577436",".0205929",".2066344",".0996586",".920622"
"_U_urXyea_3_1979","-.0846836",".1154578","-.7334595",".4633351","-.1476015",".3133384","-.4710611",".6376311",".1006269",".2271448",".4430076",".6577919"
"_U_urXyea_3_1980","-.0708252",".1144441","-.6188633",".536053",".2102317",".2061539","1.01978",".3079142",".4594383",".2023393","2.270633",".0232392"
"_U_urXyea_3_1981","-.0282188",".1099617","-.2566242",".7974863","-.1014944",".2110429","-.4809185",".6306092",".1523346",".1806549",".8432352",".3991636"
"_U_urXyea_3_1982",".0098646",".116356",".0847791",".9324426",".0625845",".2357585",".2654604",".7906729",".3245781",".193913","1.673834",".0942666"
"_U_urXyea_3_1983","-.0506166",".112395","-.4503457",".6524935","-.3084228",".2417255","-1.275922",".2020812","-.0382646",".2047277","-.186905",".8517476"
"_U_urXyea_3_1984","-.05064",".1150595","-.4401197",".6598818","-.1308463",".2583855","-.5063997",".612613",".1474764",".1512412",".9751076",".3295848"
"_U_urXyea_3_1985","-.0642988",".1107359","-.5806495",".56152","-.2517094",".285373","-.8820363",".3778272",".034778",".1880271",".1849626",".8532708"
"_U_urXyea_3_1986","-.0410409",".1123397","-.3653284",".7148918","-.2579827",".2616676","-.9859174",".3242525",".0366692",".1716648",".2136095",".830866"
"_U_urXyea_3_1987","-.0420014",".1076127","-.3903014",".6963412","-.1873814",".1978659","-.9470125",".343708",".1154351",".2094496",".5511352",".5815817"
"_U_urXyea_3_1988","-.0845812",".1101563","-.7678292",".4426486","-.0004536",".262936","-.001725",".9986237",".3105275",".1557375","1.993917",".0462508"
"_U_urXyea_4_1961","-.4290815",".3006178","-1.427332",".1535873","-.6807958",".369473","-1.842613",".0654832","-.5915036",".3656813","-1.617538",".1058664"
"_U_urXyea_4_1962","-.5236311",".6609677","-.7922188",".4282952","-.2045994",".142094","-1.439888",".1500027",".0683107",".160085",".4267153",".6696171"
"_U_urXyea_4_1963",".801427",".7779313","1.030203",".3029971",".693735",".3187559","2.176383",".0296037","1.102917",".3932907","2.804329",".0050743"
"_U_urXyea_4_1964","1.101465","1.154251",".9542682",".3400241",".6657229",".2360813","2.819889",".0048353","1.265899",".2977519","4.251522",".0000219"
"_U_urXyea_4_1965","-.0742786",".5156188","-.1440571",".885465",".2266655",".2275015",".9963254",".3191717",".9094438",".2683596","3.3889",".0007107"
"_U_urXyea_4_1966","1.388638",".6738959","2.060613",".0394253",".7588994",".2309464","3.286041",".0010277","1.544109",".3321059","4.649448","3.47e-06"
"_U_urXyea_4_1967","2.711548","1.267349","2.139543",".0324715","1.51988",".3540684","4.292617",".0000182","2.394194",".4720942","5.071433","4.19e-07"
"_U_urXyea_4_1968","2.127687","1.14815","1.853144",".0639591",".72562",".4649061","1.560788",".1186783","1.690742",".4694883","3.601243",".0003218"
"_U_urXyea_4_1969","2.105811",".6777998","3.106833",".0019086",".4171804",".5335167",".7819443",".4343085","1.455394",".5159346","2.820888",".0048203"
"_U_urXyea_4_1970",".8450561",".844231","1.000977",".3169178",".8548865",".2467265","3.464916",".0005378","1.958002",".3411002","5.740253","1.04e-08"
"_U_urXyea_4_1971",".8888877","1.290424",".6888341",".4909805",".3571339",".62624",".5702829",".5685282","1.521836",".5981575","2.544207",".0110019"
"_U_urXyea_4_1972",".0607026","1.495607",".0405873",".9676276","-.2910851",".5654988","-.5147404",".606772",".9328359",".5073591","1.838611",".0660704"
"_U_urXyea_4_1973","1.438546","2.088569",".6887712",".4910201",".0521474",".5173292",".1008012",".9197149","1.3241",".4983733","2.656844",".007929"
"_U_urXyea_4_1974",".4849539","1.38009",".3513929",".7253181",".0213498",".3549372",".060151",".9520394","1.336347",".3553313","3.760849",".0001725"
"_U_urXyea_4_1975","-.3299237","1.138429","-.2898061",".7719844","-.0965844",".3387078","-.2851555",".7755446","1.257459",".2944679","4.270276",".0000201"
"_U_urXyea_4_1976","-.3414299",".9963427","-.3426832",".7318606","-.4467374",".2951079","-1.51381",".1301784",".9215025",".2708017","3.402868",".0006755"
"_U_urXyea_4_1977","-1.361633",".8870907","-1.534942",".1249026","-.8894103",".3677797","-2.418323",".0156509",".5161597",".302142","1.708335",".0876767"
"_U_urXyea_4_1978","-1.000864",".9270633","-1.079607",".2804032","-.5891388",".4033783","-1.460512",".1442532",".8301647",".3181068","2.609704",".0091067"
"_U_urXyea_4_1979","-.4627677",".9544436","-.484856",".6278136",".1551358",".4542606",".3415128",".7327413","1.642577",".3643861","4.507792","6.80e-06"
"_U_urXyea_4_1980","-1.405294",".991252","-1.417696",".1563825","-.2048894",".2373389","-.8632779",".3880531","1.349199",".2822899","4.779481","1.84e-06"
"_U_urXyea_4_1981","-.7313931",".9041598","-.8089201",".4186247","-.6160533",".2913801","-2.11426",".0345746","1.007652",".2719966","3.704649",".0002155"
"_U_urXyea_4_1982","-.996479",".6532551","-1.525406",".1272625","-.6532314",".3039767","-2.148952",".0317173","1.042275",".288868","3.608135",".0003134"
"_U_urXyea_4_1983",".0447143",".7472239",".0598406",".9522865","-.2500555",".3344015","-.7477702",".4546569","1.517252",".319873","4.743294","2.20e-06"
"_U_urXyea_4_1984","-1.492543",".6482631","-2.302372",".0213817","-.8574882",".3668758","-2.337271",".01949",".9816197",".3165824","3.100677",".0019486"
"_U_urXyea_4_1985","-.9654702",".6760912","-1.428018",".15339","-.6302275",".4022161","-1.566888",".1172455","1.280681",".3831868","3.342185",".0008413"
"_U_urXyea_4_1986","-1.051886",".6088098","-1.727775",".0841307","-.8158742",".3662223","-2.227811",".0259664","1.166835",".3531486","3.304092",".0009639"
"_U_urXyea_4_1987","-.8003149",".6873568","-1.164337",".2443793","-.4870299",".2791559","-1.744652",".081147","1.567481",".3488208","4.493656","7.26e-06"
"_U_urXyea_4_1988","-2.083586",".948332","-2.197106",".0280884","-.9760509",".365706","-2.66895",".0076495","1.150261",".3356622","3.426839",".0006188"
"_Ojoint_1",".9534062",".3309264","2.881022",".0039918",".7758419",".2495077","3.109491",".0018915","1.308737",".3437721","3.806991",".0001435"
"_Ojoint_2","-.0291429",".3367431","-.0865435",".9310401",".1781989",".1613865","1.104175",".2696052",".259564",".1708114","1.519594",".1287175"
"_Ojoint_4",".9900109",".6321625","1.56607",".1174367",".4041741",".2231947","1.810859",".0702618",".3987976",".2216299","1.799385",".0720574"
"_Ojoint_5","1.940745","1.016905","1.908483",".0564234","1.018116",".3964457","2.56811",".010273","1.048425",".3911354","2.680466",".0073918"
"_Ojoint_6","1.888618",".6707119","2.815841",".0048965","1.16199",".2968838","3.913955",".0000928","1.285951",".2889246","4.450819","8.86e-06"
"_Ojoint_7","1.077586",".4080859","2.640586",".0083188",".6977822",".2696934","2.587317",".0097189","1.048242",".2592675","4.043089",".0000541"
"_SstfXyea_4_1961","","","","",".5720735",".3337632","1.71401",".0866292",".6919112",".4028335","1.717611",".0859699"
"_SstfXyea_4_1962","","","","",".2245949",".1839075","1.221239",".2220908",".2807216",".2466314","1.138223",".2551174"
"_SstfXyea_4_1963","","","","",".2633735",".31753",".8294443",".4069185",".3541132",".3467661","1.021187",".3072473"
"_SstfXyea_4_1964","","","","",".009631",".1102011",".0873946",".9303636",".0319156",".1198871",".2662143",".7900923"
"_SstfXyea_4_1965","","","","",".1676665",".1565558","1.070969",".2842687",".2040206",".1860417","1.096639",".2728865"
"_SstfXyea_4_1966","","","","","-.1362109",".1536585","-.8864519",".3754445","-.1199101",".1371354","-.8743922",".3819741"
"_SstfXyea_4_1967","","","","","-.1377402",".2444683","-.5634277",".5731854","-.1185985",".2246695","-.52788",".5976213"
"_SstfXyea_4_1968","","","","",".0878239",".3123542",".2811677",".778601",".095177",".3685271",".2582632",".7962213"
"_SstfXyea_4_1969","","","","",".0662901",".4098622",".1617374",".8715234",".0615492",".4784756",".128636",".8976542"
"_SstfXyea_4_1970","","","","","-.3836606",".2442287","-1.570907",".1163088","-.3857323",".3049648","-1.264842",".2060253"
"_SstfXyea_4_1971","","","","",".2917518",".426232",".6844907",".4937178",".2868987",".5170279",".5548999",".5790042"
"_SstfXyea_4_1972","","","","",".1701341",".3476437",".4893922",".6245995",".1450768",".4574353",".3171527",".7511496"
"_SstfXyea_4_1973","","","","",".1179297",".3403666",".3464785",".7290072",".1060224",".470128",".2255181",".8215915"
"_SstfXyea_4_1974","","","","","-.0247545",".2239385","-.1105415",".9119873","-.0412286",".3690107","-.1117273",".911047"
"_SstfXyea_4_1975","","","","",".7089",".4777546","1.483816",".1379618",".6456228",".4637248","1.392254",".1639478"
"_SstfXyea_4_1976","","","","",".4170877",".2024434","2.060268",".0394582",".3864579",".3308064","1.16823",".2428061"
"_SstfXyea_4_1977","","","","",".5165598",".2820549","1.831416",".0671367",".4697826",".3865956","1.215178",".2243929"
"_SstfXyea_4_1978","","","","",".4118737",".2751159","1.497092",".1344737",".3986772",".4195077",".9503454",".3420127"
"_SstfXyea_4_1979","","","","",".088951",".2509008",".3545265",".722969",".0787738",".4529446",".1739148",".8619441"
"_SstfXyea_4_1980","","","","",".0779635",".1329573",".58638",".5576639",".0720793",".2987926",".2412352",".8093892"
"_SstfXyea_4_1981","","","","",".3380299",".20172","1.675738",".0938928",".3327459",".3483077",".9553216",".3394914"
"_SstfXyea_4_1982","","","","",".3163599",".2228332","1.419716",".1557934",".3105614",".3591362",".8647455",".387247"
"_SstfXyea_4_1983","","","","",".232925",".2030487","1.147139",".2514149",".226612",".4308671",".5259441",".5989656"
"_SstfXyea_4_1984","","","","",".7996184",".4291911","1.863082",".0625475",".7927909",".505145","1.569432",".1166518"
"_SstfXyea_4_1985","","","","",".5425804",".2962468","1.831515",".067122",".5352384",".5239471","1.02155",".3070754"
"_SstfXyea_4_1986","","","","",".5778997",".321055","1.800002",".0719598",".5700432",".4766957","1.195822",".2318597"
"_SstfXyea_4_1987","","","","",".6387087",".3367941","1.896437",".0579974",".6303378",".455558","1.383661",".1665644"
"_SstfXyea_4_1988","","","","",".8519488",".4781532","1.781749",".0748905",".8430633",".522059","1.614881",".1064406"
"_SstfXyea_5_1961","","","","",".4532552",".2658793","1.70474",".0883456",".4636875",".2735523","1.695059",".090167"
"_SstfXyea_5_1962","","","","","-.0201631",".0681436","-.2958915",".7673332","-.0546876",".0573264","-.9539688",".3401756"
"_SstfXyea_5_1963","","","","","-.1586252",".3384483","-.4686836",".6393296","-.1770407",".3682942","-.4807047",".6307612"
"_SstfXyea_5_1964","","","","",".1173818",".2093215",".5607728",".5749939",".1825232",".2253491",".8099575",".4180283"
"_SstfXyea_5_1965","","","","","-.0420735",".1288296","-.3265826",".7440062",".0232298",".1601992",".1450058",".8847159"
"_SstfXyea_5_1966","","","","","-.1050235",".2105013","-.4989211",".6178712","-.0537307",".228523","-.2351216",".8141302"
"_SstfXyea_5_1967","","","","",".0502006",".2910314",".172492",".8630623",".1073608",".2975733",".3607877",".7182834"
"_SstfXyea_5_1968","","","","",".4963034",".3780014","1.312967",".1892936",".5735414",".4400006","1.303501",".1925028"
"_SstfXyea_5_1969","","","","",".5195883",".4228208","1.228862",".2192192",".6031596",".4846349","1.244565",".2133882"
"_SstfXyea_5_1970","","","","","-.0664159",".1219799","-.5444826",".5861496",".0261365",".1801358",".1450935",".8846467"
"_SstfXyea_5_1971","","","","",".6074563",".4079942","1.488884",".136622",".70418",".4844185","1.45366",".1461442"
"_SstfXyea_5_1972","","","","",".1730451",".3679152",".4703397",".6381463",".2701927",".4512419",".5987756",".5493673"
"_SstfXyea_5_1973","","","","",".353083",".3847471",".9177016",".3588482",".4687018",".4733532",".9901734",".3221686"
"_SstfXyea_5_1974","","","","",".1182261",".2783937",".4246723",".6711057",".2359811",".3750221",".6292458",".5292357"
"_SstfXyea_5_1975","","","","",".0536336",".2563093",".2092533",".8342646",".1613926",".3508686",".4599802",".6455635"
"_SstfXyea_5_1976","","","","",".0605398",".2205827",".274454",".7837545",".2030566",".3464194",".5861583",".5578128"
"_SstfXyea_5_1977","","","","",".4009415",".2782992","1.440685",".1497772",".548442",".3653585","1.501106",".1334324"
"_SstfXyea_5_1978","","","","",".376985",".2903716","1.298285",".1942885",".4943784",".4364496","1.132727",".2574185"
"_SstfXyea_5_1979","","","","",".0914356",".2933368",".3117085",".7552835",".2197256",".4430605",".4959269",".619982"
"_SstfXyea_5_1980","","","","","-.0558422",".1650289","-.3383781",".7351017",".0854195",".3029941",".281918",".7780256"
"_SstfXyea_5_1981","","","","",".2294588",".1722225","1.332339",".182849",".3789099",".3030187","1.25045",".2112318"
"_SstfXyea_5_1982","","","","",".2036685",".2477267",".8221502",".4110562",".3601966",".4046163",".8902177",".3734198"
"_SstfXyea_5_1983","","","","",".2422225",".2018546","1.199985",".2302391",".4058276",".3726629","1.088994",".2762433"
"_SstfXyea_5_1984","","","","",".2876702",".2460988","1.168922",".2425273",".4583523",".3994812","1.147369",".2513199"
"_SstfXyea_5_1985","","","","",".1752486",".2607727",".6720357",".5016123",".3530077",".4647933",".759494",".4476163"
"_SstfXyea_5_1986","","","","",".1959841",".2369403",".8271453",".4082199",".3808202",".4474885",".8510168",".3948274"
"_SstfXyea_5_1987","","","","",".1523752",".1881959",".8096627",".4181977",".3442883",".4111789",".8373201",".4024788"
"_SstfXyea_5_1988","","","","",".0849415",".2231196",".3806994",".7034531",".2839316",".435713",".6516483",".5146776"
"_SstfXyea_6_1961","","","","","-1.14162",".8150004","-1.40076",".1613883","-.8233571",".6919913","-1.189837",".2342036"
"_SstfXyea_6_1962","","","","","-1.887997","1.097361","-1.720488",".085446","-1.464114",".9755963","-1.500738",".1335277"
"_SstfXyea_6_1963","","","","","-.3402981",".4179763","-.8141563",".4156195",".158989",".5159343",".3081574",".7579838"
"_SstfXyea_6_1964","","","","","-.5707844",".3286825","-1.736583",".0825626","-.059465",".2697761","-.2204235",".8255562"
"_SstfXyea_6_1965","","","","","-.7075988",".3942147","-1.794958",".0727602","-.066287",".2862514","-.2315691",".8168884"
"_SstfXyea_6_1966","","","","",".0846858",".3787617",".2235858",".8230947",".8134907",".2952363","2.755389",".0058973"
"_SstfXyea_6_1967","","","","","2.509514","1.636826","1.533158",".1253414","3.324153","1.926786","1.725232",".0845877"
"_SstfXyea_6_1968","","","","","4.72575","2.3912","1.976308",".0482105","5.621385","2.723221","2.064241",".0390799"
"_SstfXyea_6_1969","","","","","3.93817","1.614519","2.439222",".014776","4.907917","1.974884","2.485167",".0130027"
"_SstfXyea_6_1970","","","","",".3995511",".4097199",".9751811",".3295484","1.459813",".690946","2.112774",".0347018"
"_SstfXyea_6_1971","","","","","2.721537","1.341626","2.028537",".0425929","3.880246","1.779754","2.180214",".0293184"
"_SstfXyea_6_1972","","","","","-3.779857","2.074215","-1.822307",".0685071","-2.568226","1.642977","-1.563154",".1181209"
"_SstfXyea_6_1973","","","","","-3.654267","2.296034","-1.591556",".111589","-2.351387","1.80724","-1.301093",".1933256"
"_SstfXyea_6_1974","","","","","-3.420932","1.91397","-1.787349",".0739812","-2.009112","1.381676","-1.454113",".1460188"
"_SstfXyea_6_1975","","","","","-2.587718","1.577623","-1.640264",".1010542","-1.178746","1.069396","-1.102254",".270439"
"_SstfXyea_6_1976","","","","","-1.32577","1.044115","-1.269755",".2042697",".1713553",".5557678",".3083217",".7578588"
"_SstfXyea_6_1977","","","","","-1.867635","1.544696","-1.209063",".2267331","-.2657235",".9506292","-.2795238",".779862"
"_SstfXyea_6_1978","","","","","-1.764104","1.29143","-1.366008",".172038","-.0288859",".7268831","-.0397395",".9683035"
"_SstfXyea_6_1979","","","","","-3.144005","1.913508","-1.643058",".1004747","-1.313443","1.21784","-1.078502",".2808956"
"_SstfXyea_6_1980","","","","","-3.25334","1.659017","-1.961005",".0499701","-1.323866",".9045025","-1.46364",".1433963"
"_SstfXyea_6_1981","","","","","-1.166202","1.097667","-1.062437",".2881221",".8590167",".524172","1.638807",".1013574"
"_SstfXyea_6_1982","","","","","-2.353136","1.93761","-1.214453",".2246696","-.2344446","1.131329","-.2072294",".8358447"
"_SstfXyea_6_1983","","","","","-.1642602",".4414569","-.3720866",".7098545","2.047904",".876316","2.336947",".0195068"
"_SstfXyea_6_1984","","","","","-.6314964",".7837285","-.8057592",".420445","1.67414",".6155234","2.719865",".0065682"
"_SstfXyea_6_1985","","","","","-.1665988",".6622469","-.2515659",".8013937","2.232511",".7510636","2.972466",".0029775"
"_SstfXyea_6_1986","","","","",".3018155",".9509896",".3173699",".7509848","2.794398",".8447106","3.308113",".0009503"
"_SstfXyea_6_1987","","","","","2.459488","1.088323","2.259887",".0238991","5.045544","2.182156","2.312183",".0208344"
"_SstfXyea_6_1988","","","","","-.3524972",".8676207","-.4062803",".6845654","2.327031",".6992764","3.32777",".0008859"
"_SstfXyea_8_1961","","","","",".6367245",".3525125","1.806247",".0709791",".6112774",".360399","1.696113",".0899673"
"_SstfXyea_8_1962","","","","",".177759",".1285077","1.383256",".1666886",".0377735",".1365088",".2767108",".7820211"
"_SstfXyea_8_1963","","","","","-.2376539",".3528837","-.6734624",".5007046","-.1396639",".4269745","-.3271012",".7436139"
"_SstfXyea_8_1964","","","","","-.1885576",".2405989","-.783701",".4332769","-.2134177",".3138303","-.6800417",".4965301"
"_SstfXyea_8_1965","","","","",".19211",".2352792",".816519",".4142676",".1464619",".3234809",".4527682",".6507481"
"_SstfXyea_8_1966","","","","","-.1651895",".2166037","-.7626348",".4457407","-.2506305",".254241","-.9857989",".3243106"
"_SstfXyea_8_1967","","","","","-.8386399",".3706921","-2.262363",".0237456","-.8952266",".4362692","-2.052005",".040255"
"_SstfXyea_8_1968","","","","","-.3520946",".3988876","-.8826913",".3774732","-.4337499",".4621492","-.9385496",".3480369"
"_SstfXyea_8_1969","","","","","-.0673241",".460394","-.1462314",".8837485","-.1609464",".5278428","-.3049135",".760453"
"_SstfXyea_8_1970","","","","","-.5205003",".2010791","-2.588535",".0096847","-.6184039",".3045476","-2.030566",".0423864"
"_SstfXyea_8_1971","","","","","-.436084",".5872277","-.7426149",".4577725","-.5599157",".6291345","-.8899778",".3735486"
"_SstfXyea_8_1972","","","","",".1381231",".4819104",".2866157",".7744262",".0153014",".5367787",".028506",".9772604"
"_SstfXyea_8_1973","","","","","-.1552317",".4376554","-.3546894",".722847","-.2664645",".4936959","-.5397341",".5894202"
"_SstfXyea_8_1974","","","","","-.1409232",".3903177","-.3610475",".7180891","-.3010214",".3877618","-.7763049",".4376296"
"_SstfXyea_8_1975","","","","",".515723",".3191165","1.616096",".1061777",".3752375",".4618206",".8125178",".4165585"
"_SstfXyea_8_1976","","","","",".1697611",".2658393",".6385854",".523141",".07239",".3563475",".2031444",".8390358"
"_SstfXyea_8_1977","","","","",".9154728",".3287523","2.784689",".0053912",".6850232",".4399979","1.556878",".1196039"
"_SstfXyea_8_1978","","","","","1.270008",".4589566","2.767163",".005689","1.083957",".6139153","1.765647",".077556"
"_SstfXyea_8_1979","","","","","-.0666064",".4152082","-.1604169",".8725634","-.259569",".5134065","-.5055817",".6131871"
"_SstfXyea_8_1980","","","","","1.551847",".5587635","2.777287",".0055152","1.353511",".7237188","1.870217",".0615502"
"_SstfXyea_8_1981","","","","",".617079",".2418046","2.551973",".0107602",".4102671",".3886256","1.055687",".2911953"
"_SstfXyea_8_1982","","","","",".6395365",".2573364","2.485216",".0130009",".4221721",".4013317","1.051928",".2929166"
"_SstfXyea_8_1983","","","","",".2988659",".2870361","1.041214",".2978596",".070949",".4474528",".1585619",".8740246"
"_SstfXyea_8_1984","","","","",".8370962",".3277296","2.554228",".0106909",".5986268",".4944848","1.210607",".2261406"
"_SstfXyea_8_1985","","","","",".6398254",".3632276","1.7615",".0782548",".3908035",".5400806",".7236021",".469366"
"_SstfXyea_8_1986","","","","",".8204693",".3270942","2.508358",".0121813",".560895",".5172784","1.084319",".2783096"
"_SstfXyea_8_1987","","","","",".5059474",".2291989","2.20746",".0273567",".2358205",".4421356",".5333669",".5938188"
"_SstfXyea_8_1988","","","","","1.596107",".44938","3.551799",".0003884","1.315428",".6746602","1.949763",".0512966"
"_SstfXyea_9_1961","","","","",".8357972",".3874464","2.157194",".031069",".9659529",".4537045","2.129035",".0333319"
"_SstfXyea_9_1962","","","","",".3661512",".2049485","1.786552",".0741099",".3926679",".3001433","1.308268",".1908817"
"_SstfXyea_9_1963","","","","","-.2942774",".3679043","-.799875",".423846","-.1934755",".4482124","-.4316603",".6660191"
"_SstfXyea_9_1964","","","","","-.0653365",".2397583","-.2725099",".7852486",".0597766",".2497875",".2393099",".8108815"
"_SstfXyea_9_1965","","","","",".9793155",".3026986","3.235282",".0012283","1.122332",".3052184","3.677144",".00024"
"_SstfXyea_9_1966","","","","","-.2194991",".2291015","-.9580866",".3380957","-.1022817",".2383366","-.4291479",".6678462"
"_SstfXyea_9_1967","","","","","-.8625486",".3650174","-2.363034",".0181889","-.7357668",".3704374","-1.986211",".0471"
"_SstfXyea_9_1968","","","","",".4554331",".4937178",".9224563",".3563642",".5922148",".5232163","1.131874",".2577772"
"_SstfXyea_9_1969","","","","",".7265124",".7482162",".9709927",".3316295",".8545901",".7831431","1.091231",".2752581"
"_SstfXyea_9_1970","","","","","-.3512005",".4073952","-.8620634",".3887209","-.2143625",".4382511","-.4891316",".624784"
"_SstfXyea_9_1971","","","","",".2694291",".7235434",".3723745",".7096401",".4072579",".7647857",".5325124",".5944103"
"_SstfXyea_9_1972","","","","",".0492234",".4945553",".0995305",".9207236",".1607788",".5560805",".2891286",".7725028"
"_SstfXyea_9_1973","","","","","-.2546712",".4436168","-.5740792",".5659569","-.1181819",".5059867","-.2335672",".8153368"
"_SstfXyea_9_1974","","","","","-.303219",".3108912","-.9753222",".3294784","-.165768",".3799857","-.4362479",".662688"
"_SstfXyea_9_1975","","","","",".2244007",".4786111",".4688581",".6392048",".2949941",".4893028",".6028866",".5466293"
"_SstfXyea_9_1976","","","","",".8711774",".6814884","1.278345",".2012258",".9988197",".6679163","1.495426",".1349075"
"_SstfXyea_9_1977","","","","","1.665491",".5559168","2.995936",".0027582","1.761636",".6295968","2.798038",".0051739"
"_SstfXyea_9_1978","","","","",".6353431",".372701","1.704699",".0883532",".7215139",".488107","1.478188",".1394615"
"_SstfXyea_9_1979","","","","",".2635365",".5000059",".5270669",".5981858",".3556943",".5920135",".6008214",".548004"
"_SstfXyea_9_1980","","","","",".2435551",".215296","1.131257",".2580367",".3434029",".3249016","1.056944",".2906213"
"_SstfXyea_9_1981","","","","","1.538405",".7783988","1.976371",".0482035","1.64289",".842497","1.950025",".0512654"
"_SstfXyea_9_1982","","","","",".9582777",".3589447","2.669709",".0076323","1.065139",".4625283","2.302863",".0213541"
"_SstfXyea_9_1983","","","","",".6349725",".3873028","1.639473",".1012187",".7442103",".5156593","1.443221",".1490618"
"_SstfXyea_9_1984","","","","",".8694343",".3312325","2.624846",".0087124",".9810483",".4750796","2.065019",".0390062"
"_SstfXyea_9_1985","","","","",".9797343",".4505787","2.174391",".029753","1.093725",".5873156","1.862243",".0626656"
"_SstfXyea_9_1986","","","","","1.15008",".4206605","2.733985",".0062937","1.266446",".5656404","2.23896",".0252309"
"_SstfXyea_9_1987","","","","",".8670747",".3459632","2.506263",".0122536",".9858177",".4812974","2.048251",".0406216"
"_SstfXyea_9_1988","","","","","1.283424",".4215368","3.044631",".0023497","1.404543",".5407987","2.597164",".0094452"
"_SstfXyea_10_1961","","","","",".5497923",".3203547","1.716198",".0862281",".5406933",".3245361","1.66605",".095807"
"_SstfXyea_10_1962","","","","",".1374938",".101727","1.351596",".1766057",".0415587",".0933781",".4450577",".6563099"
"_SstfXyea_10_1963","","","","",".013209",".3356301",".0393558",".9686093",".2687623",".3931638",".6835887",".4942873"
"_SstfXyea_10_1964","","","","",".1515177",".2682718",".5647918",".5722573",".3474248",".3581001",".9701891",".3320298"
"_SstfXyea_10_1965","","","","",".4324134",".1987702","2.175444",".029674",".6271119",".2864228","2.189462",".0286394"
"_SstfXyea_10_1966","","","","",".2057095",".3331771",".6174181",".5370054",".3751434",".4274097",".8777139",".3801687"
"_SstfXyea_10_1967","","","","","-.0821876",".5938504","-.1383978",".8899353",".1433431",".6930618",".2068259",".8361598"
"_SstfXyea_10_1968","","","","",".0755401",".462153",".1634525",".8701731",".2968982",".5960323",".4981243",".6184326"
"_SstfXyea_10_1969","","","","","1.409226",".5558454","2.535284",".0112856","1.631701",".5155957","3.16469",".0015679"
"_SstfXyea_10_1970","","","","","-.2051052",".2770635","-.7402822",".4591862",".0235019",".4335074",".0542135",".9567687"
"_SstfXyea_10_1971","","","","","-.1613307",".6051101","-.2666138",".7897847",".0421007",".7417129",".0567615",".9547389"
"_SstfXyea_10_1972","","","","",".0921916",".4227182",".2180922",".827372",".3033026",".5220491",".5809849",".5612939"
"_SstfXyea_10_1973","","","","","-.0454964",".4216519","-.1079004",".9140819",".1849223",".5714001",".3236301",".7462405"
"_SstfXyea_10_1974","","","","","-.2440466",".2860786","-.8530753",".3936851","-.0775221",".4371814","-.1773225",".8592669"
"_SstfXyea_10_1975","","","","",".4784727",".2943961","1.625268",".1042096",".6637807",".3066837","2.164382",".030513"
"_SstfXyea_10_1976","","","","",".290135",".3003594",".9659593",".3341417",".5206445",".5030669","1.034941",".3007792"
"_SstfXyea_10_1977","","","","",".7266969",".3323443","2.186579",".0288496",".7846269",".395005","1.986372",".0470821"
"_SstfXyea_10_1978","","","","",".5929917",".3211418","1.84651",".0649157",".6826462",".4518616","1.510742",".1309587"
"_SstfXyea_10_1979","","","","",".1347509",".3615271",".3727269",".7093778",".2255975",".5585995",".4038627",".6863422"
"_SstfXyea_10_1980","","","","",".2401209",".1768723","1.357594",".1746936",".3372215",".3261808","1.033848",".3012897"
"_SstfXyea_10_1981","","","","",".5130526",".2386524","2.14979",".0316508",".6147511",".3418801","1.798149",".0722531"
"_SstfXyea_10_1982","","","","","1.106007",".5024248","2.201338",".0277874","1.208762",".4136482","2.922197",".0035015"
"_SstfXyea_10_1983","","","","",".9186314",".3877813","2.368942",".0179015","1.022443",".4026552","2.539251",".0111587"
"_SstfXyea_10_1984","","","","",".6803646",".3351218","2.030201",".0424234",".785232",".4369903","1.796909",".0724497"
"_SstfXyea_10_1985","","","","",".5680308",".3282009","1.730741",".0835999",".6739545",".4976301","1.354328",".1757328"
"_SstfXyea_10_1986","","","","",".6546118",".332834","1.966782",".0492996",".7615917",".4635601","1.642919",".1005035"
"_SstfXyea_10_1987","","","","",".4624899",".2127857","2.173501",".0298199",".5705262",".4280317","1.332906",".1826629"
"_SstfXyea_10_1988","","","","",".7315084",".359571","2.034392",".0419991",".840601",".4498226","1.868739",".0617557"
"_SstfXyea_11_1961","","","","","1.278439",".3867219","3.305835",".000958","1.765019",".4295285","4.109201",".0000408"
"_SstfXyea_11_1962","","","","","-1.197758",".2120123","-5.649473","1.76e-08","-.7704531",".2567959","-3.000255",".0027195"
"_SstfXyea_11_1963","","","","","-3.096092",".3798354","-8.15114","5.22e-16","-2.680717",".4114316","-6.515583","8.45e-11"
"_SstfXyea_11_1964","","","","",".9319201",".2622757","3.553207",".0003864","1.280643",".2667687","4.800574","1.66e-06"
"_SstfXyea_11_1965","","","","","-1.450824",".234821","-6.178423","7.34e-10","-.978996",".2595141","-3.772419",".0001648"
"_SstfXyea_11_1966","","","","","-1.387232",".25636","-5.411264","6.75e-08","-.888117",".2875857","-3.088182",".0020321"
"_SstfXyea_11_1967","","","","","-3.148213",".3739113","-8.419678","5.75e-17","-2.61386",".3784115","-6.907452","5.99e-12"
"_SstfXyea_11_1968","","","","","-3.353952",".4176897","-8.02977","1.38e-15","-2.786065",".4669173","-5.966935","2.70e-09"
"_SstfXyea_11_1969","","","","","-1.659455",".5788388","-2.866869",".0041742","-1.076003",".612619","-1.756398",".0791217"
"_SstfXyea_11_1970","","","","","-.097161",".3025115","-.3211814",".7480951",".5457314",".3197839","1.706563",".0880059"
"_SstfXyea_11_1971","","","","","2.400592",".6252343","3.839507",".0001258","3.106239",".6747192","4.60375","4.32e-06"
"_SstfXyea_11_1972","","","","","-.0950629",".5770746","-.1647325",".8691656",".5820554",".6383972",".9117449",".3619757"
"_SstfXyea_11_1973","","","","",".5617046",".5212732","1.077563",".2813149","1.315133",".5728505","2.29577",".0217571"
"_SstfXyea_11_1974","","","","",".5925022",".3684192","1.608228",".1078895","1.427228",".4253753","3.355221",".0008028"
"_SstfXyea_11_1975","","","","","1.174644",".3469837","3.3853",".0007201","1.868167",".4868738","3.837067",".0001271"
"_SstfXyea_11_1976","","","","","5.524797",".2802988","19.71038","1.83e-81","6.328467",".4329141","14.6183","8.16e-47"
"_SstfXyea_11_1977","","","","","3.96747",".3462056","11.45987","8.56e-30","4.858151",".5073077","9.576341","2.02e-21"
"_SstfXyea_11_1978","","","","","1.667199",".3870679","4.307251",".0000171","2.668488",".5702941","4.679144","3.01e-06"
"_SstfXyea_11_1979","","","","","2.922924",".4615907","6.332285","2.77e-10","3.980419",".6566902","6.061334","1.52e-09"
"_SstfXyea_11_1980","","","","",".2829491",".2336415","1.21104",".2259748","1.398138",".4016988","3.480563",".0005074"
"_SstfXyea_11_1981","","","","","-.3058871",".2531637","-1.208258",".2270425",".8640275",".4617206","1.871321",".061397"
"_SstfXyea_11_1982","","","","",".7312911",".2670422","2.738485",".0062084","1.953747",".4778375","4.088726",".0000445"
"_SstfXyea_11_1983","","","","","-.6718849",".3050375","-2.202631",".0276959",".603112",".5308763","1.136069",".2560177"
"_SstfXyea_11_1984","","","","","-.0644521",".3384403","-.1904386",".8489782","1.263086",".5680305","2.223623",".0262474"
"_SstfXyea_11_1985","","","","","-1.291713",".3836529","-3.366879",".0007697",".0883664",".6000181",".1472729",".8829265"
"_SstfXyea_11_1986","","","","","2.893934",".3412712","8.479866","3.47e-17","4.326554",".5912343","7.317834","3.21e-13"
"_SstfXyea_11_1987","","","","",".5650895",".2386695","2.367665",".0179633","2.050251",".5315683","3.856985",".0001172"
"_SstfXyea_11_1988","","","","","-1.945889",".3339282","-5.827268","6.23e-09","-.4081866",".6058884","-.6736992",".500554"
"_SstfXyea_12_1961","","","","",".7281883",".426243","1.708388",".087667",".7189098",".4308033","1.668766",".0952672"
"_SstfXyea_12_1962","","","","",".4966016",".179199","2.77123",".0056186",".4491088",".1752161","2.563171",".01042"
"_SstfXyea_12_1963","","","","",".0642694",".3332042",".192883",".8470635",".0409631",".3698268",".1107629",".9118117"
"_SstfXyea_12_1964","","","","",".5584356",".231991","2.407143",".0161374",".5188435",".2401236","2.160736",".030794"
"_SstfXyea_12_1965","","","","",".1259597",".2978918",".422837",".6724443",".0748395",".3466166",".2159145",".829069"
"_SstfXyea_12_1966","","","","","-.0264586",".2433521","-.1087256",".9134273","-.0990255",".2874308","-.3445196",".7304795"
"_SstfXyea_12_1967","","","","","-.7748138",".5437312","-1.424994",".154262","-.8505212",".5992105","-1.419403",".1558845"
"_SstfXyea_12_1968","","","","","-.1474981",".4637186","-.3180766",".7504488","-.2340914",".5476219","-.427469",".6690682"
"_SstfXyea_12_1969","","","","",".447961",".4481371",".9996069",".3175807",".3562834",".5227255",".6815879",".4955517"
"_SstfXyea_12_1970","","","","","-.2767771",".3150142","-.8786176",".3796784","-.3718332",".3868368","-.9612147",".336521"
"_SstfXyea_12_1971","","","","",".7991372",".6428884","1.243042",".2139487",".6877031",".7007256",".9814158",".3264662"
"_SstfXyea_12_1972","","","","",".0392633",".5093515",".0770849",".9385611","-.0734755",".5939516","-.1237061",".9015562"
"_SstfXyea_12_1973","","","","",".4719705",".3637809","1.297403",".1945915",".3629229",".4624647",".7847581",".4326568"
"_SstfXyea_12_1974","","","","","-.1165467",".3919109","-.2973807",".7661963","-.2571425",".487688","-.5272684",".5980458"
"_SstfXyea_12_1975","","","","","-.2779451",".3330061","-.8346548",".403978","-.4153127",".4205454","-.9875573",".3234485"
"_SstfXyea_12_1976","","","","",".0443204",".3371199",".1314678",".895414","-.0783661",".4330482","-.1809639",".856408"
"_SstfXyea_12_1977","","","","",".3201152",".3749824",".8536807",".3933495",".1816593",".4624698",".3928026",".694493"
"_SstfXyea_12_1978","","","","",".3117888",".4372216",".7131138",".4758303",".1804054",".5254183",".3433558",".7313547"
"_SstfXyea_12_1979","","","","",".1146938",".3415694",".3357849",".7370564","-.0170849",".4570594","-.0373801",".9701844"
"_SstfXyea_12_1980","","","","","-.0625696",".3417458","-.1830881",".8547411","-.1926848",".4043684","-.4765082",".6337468"
"_SstfXyea_12_1981","","","","",".4870415",".4394555","1.108284",".2678272",".3548746",".4890739",".7256053",".4681369"
"_SstfXyea_12_1982","","","","",".3728905",".3709641","1.005193",".3148843",".2367492",".4371001",".5416361",".5881091"
"_SstfXyea_12_1983","","","","","-.0197078",".3712936","-.0530787",".9576727","-.1598235",".5004589","-.3193538",".7494803"
"_SstfXyea_12_1984","","","","",".4909062",".322712","1.52119",".1283167",".3468161",".4504372",".7699544",".4413871"
"_SstfXyea_12_1985","","","","",".26396",".4171763",".63273",".5269578",".1158955",".5512676",".2102345",".8334988"
"_SstfXyea_12_1986","","","","",".466652",".4125427","1.13116",".2580772",".3146131",".5432925",".5790861",".5625742"
"_SstfXyea_12_1987","","","","",".1733149",".3616136",".4792821",".6317726",".0173017",".4839465",".0357512",".9714831"
"_SstfXyea_12_1988","","","","",".2046989",".3463766",".5909722",".5545832",".0447113",".4842077",".0923391",".9264348"
"_SstfXyea_13_1961","","","","",".5341106",".3339517","1.599365",".1098439",".5362194",".341226","1.57145",".1161828"
"_SstfXyea_13_1962","","","","",".5227001",".3733961","1.399854",".1616595",".5549761",".4276071","1.297865",".1944328"
"_SstfXyea_13_1963","","","","",".4599018",".5974803",".7697356",".4415169",".4772288",".6512227",".7328196",".4637252"
"_SstfXyea_13_1964","","","","",".852079",".8428255","1.010979",".3121073",".8681373",".8785348",".9881648",".3231509"
"_SstfXyea_13_1965","","","","",".6853068",".6222735","1.101295",".2708559",".7000688",".6609505","1.059185",".2896001"
"_SstfXyea_13_1966","","","","","-.0651167",".193941","-.335755",".7370789","-.0272716",".2000066","-.1363533",".8915511"
"_SstfXyea_13_1967","","","","","-.2824014",".2751199","-1.026467",".3047537","-.2257676",".2703964","-.8349505",".4038115"
"_SstfXyea_13_1968","","","","",".1008413",".2989708",".3372949",".735918",".1621911",".3272517",".4956156",".6202017"
"_SstfXyea_13_1969","","","","",".4201134",".3552328","1.182642",".2370439",".4862349",".4106752","1.183989",".2365105"
"_SstfXyea_13_1970","","","","",".3280201",".443386",".7398071",".4594745",".4001737",".4949918",".808445",".418898"
"_SstfXyea_13_1971","","","","","1.040738",".6871159","1.514647",".1299664","1.124321",".7623715","1.474767",".1403791"
"_SstfXyea_13_1972","","","","",".4945983",".4518429","1.094624",".2737683",".5852998",".5330072","1.098109",".2722444"
"_SstfXyea_13_1973","","","","","1.01108",".6600805","1.531752",".1256881","1.102897",".7381125","1.494213",".1352244"
"_SstfXyea_13_1974","","","","",".7217366",".5147657","1.402068",".1609975",".824849",".5957087","1.384652",".1662611"
"_SstfXyea_13_1975","","","","","-.1107343",".2407145","-.4600234",".6455324","-.0001651",".3086975","-.0005347",".9995734"
"_SstfXyea_13_1976","","","","",".254438",".3117655",".8161199",".4144958",".3597302",".4096659",".8781062",".3799558"
"_SstfXyea_13_1977","","","","",".2636274",".2930273",".8996685",".3683683",".3822687",".4043085",".9454877",".3444854"
"_SstfXyea_13_1978","","","","",".109952",".3076473",".3573964",".72082",".2339307",".4049826",".5776316",".5635558"
"_SstfXyea_13_1979","","","","","-.1527344",".3105892","-.491757",".6229268","-.0199064",".3944472","-.0504667",".9597539"
"_SstfXyea_13_1980","","","","",".2491802",".3750849",".6643302",".5065296",".381171",".4832385",".7887844",".4302998"
"_SstfXyea_13_1981","","","","","-.1253979",".2596124","-.4830198",".6291166",".0039993",".3205699",".0124755",".9900471"
"_SstfXyea_13_1982","","","","","-.0462957",".2148962","-.2154329",".8294444",".088796",".3299482",".269121",".7878549"
"_SstfXyea_13_1983","","","","",".1848668",".2090798",".8841926",".3766625",".3256531",".3672614",".8867067",".3753073"
"_SstfXyea_13_1984","","","","","-.0240356",".3166672","-.0759018",".9395022",".1224453",".415436",".2947391",".7682134"
"_SstfXyea_13_1985","","","","",".7257919",".4324295","1.678405",".0933713",".8779673",".5973286","1.469823",".1417136"
"_SstfXyea_13_1986","","","","",".439956",".3558019","1.23652",".2163615",".597826",".5370684","1.113128",".2657418"
"_SstfXyea_13_1987","","","","",".2111247",".1949634","1.082894",".2789416",".3746893",".3853991",".9722111",".3310232"
"_SstfXyea_13_1988","","","","",".0040198",".2866664",".0140226",".9888129",".1732789",".4106915",".4219199",".6731134"
"_SstfXyea_16_1961","","","","",".3614655",".2525685","1.431158",".1524881",".3634329",".2563968","1.417463",".1564506"
"_SstfXyea_16_1962","","","","",".0075123",".0675702",".1111774",".9114831","-.0445881",".0571273","-.7805044",".4351551"
"_SstfXyea_16_1963","","","","","-.3159116",".2129418","-1.483558",".1380303","-.3786922",".2497622","-1.516211",".1295704"
"_SstfXyea_16_1964","","","","","-.1168957",".1385505","-.8437049",".398901","-.2446384",".2101126","-1.16432",".244386"
"_SstfXyea_16_1965","","","","","-.116054",".1147783","-1.011115",".3120422","-.2505778",".1744747","-1.436185",".1510531"
"_SstfXyea_16_1966","","","","","-.198906",".1637797","-1.214473",".2246621","-.3537892",".2439177","-1.450445",".1470382"
"_SstfXyea_16_1967","","","","","-.2618784",".2858358","-.9161848",".359643","-.4215448",".3585601","-1.17566",".2398232"
"_SstfXyea_16_1968","","","","",".1888152",".3333043",".5664948",".5710995",".017176",".4293867",".0400013",".9680947"
"_SstfXyea_16_1969","","","","",".313246",".3751447",".8350003",".4037835",".1396418",".4651485",".3002091",".7640383"
"_SstfXyea_16_1970","","","","","-.2380616",".1603561","-1.484581",".1377591","-.4091301",".295685","-1.383669",".166562"
"_SstfXyea_16_1971","","","","",".2975995",".4263448",".6980254",".4852149",".1264234",".5284721",".2392244",".8109478"
"_SstfXyea_16_1972","","","","",".3753724",".3381426","1.110101",".2670438",".2093102",".4236834",".494025",".6213244"
"_SstfXyea_16_1973","","","","",".6897527",".3428221","2.011985",".04431",".5358373",".396684","1.350791",".1768633"
"_SstfXyea_16_1974","","","","",".2022232",".1801969","1.122234",".261852",".0500572",".322745",".1550982",".8767543"
"_SstfXyea_16_1975","","","","",".2450105",".1754356","1.396583",".1626413",".1061404",".3131329",".3389629",".7346612"
"_SstfXyea_16_1976","","","","",".3325045",".1733941","1.917623",".0552529",".2227245",".3049698",".7303167",".4652532"
"_SstfXyea_16_1977","","","","",".412717",".2448326","1.685711",".0919546",".3109809",".3342506",".9303827",".3522472"
"_SstfXyea_16_1978","","","","",".3473139",".2612005","1.329683",".183723",".2794044",".3781438",".7388841",".4600347"
"_SstfXyea_16_1979","","","","",".1239076",".2459935",".5037028",".6145069",".0600029",".4162254",".1441595",".8853841"
"_SstfXyea_16_1980","","","","","-.0171086",".1284696","-.1331726",".8940658","-.0752724",".2725262","-.2762025",".7824114"
"_SstfXyea_16_1981","","","","",".2336155",".179217","1.303535",".1924914",".1769664",".3130872",".5652305",".5719589"
"_SstfXyea_16_1982","","","","",".1603746",".1990418",".805733",".4204602",".1040127",".3197634",".3252803",".7449915"
"_SstfXyea_16_1983","","","","",".2210147",".2060129","1.07282",".2834376",".1649402",".3975501",".4148915",".6782508"
"_SstfXyea_16_1984","","","","",".3165538",".2511799","1.260267",".2076701",".2607665",".3886895",".6708865",".5023441"
"_SstfXyea_16_1985","","","","",".4807883",".3054661","1.57395",".1156036",".4252883",".416673","1.020676",".3074894"
"_SstfXyea_16_1986","","","","",".3414483",".2495517","1.368247",".1713364",".2862356",".4151094",".6895425",".4905348"
"_SstfXyea_16_1987","","","","",".2372316",".173527","1.367117",".1716903",".1823062",".3935599",".4632235",".6432375"
"_SstfXyea_16_1988","","","","",".2708385",".2599578","1.041856",".2975617",".2162003",".4085268",".5292195",".596692"
"_SstfXyea_17_1961","","","","",".2751134",".3689864",".7455922",".4559717",".7974073",".4160401","1.91666",".0553752"
"_SstfXyea_17_1962","","","","","-5.996781","1.049953","-5.711478","1.23e-08","-5.41364",".9345458","-5.792803","7.63e-09"
"_SstfXyea_17_1963","","","","","-2.617932",".545535","-4.798834","1.67e-06","-1.915162",".4760204","-4.023278",".0000588"
"_SstfXyea_17_1964","","","","","-8.437729","1.424817","-5.921972","3.54e-09","-7.687883","1.264621","-6.079199","1.36e-09"
"_SstfXyea_17_1965","","","","","-4.542268",".8003314","-5.675485","1.51e-08","-3.558253",".6191997","-5.746535","1.00e-08"
"_SstfXyea_17_1966","","","","","4.723092",".7844025","6.021262","1.94e-09","5.84513","1.011659","5.777768","8.34e-09"
"_SstfXyea_17_1967","","","","","2.336393",".5659539","4.128239",".0000375","3.607627",".7865757","4.586498","4.69e-06"
"_SstfXyea_17_1968","","","","",".6921597",".408946","1.692545",".090645","2.107504",".5104072","4.129064",".0000374"
"_SstfXyea_17_1969","","","","","7.892581","1.345093","5.867685","4.90e-09","9.441974","1.649329","5.724738","1.14e-08"
"_SstfXyea_17_1970","","","","","1.563375",".385483","4.055625",".0000513","3.28152",".6897646","4.757448","2.05e-06"
"_SstfXyea_17_1971","","","","","-4.603581","1.064173","-4.325972",".0000157","-2.715038",".8272423","-3.282034",".0010423"
"_SstfXyea_17_1972","","","","","-4.030158","1.09483","-3.681082",".0002363","-2.045021",".826868","-2.473213",".013445"
"_SstfXyea_17_1973","","","","","-5.309365","1.090106","-4.870502","1.17e-06","-3.141188",".7675119","-4.09269",".0000438"
"_SstfXyea_17_1974","","","","","-5.319275","1.004483","-5.295538","1.27e-07","-2.965783",".6237518","-4.754748","2.08e-06"
"_SstfXyea_17_1975","","","","","-8.194304","1.43734","-5.701022","1.31e-08","-5.835454","1.043556","-5.591891","2.45e-08"
"_SstfXyea_17_1976","","","","","-7.024555","1.276367","-5.503554","4.03e-08","-4.453669",".8565498","-5.199544","2.13e-07"
"_SstfXyea_17_1977","","","","","-4.106886",".8627499","-4.760228","2.02e-06","-1.349801",".5513489","-2.448179",".0144144"
"_SstfXyea_17_1978","","","","","-8.49481","1.640006","-5.179742","2.37e-07","-5.51875","1.160028","-4.757428","2.05e-06"
"_SstfXyea_17_1979","","","","","-7.55039","1.386617","-5.445188","5.59e-08","-4.415392",".9371237","-4.711643","2.57e-06"
"_SstfXyea_17_1980","","","","","-8.865651","1.62266","-5.463653","5.04e-08","-5.562891","1.040694","-5.345369","9.69e-08"
"_SstfXyea_17_1981","","","","","-7.679792","1.427408","-5.380237","8.01e-08","-4.212319",".8522832","-4.942393","8.14e-07"
"_SstfXyea_17_1982","","","","","-5.130822","1.023302","-5.013988","5.64e-07","-1.500833",".5382068","-2.78858",".0053271"
"_SstfXyea_17_1983","","","","","-4.657164",".9290377","-5.012891","5.67e-07","-.8646597",".5407724","-1.598935",".1099395"
"_SstfXyea_17_1984","","","","","-4.131832",".8699566","-4.749469","2.13e-06","-.1768116",".5516034","-.3205411",".7485803"
"_SstfXyea_17_1985","","","","","-5.179338","1.029765","-5.029632","5.20e-07","-1.061801",".6105921","-1.738969",".0821418"
"_SstfXyea_17_1986","","","","","-4.961537","1.04983","-4.726037","2.39e-06","-.6814839",".6077781","-1.121271",".2622616"
"_SstfXyea_17_1987","","","","","-5.307287","1.000271","-5.305849","1.20e-07","-.8647189",".5431375","-1.592081",".111471"
"_SstfXyea_17_1988","","","","","-6.530823","1.267228","-5.15363","2.72e-07","-1.925738",".6744632","-2.855216",".00433"
"_SstfXyea_18_1961","","","","","1.302744",".3994021","3.261735",".0011196","1.281106",".4053043","3.160848",".0015886"
"_SstfXyea_18_1962","","","","",".5521111",".2938612","1.878816",".0603657",".4445143",".2903307","1.531062",".1258586"
"_SstfXyea_18_1963","","","","",".145079",".5908277",".2455522",".8060456","-.0267053",".6003115","-.0444858",".9645201"
"_SstfXyea_18_1964","","","","",".1586606",".2250164",".7051068",".4807981",".0575406",".2179247",".264039",".7917679"
"_SstfXyea_18_1965","","","","",".3885352",".217738","1.784416",".0744563",".4444548",".2291275","1.93977",".0525004"
"_SstfXyea_18_1966","","","","",".6408186",".5574681","1.149516",".2504341",".6709259",".5618832","1.194067",".2325455"
"_SstfXyea_18_1967","","","","","-.0201328",".3476001","-.0579193",".9538167","-.0146132",".3516342","-.0415578",".9668539"
"_SstfXyea_18_1968","","","","","1.195448",".8072555","1.480879",".1387428","1.207951",".8089512","1.493231",".1354809"
"_SstfXyea_18_1969","","","","","1.695625",".7966943","2.128326",".0333907","1.731351",".8214615","2.107647",".0351436"
"_SstfXyea_18_1970","","","","",".2191084",".5327985",".4112406",".6809253",".2532715",".5449811",".4647344",".6421551"
"_SstfXyea_18_1971","","","","","1.468768",".6140012","2.392126",".0168118","1.501752",".6624619","2.266926",".023465"
"_SstfXyea_18_1972","","","","","1.947132","1.26469","1.539613",".1237593","1.966871","1.29746","1.515939",".1296392"
"_SstfXyea_18_1973","","","","","1.589987",".5713361","2.782927",".0054205","1.60316",".6275225","2.554745",".0106751"
"_SstfXyea_18_1974","","","","","3.106683","1.912601","1.624323",".1044109","3.133186","1.931253","1.622359",".1048307"
"_SstfXyea_18_1975","","","","","1.328585","1.107657","1.199455",".2304449","1.335182","1.154028","1.156976",".2473736"
"_SstfXyea_18_1976","","","","","2.332946","1.585019","1.471872",".1411593","2.333914","1.611126","1.448623",".1475466"
"_SstfXyea_18_1977","","","","","3.379216","1.248233","2.7072",".0068235","3.399178","1.286005","2.643207",".0082548"
"_SstfXyea_18_1978","","","","","1.46991",".45832","3.207169",".0013545","1.439663",".5672952","2.537767",".011206"
"_SstfXyea_18_1979","","","","",".6995918",".6562714","1.06601",".2865042",".5755567",".7209687",".7983102",".4247531"
"_SstfXyea_18_1980","","","","","2.333224",".769926","3.030452",".0024625","2.201364",".7967379","2.762971",".0057624"
"_SstfXyea_18_1981","","","","","1.706738",".8391303","2.033936",".0420451","1.568022",".8791882","1.783489",".074607"
"_SstfXyea_18_1982","","","","","2.081083","1.103744","1.885476",".0594613","1.933206","1.133127","1.706081",".0880957"
"_SstfXyea_18_1983","","","","",".7670927",".3779155","2.029799",".0424643",".610055",".4966993","1.228218",".2194607"
"_SstfXyea_18_1984","","","","","1.498647",".3882152","3.860352",".0001156","1.332448",".5052481","2.637216",".0084017"
"_SstfXyea_18_1985","","","","","2.108974","1.124099","1.876146",".0607314","1.933614","1.18235","1.635399",".1020694"
"_SstfXyea_18_1986","","","","","1.160865",".4281846","2.711132",".0067433",".976344",".5621247","1.736882",".0825098"
"_SstfXyea_18_1987","","","","",".8756749",".3525744","2.48366",".0130577",".6819928",".4849796","1.40623",".1597585"
"_SstfXyea_18_1988","","","","",".9345558",".3216328","2.905661",".0036914",".7317125",".4732424","1.546169",".1221684"
"_SstfXyea_19_1961","","","","",".5840053",".3388884","1.723297",".084937",".5587066",".3462846","1.613432",".106755"
"_SstfXyea_19_1962","","","","",".357958",".2084064","1.717596",".0859727",".3936625",".3037579","1.295975",".1950831"
"_SstfXyea_19_1963","","","","","-.2531384",".3215496","-.7872453",".4312","-.2023948",".3690505","-.5484202",".5834439"
"_SstfXyea_19_1964","","","","","-.1458884",".1965038","-.7424204",".4578903","-.199147",".2281803","-.8727616",".3828623"
"_SstfXyea_19_1965","","","","",".1471998",".2010341",".732213",".4640953",".0698844",".2418543",".2889526",".7726375"
"_SstfXyea_19_1966","","","","",".2256005",".3779976",".5968305",".5506652",".1359486",".4434118",".3065967",".7591715"
"_SstfXyea_19_1967","","","","","-.8438157",".3421187","-2.466441",".0137013","-.9465315",".3378684","-2.80148",".0051192"
"_SstfXyea_19_1968","","","","","-.1648566",".3825632","-.4309264",".6665526","-.2961312",".4164874","-.7110209",".4771261"
"_SstfXyea_19_1969","","","","",".1525857",".45116",".3382075",".7352303",".0049467",".4840952",".0102185",".9918476"
"_SstfXyea_19_1970","","","","","-.2947998",".2002383","-1.472245",".1410587","-.4653931",".2655006","-1.752889",".0797223"
"_SstfXyea_19_1971","","","","","-.2557352",".5656963","-.4520716",".6512498","-.4407393",".6097001","-.7228789",".4698102"
"_SstfXyea_19_1972","","","","",".2044837",".4505858",".4538174",".6499928",".013478",".5036037",".0267631",".9786505"
"_SstfXyea_19_1973","","","","","-.0751786",".4308841","-.1744753",".8615036","-.2962567",".4887445","-.6061586",".5444549"
"_SstfXyea_19_1974","","","","","-.1679859",".2955105","-.5684601",".5697648","-.4001476",".356764","-1.121603",".2621203"
"_SstfXyea_19_1975","","","","","-.0797376",".270117","-.2951966",".767864","-.3034136",".3324745","-.9125921",".3615298"
"_SstfXyea_19_1976","","","","",".4473705",".2524488","1.772124",".0764746",".1722016",".347497",".4955484",".6202491"
"_SstfXyea_19_1977","","","","","1.156942",".4393286","2.633432",".0084957",".8541508",".5206265","1.640621",".10098"
"_SstfXyea_19_1978","","","","",".5576517",".3463542","1.610062",".1074886",".2839501",".44786",".6340155",".5261187"
"_SstfXyea_19_1979","","","","","-.0241606",".3704756","-.0652151",".948007","-.309204",".4711871","-.6562233",".5117303"
"_SstfXyea_19_1980","","","","",".5444954",".3387849","1.607201",".1081146",".2500788",".4129268",".605625",".5448092"
"_SstfXyea_19_1981","","","","",".5422575",".2286301","2.371768",".0177654",".2351932",".3407623",".6901973",".490123"
"_SstfXyea_19_1982","","","","","1.292744",".6122356","2.111514",".03481",".9707893",".6793271","1.429045",".1530944"
"_SstfXyea_19_1983","","","","",".6807597",".3740287","1.820074",".0688465",".3439149",".4984872",".6899172",".4902991"
"_SstfXyea_19_1984","","","","",".7335987",".3193892","2.29688",".0216936",".3818637",".4500682",".8484575",".3962504"
"_SstfXyea_19_1985","","","","",".5844681",".3452568","1.69285",".0905869",".2178428",".494182",".440815",".6593784"
"_SstfXyea_19_1986","","","","",".723373",".3171015","2.281204",".0226056",".3418575",".471453",".7251148",".4684377"
"_SstfXyea_19_1987","","","","",".4609091",".2186831","2.107658",".0351427",".0645034",".3917066",".1646728",".8692125"
"_SstfXyea_19_1988","","","","",".7951642",".3226526","2.464459",".0137772",".3838683",".4664955",".8228766",".410643"
"_SstfXyea_20_1961","","","","",".573353",".3345978","1.713559",".0867122",".5446078",".3418921","1.592923",".1112819"
"_SstfXyea_20_1962","","","","",".1261482",".1101753","1.144977",".2523093","-.0143174",".1137323","-.1258867",".89983"
"_SstfXyea_20_1963","","","","","-.4393825",".3085214","-1.424156",".1545045","-.546848",".3672013","-1.489232",".1365305"
"_SstfXyea_20_1964","","","","",".0208327",".2021916",".1030346",".9179424","-.1664183",".2023661","-.8223626",".4109354"
"_SstfXyea_20_1965","","","","","-.012923",".2036566","-.0634551",".9494083","-.2282389",".2730715","-.8358212",".4033215"
"_SstfXyea_20_1966","","","","","-.3479252",".2282484","-1.524327",".1275315","-.595767",".2986251","-1.995034",".0461287"
"_SstfXyea_20_1967","","","","","-.5464895",".3139845","-1.740499",".0818732","-.8092915",".3284857","-2.463704",".0138062"
"_SstfXyea_20_1968","","","","",".1151816",".3886993",".2963257",".7670017","-.1749685",".4202963","-.4162978",".6772216"
"_SstfXyea_20_1969","","","","",".0212286",".470143",".0451536",".9639879","-.2890334",".5444449","-.5308773",".5955428"
"_SstfXyea_20_1970","","","","","-.0827057",".2154816","-.3838181",".7011402","-.4040447",".2366265","-1.707521",".0878279"
"_SstfXyea_20_1971","","","","","-.1196155",".5524428","-.2165211",".8285962","-.4611453",".6216412","-.7418191",".4582545"
"_SstfXyea_20_1972","","","","",".4905609",".4887079","1.003792",".3155594",".13668",".5546192",".2464393",".8053589"
"_SstfXyea_20_1973","","","","",".3843542",".4590778",".8372311",".4025288",".0313838",".4899038",".0640612",".9489257"
"_SstfXyea_20_1974","","","","","-.0528214",".2708915","-.1949909",".8454131","-.4271208",".3493416","-1.222645",".221559"
"_SstfXyea_20_1975","","","","",".0372881",".2647558",".1408396",".8880061","-.338658",".3257693","-1.039564",".2986257"
"_SstfXyea_20_1976","","","","",".2968592",".2411482","1.231024",".2184095","-.0499478",".3349836","-.1491053",".8814805"
"_SstfXyea_20_1977","","","","",".9216695",".3862775","2.38603",".0170925",".5292484",".4511348","1.173149",".2408283"
"_SstfXyea_20_1978","","","","",".7367484",".4025144","1.830365",".0672936",".3553002",".4803116",".7397285",".4595222"
"_SstfXyea_20_1979","","","","","-.0417341",".3615439","-.1154331",".9081095","-.4384879",".4556519","-.962331",".3359603"
"_SstfXyea_20_1980","","","","",".2135712",".1759749","1.213646",".2249776","-.2037069",".2703079","-.7536106",".4511417"
"_SstfXyea_20_1981","","","","","1.13416",".5314256","2.134183",".032908",".7001315",".5526998","1.266748",".2053428"
"_SstfXyea_20_1982","","","","",".5013134",".2486602","2.016058",".0438821",".0483779",".3345117",".1446224",".8850186"
"_SstfXyea_20_1983","","","","",".2812965",".2713671","1.03659",".3000097","-.1905464",".4068211","-.4683789",".6395474"
"_SstfXyea_20_1984","","","","",".6963143",".3185628","2.185799",".0289067",".2055639",".4360413",".471432",".6373662"
"_SstfXyea_20_1985","","","","",".5540619",".3426907","1.616798",".106026",".044404",".4868277",".0912109",".927331"
"_SstfXyea_20_1986","","","","",".6873644",".3162974","2.173158",".0298457",".158799",".4603828",".3449282",".7301723"
"_SstfXyea_20_1987","","","","",".7447894",".3243772","2.29606",".0217405",".1973166",".4327247",".4559864",".6484325"
"_SstfXyea_20_1988","","","","",".7524542",".3220839","2.336206",".0195455",".1860739",".4473332",".4159627",".6774668"
"_SstfXyea_21_1961","","","","",".0990985",".3214847",".3082527",".7579113",".0953141",".3318105",".2872546",".773937"
"_SstfXyea_21_1962","","","","","-.2840824",".2025691","-1.402397",".1608993","-.359206",".2216991","-1.620241",".1052847"
"_SstfXyea_21_1963","","","","","-.4088757",".2548321","-1.604491",".1087103","-.5069994",".2876126","-1.762786",".0780376"
"_SstfXyea_21_1964","","","","","-.425294",".4170284","-1.01982",".3078953","-.5143295",".4755447","-1.081559",".2795349"
"_SstfXyea_21_1965","","","","","-.5044266",".372121","-1.355545",".1753452","-.5967394",".4355222","-1.37017",".1707355"
"_SstfXyea_21_1966","","","","","-.7590833",".4720198","-1.60816",".1079045","-.8729142",".5335289","-1.636114",".1019197"
"_SstfXyea_21_1967","","","","","-.7450826",".4418236","-1.68638",".0918257","-.8655812",".495138","-1.748161",".0805375"
"_SstfXyea_21_1968","","","","","-.7163351",".7554216","-.9482587",".3430735","-.8511711",".8528392","-.9980442",".3183378"
"_SstfXyea_21_1969","","","","","-.5908892",".728957","-.8105954",".4176618","-.7245934",".8311859","-.8717585",".3834093"
"_SstfXyea_21_1970","","","","","-1.065279",".6085105","-1.750633",".0801104","-1.193083",".7052647","-1.691681",".0908099"
"_SstfXyea_21_1971","","","","","-.4749961",".8346723","-.5690809",".5693435","-.631764",".9635891","-.6556363",".512108"
"_SstfXyea_21_1972","","","","","-.4352231",".6051371","-.719214",".4720646","-.587148",".7355898","-.7982002",".424817"
"_SstfXyea_21_1973","","","","","-.5164203",".6462486","-.7991047",".4242924","-.6506244",".7833468","-.83057",".4062821"
"_SstfXyea_21_1974","","","","","-.4627535",".4450999","-1.039662",".29858","-.666921",".6264297","-1.064638",".2871246"
"_SstfXyea_21_1975","","","","","-.3999565",".4287256","-.9328963",".3509479","-.5945824",".6033223","-.9855138",".3244506"
"_SstfXyea_21_1976","","","","","-.2526289",".3610442","-.6997174",".4841576","-.4071664",".5503859","-.7397836",".4594887"
"_SstfXyea_21_1977","","","","","-.0389709",".3437342","-.113375",".9097407","-.1768079",".5279833","-.3348741",".7377432"
"_SstfXyea_21_1978","","","","",".2525193",".3091238",".8168873",".4140571",".1278991",".4685117",".2729902",".7848794"
"_SstfXyea_21_1979","","","","","-.4777718",".5241628","-.9114951",".3621072","-.5973075",".7008556","-.8522548",".3941402"
"_SstfXyea_21_1980","","","","","-.4663836",".3429105","-1.360074",".1739078","-.5787545",".5105825","-1.133518",".2570866"
"_SstfXyea_21_1981","","","","","-.1862001",".3333356","-.5585965",".5764785","-.2948896",".5166604","-.570761",".5682041"
"_SstfXyea_21_1982","","","","","-.2127646",".3212497","-.6623028",".5078276","-.3194317",".5055428","-.6318589",".5275268"
"_SstfXyea_21_1983","","","","","-.323743",".4202102","-.7704311",".4411043","-.4283878",".619956","-.6909971",".4896204"
"_SstfXyea_21_1984","","","","","-.0502529",".3608696","-.1392551",".8892579","-.1528754",".5674765","-.2693951",".787644"
"_SstfXyea_21_1985","","","","","-.0710725",".427951","-.1660763",".868108","-.1716726",".6464559","-.2655597",".7905964"
"_SstfXyea_21_1986","","","","","-.0582888",".366816","-.1589048",".8737545","-.1568666",".5914673","-.265216",".7908611"
"_SstfXyea_21_1987","","","","","-.1692486",".3814262","-.4437257",".6572726","-.265804",".6063004","-.4384032",".6611253"
"_SstfXyea_21_1988","","","","",".326264",".2803744","1.163673",".2446484",".2317309",".4680884",".4950579",".6205952"
"_SstfXyea_22_1961","","","","",".1061932",".4432204",".2395947",".8106607",".1219348",".4448928",".2740767",".7840444"
"_SstfXyea_22_1962","","","","","-.3788725",".3267952","-1.159358",".2464019","-.4152846",".3204959","-1.295756",".1951583"
"_SstfXyea_22_1963","","","","","-.521112",".4472458","-1.165158",".2440469","-.4285929",".4005909","-1.069902",".2847488"
"_SstfXyea_22_1964","","","","",".1404009",".2186045",".64226",".520753",".1766168",".2857734",".618031",".5366014"
"_SstfXyea_22_1965","","","","","-.1561008",".1683606","-.9271812",".3539064","-.0661175",".1513403","-.4368797",".6622298"
"_SstfXyea_22_1966","","","","",".9274264",".6631428","1.398532",".1620558","1.027202",".7311853","1.404844",".1601702"
"_SstfXyea_22_1967","","","","","-.2017293",".3174515","-.6354648",".5251734","-.0631518",".2826256","-.2234469",".8232028"
"_SstfXyea_22_1968","","","","",".5249522",".3297831","1.591811",".1115317",".6711017",".3908867","1.71687",".0861052"
"_SstfXyea_22_1969","","","","","-.0350361",".5827486","-.0601222",".9520623",".1361685",".5477882",".2485787",".8037035"
"_SstfXyea_22_1970","","","","","-.4712993",".5112301","-.9218927",".3566581","-.2740883",".4330555","-.6329173",".5268355"
"_SstfXyea_22_1971","","","","",".162029",".6075431",".2666954",".7897219",".3711054",".5996842",".6188347",".5360718"
"_SstfXyea_22_1972","","","","",".0792103",".4315954",".1835291",".8543952",".3142704",".452808",".6940478",".4877055"
"_SstfXyea_22_1973","","","","","-.3857913",".7119406","-.541887",".5879363","-.1193547",".6478104","-.1842432",".853835"
"_SstfXyea_22_1974","","","","","-.3388428",".7657821","-.4424794",".658174","-.0735259",".6842429","-.1074558",".9144345"
"_SstfXyea_22_1975","","","","","1.458314",".9684067","1.50589",".1321998","1.760209","1.1249","1.564769",".1177416"
"_SstfXyea_22_1976","","","","",".3583185",".2386523","1.501425",".1333501",".7081091",".3460399","2.046322",".0408109"
"_SstfXyea_22_1977","","","","",".757119",".3721104","2.034662",".0419719","1.070556",".54799","1.953604",".05084"
"_SstfXyea_22_1978","","","","","1.139045",".6277301","1.814546",".0696927","1.509169",".8144344","1.853027",".0639758"
"_SstfXyea_22_1979","","","","","2.903513","1.789353","1.622661",".1047661","3.275335","1.965456","1.66645",".0957273"
"_SstfXyea_22_1980","","","","",".1304291",".1630619",".7998746",".4238463",".5198799",".3255797","1.596783",".1104186"
"_SstfXyea_22_1981","","","","","-.3603933",".473729","-.7607585",".4468606",".0480971",".4133744",".1163524",".907381"
"_SstfXyea_22_1982","","","","",".0501365",".2140587",".2342183",".8148313",".477955",".3467707","1.378303",".1682118"
"_SstfXyea_22_1983","","","","","-.2074822",".3966523","-.5230834",".6009545",".2396644",".4099672",".5845942",".5588642"
"_SstfXyea_22_1984","","","","","-.1738362",".513849","-.3383021",".735159",".2926386",".4882372",".599378",".5489657"
"_SstfXyea_22_1985","","","","","-.3050305",".5289739","-.5766456",".5642218",".1807724",".5191211",".3482278",".7276933"
"_SstfXyea_22_1986","","","","",".0230222",".3701462",".0621977",".9504095",".5281532",".448544","1.177484",".2390952"
"_SstfXyea_22_1987","","","","",".1351123",".2460726",".5490751",".5829945",".6595715",".3954786","1.66778",".0954628"
"_SstfXyea_22_1988","","","","","-.2302732",".4703466","-.4895819",".6244653",".313514",".4735926",".6619909",".5080275"
"_SstfXyea_23_1961","","","","",".3160573",".2535614","1.246473",".2126875",".3380223",".2588335","1.305945",".1916706"
"_SstfXyea_23_1962","","","","","-.0582103",".079451","-.7326559",".4638251","-.0683386",".0729174","-.9372067",".348727"
"_SstfXyea_23_1963","","","","","-.2446201",".2104466","-1.162386",".2451705","-.2376286",".2273316","-1.045295",".2959701"
"_SstfXyea_23_1964","","","","",".0310787",".1096661",".2833937",".7768944","-.0074373",".1302635","-.0570939",".9544741"
"_SstfXyea_23_1965","","","","","-.0971442",".1273387","-.7628807",".445594","-.1267231",".1469632","-.8622782",".3886027"
"_SstfXyea_23_1966","","","","","-.0399323",".1381583","-.2890329",".772576","-.077125",".150653","-.5119377",".6087319"
"_SstfXyea_23_1967","","","","","-.0285208",".2391834","-.1192423",".9050913","-.0561788",".2444441","-.2298229",".8182449"
"_SstfXyea_23_1968","","","","",".53712",".2984592","1.799643",".0720166",".5107155",".3274149","1.559842",".1189018"
"_SstfXyea_23_1969","","","","",".6282878",".3653708","1.719589",".0856094",".6127647",".3950874","1.55096",".1210159"
"_SstfXyea_23_1970","","","","","-.0739575",".1202103","-.6152347",".538446","-.0748837",".1630528","-.4592607",".64608"
"_SstfXyea_23_1971","","","","",".5630818",".4153533","1.355669",".1753055",".5714554",".463911","1.231821",".2181116"
"_SstfXyea_23_1972","","","","",".4767273",".3607237","1.321586",".1864061",".5015378",".4063575","1.234228",".2172138"
"_SstfXyea_23_1973","","","","",".6360515",".3167772","2.007883",".0447444",".6841898",".3778324","1.810829",".0702665"
"_SstfXyea_23_1974","","","","",".3007214",".2000734","1.503055",".1329292",".3554133",".2675159","1.328569",".1840905"
"_SstfXyea_23_1975","","","","",".3393988",".19315","1.757178",".0789886",".4162624",".2555533","1.628867",".1034452"
"_SstfXyea_23_1976","","","","",".360838",".1889829","1.909369",".056309",".4752079",".2740448","1.734052",".0830107"
"_SstfXyea_23_1977","","","","",".3347478",".2407318","1.390542",".1644665",".463336",".3236329","1.431672",".1523411"
"_SstfXyea_23_1978","","","","",".3232196",".272154","1.187635",".2350705",".4968701",".3535567","1.405348",".1600206"
"_SstfXyea_23_1979","","","","",".2376812",".2735165",".8689831",".3849253",".4278334",".3512547","1.218015",".2233133"
"_SstfXyea_23_1980","","","","","-.0877756",".1519133","-.5778007",".5634417",".1222607",".2200863",".5555127",".5785851"
"_SstfXyea_23_1981","","","","",".1482002",".1760404",".8418532",".3999367",".3736443",".2800042","1.334424",".1821653"
"_SstfXyea_23_1982","","","","",".0280935",".1918994",".1463968",".8836179",".2669406",".2901077",".9201433",".3575712"
"_SstfXyea_23_1983","","","","",".263858",".2151671","1.226293",".2201837",".5161082",".3353462","1.539031",".1239013"
"_SstfXyea_23_1984","","","","",".1930592",".2374996",".8128821",".4163496",".4587124",".3606469","1.271916",".2035009"
"_SstfXyea_23_1985","","","","",".2675141",".2613747","1.023489",".3061585",".5465704",".3899715","1.401565",".1611477"
"_SstfXyea_23_1986","","","","",".2508485",".2408074","1.041698",".297635",".5433078",".3795891","1.431305",".1524461"
"_SstfXyea_23_1987","","","","",".2034661",".1725164","1.179402",".238331",".5093285",".3309663","1.538913",".12393"
"_SstfXyea_23_1988","","","","",".0888652",".2349708",".3781967",".705311",".4081305",".375989","1.085485",".2777933"
"_SstfXyea_24_1961","","","","","-.0693358",".3618489","-.1916153",".8480564","-.0467249",".3673025","-.1272109",".8987819"
"_SstfXyea_24_1962","","","","","-1.138403",".4476822","-2.542881",".0110437","-1.173397",".4491096","-2.612718",".009027"
"_SstfXyea_24_1963","","","","","-.5061695",".2988681","-1.693622",".0904401","-.5122171",".3330283","-1.538059",".1241389"
"_SstfXyea_24_1964","","","","","-.5427341",".4112111","-1.319843",".1869873","-.2631824",".3977621","-.6616579",".5082408"
"_SstfXyea_24_1965","","","","","-.2846185",".2946994","-.9657926",".3342252",".0232847",".285893",".0814454",".9350932"
"_SstfXyea_24_1966","","","","","-.7105161",".3635247","-1.95452",".0507318","-.3946836",".3462289","-1.13995",".2543973"
"_SstfXyea_24_1967","","","","","1.329602",".5908862","2.250183",".0245089","1.674311",".6227779","2.688456",".0072177"
"_SstfXyea_24_1968","","","","","1.498145",".4887902","3.065005",".0021959","1.924842",".5602363","3.435768",".0005988"
"_SstfXyea_24_1969","","","","","-1.120822",".7445397","-1.505389",".1323284","-.656072",".7230422","-.9073773",".3642796"
"_SstfXyea_24_1970","","","","","1.674288",".5774026","2.899689",".0037622","2.179267",".6526139","3.33929",".0008501"
"_SstfXyea_24_1971","","","","","5.938213","2.095728","2.833485",".0046348","6.481502","2.188649","2.961417",".0030861"
"_SstfXyea_24_1972","","","","","-.5334679",".5149995","-1.035861",".3003498",".0270037",".5374277",".0502461",".9599296"
"_SstfXyea_24_1973","","","","","-.0960773",".4125609","-.2328803",".8158701",".5186643",".4698422","1.103912",".2697192"
"_SstfXyea_24_1974","","","","","2.088554",".5550662","3.762711",".0001713","2.749418",".6636007","4.143181",".0000352"
"_SstfXyea_24_1975","","","","","3.839805","1.265127","3.035115",".0024249","4.489147","1.389585","3.230567",".0012487"
"_SstfXyea_24_1976","","","","","-.5845498",".3281378","-1.781416",".0749448",".1467622",".3604466",".4071678",".6839136"
"_SstfXyea_24_1977","","","","","-.7934037",".5616543","-1.412619",".1578705","-.0222849",".5168023","-.0431207",".9656082"
"_SstfXyea_24_1978","","","","","1.35734",".4024106","3.373023",".0007528","2.036534",".5641639","3.609827",".0003114"
"_SstfXyea_24_1979","","","","",".0703527",".3763563",".1869311",".8517272",".7863526",".4915762","1.599656",".1097794"
"_SstfXyea_24_1980","","","","",".9305182",".2999822","3.101912",".0019405","1.686356",".4771092","3.534527",".0004146"
"_SstfXyea_24_1981","","","","",".1037358",".4037431",".2569352",".7972462",".8962475",".3933884","2.278277",".0227795"
"_SstfXyea_24_1982","","","","","-1.244726",".7315233","-1.701553",".088942","-.4174252",".6403547","-.6518656",".5145374"
"_SstfXyea_24_1983","","","","","-.2808675",".3753876","-.7482067",".4543936",".5812214",".4236336","1.371991",".170168"
"_SstfXyea_24_1984","","","","","-.5450659",".4555082","-1.196611",".2315521",".3518117",".4801842",".7326599",".4638226"
"_SstfXyea_24_1985","","","","",".0071816",".3940711",".0182241",".9854613",".9388478",".4928182","1.905059",".0568671"
"_SstfXyea_24_1986","","","","","-.5755773",".4631102","-1.242852",".2140188",".3908776",".5012557",".7797968",".4355715"
"_SstfXyea_24_1987","","","","","1.307296",".3131445","4.174736",".0000307","2.308539",".544143","4.242523",".0000228"
"_SstfXyea_24_1988","","","","",".2804214",".3424511",".8188654",".4129277","1.316454",".4659955","2.825035",".0047585"
"_SstfXyea_25_1961","","","","",".7092151",".3588664","1.976265",".0482155",".784638",".3772013","2.080157",".0375951"
"_SstfXyea_25_1962","","","","",".243848",".1445877","1.686506",".0918015",".2495657",".1631595","1.529581",".126225"
"_SstfXyea_25_1963","","","","","-.241702",".3522794","-.6861088",".4926971","-.0106397",".4273","-.0248999",".9801364"
"_SstfXyea_25_1964","","","","","-.1673986",".2365316","-.7077216",".4791726",".0019395",".3046429",".0063664",".9949208"
"_SstfXyea_25_1965","","","","",".2290702",".2199913","1.041269",".2978337",".4331736",".3045114","1.42252",".1549784"
"_SstfXyea_25_1966","","","","","-.1348251",".2444986","-.551435",".5813763",".0888815",".3063791",".2901031",".7717572"
"_SstfXyea_25_1967","","","","","-.8322241",".3705812","-2.245727",".0247934","-.5455709",".4533112","-1.203524",".2288677"
"_SstfXyea_25_1968","","","","","-.2338239",".4100089","-.5702898",".5685235",".0749476",".4663301",".160718",".8723262"
"_SstfXyea_25_1969","","","","",".47423",".5671491",".8361646",".4031283",".8119317",".7254862","1.119155",".2631627"
"_SstfXyea_25_1970","","","","","-.0017884",".3890705","-.0045965",".9963328",".3791664",".5996479",".6323151",".5272288"
"_SstfXyea_25_1971","","","","",".8365521",".6821762","1.226299",".2201815","1.24112",".848067","1.46347",".1434428"
"_SstfXyea_25_1972","","","","","1.242829",".6901392","1.800838",".071828","1.680596",".9181694","1.830377",".0672919"
"_SstfXyea_25_1973","","","","",".4000975",".4749321",".8424309",".3996134",".8944995",".6703262","1.334424",".1821653"
"_SstfXyea_25_1974","","","","",".3300734",".3619495",".911932",".3618772",".8312374",".5660769","1.468418",".1420947"
"_SstfXyea_25_1975","","","","","2.650458","1.276181","2.076867",".037898","3.184995","1.590066","2.003059",".04526"
"_SstfXyea_25_1976","","","","",".364183",".3345195","1.088675",".2763839",".986884",".3915745","2.520297",".0117766"
"_SstfXyea_25_1977","","","","",".8532679",".3322848","2.567881",".0102798","1.41401",".545025","2.594395",".0095215"
"_SstfXyea_25_1978","","","","",".5962759",".367432","1.62282",".1047321","1.238553",".5882473","2.105497",".0353303"
"_SstfXyea_25_1979","","","","",".4775976",".4960216",".9628565",".3356965","1.157776",".801832","1.443914",".1488667"
"_SstfXyea_25_1980","","","","",".7756068",".3636236","2.132994",".0330055","1.488564",".6995465","2.127899",".0334261"
"_SstfXyea_25_1981","","","","","1.721483",".6275734","2.743079",".0061225","2.47128",".991087","2.493505",".0127019"
"_SstfXyea_25_1982","","","","","2.290333",".8976983","2.55134",".0107798","3.074616","1.274056","2.41325",".01587"
"_SstfXyea_25_1983","","","","","1.415546",".6215737","2.277358",".0228343","2.234315","1.019234","2.192151",".0284445"
"_SstfXyea_25_1984","","","","",".8379461",".3291458","2.54582",".0109513","1.691202",".6388832","2.647122",".0081601"
"_SstfXyea_25_1985","","","","","1.749498",".6792464","2.575646",".0100523","2.63724","1.098629","2.400483",".0164335"
"_SstfXyea_25_1986","","","","","1.36306",".4523564","3.013244",".0026061","2.285288",".8775533","2.604159",".009255"
"_SstfXyea_25_1987","","","","",".6353703",".257871","2.463907",".0137984","1.592084",".5620535","2.832621",".0046474"
"_SstfXyea_25_1988","","","","","2.602699",".9248346","2.814232",".004921","3.593899","1.400952","2.565327",".0103556"
"_SstfXyea_26_1961","","","","","-.864983",".4893947","-1.767455",".0772529","-.8294513",".4917102","-1.68687",".0917313"
"_SstfXyea_26_1962","","","","",".6151129",".2241623","2.744051",".0061044",".955315",".308469","3.096956",".0019731"
"_SstfXyea_26_1963","","","","","-.0180054",".3677458","-.0489615",".9609532",".3888567",".3937573",".9875541",".32345"
"_SstfXyea_26_1964","","","","","2.155794",".632515","3.408289",".0006623","2.501044",".6743265","3.708952",".0002119"
"_SstfXyea_26_1965","","","","","1.052372",".317573","3.313797",".0009312","1.436694",".3719928","3.862154",".0001147"
"_SstfXyea_26_1966","","","","","-.6937193",".3271135","-2.12073",".0340257","-.2254013",".2896448","-.778199",".4365126"
"_SstfXyea_26_1967","","","","",".6207028",".3960639","1.567179",".1171775","1.139552",".4243998","2.68509",".0072906"
"_SstfXyea_26_1968","","","","","2.716312",".8087627","3.358602",".0007931","3.26673",".9120107","3.581899",".0003465"
"_SstfXyea_26_1969","","","","","5.963447","1.565743","3.808701",".0001425","6.561117","1.677863","3.9104",".0000942"
"_SstfXyea_26_1970","","","","","-1.576149",".4596642","-3.428913",".0006141","-.9519773",".4091931","-2.326475",".020059"
"_SstfXyea_26_1971","","","","","3.92128","1.278378","3.067388",".0021785","4.596492","1.42754","3.219869",".0012961"
"_SstfXyea_26_1972","","","","","6.64009","1.888765","3.515572",".0004453","7.37513","2.044397","3.607483",".0003142"
"_SstfXyea_26_1973","","","","","10.78409","2.869678","3.757945",".0001745","11.51535","3.018264","3.815222",".0001388"
"_SstfXyea_26_1974","","","","","4.72943","1.442842","3.277858",".0010578","5.517803","1.624782","3.396027",".0006925"
"_SstfXyea_26_1975","","","","","4.230101","1.151209","3.674484",".0002425","5.096243","1.347667","3.781529",".0001589"
"_SstfXyea_26_1976","","","","","7.757244","2.098095","3.697279",".0002218","8.545202","2.277603","3.75184",".0001788"
"_SstfXyea_26_1977","","","","","6.745261","1.699678","3.968552",".000074","7.57519","1.930366","3.924226",".0000889"
"_SstfXyea_26_1978","","","","","4.979739","1.320672","3.77061",".000166","5.912665","1.57538","3.753167",".0001779"
"_SstfXyea_26_1979","","","","","5.908105","1.566979","3.77038",".0001661","6.893294","1.82501","3.777127",".0001617"
"_SstfXyea_26_1980","","","","","4.659566","1.235917","3.770129",".0001663","5.698864","1.497967","3.804398",".000145"
"_SstfXyea_26_1981","","","","","2.088921",".5118748","4.080922",".000046","3.179209",".8180194","3.886472",".0001039"
"_SstfXyea_26_1982","","","","",".6301623",".2585206","2.437572",".0148435","1.76919",".5468655","3.235146",".0012289"
"_SstfXyea_26_1983","","","","","5.387699","1.490698","3.614213",".0003062","6.575466","1.808195","3.636481",".000281"
"_SstfXyea_26_1984","","","","","1.651671",".3850563","4.289428",".0000185","2.888179",".7316765","3.947344",".0000808"
"_SstfXyea_26_1985","","","","","5.043889","1.302743","3.871744",".0001103","6.329136","1.660667","3.811201",".000141"
"_SstfXyea_26_1986","","","","","2.967562",".7689585","3.859197",".0001161","4.301549","1.160224","3.707516",".0002131"
"_SstfXyea_26_1987","","","","","-.2421451",".2667586","-.9077311",".3640926","1.140582",".5288497","2.156722",".0311059"
"_SstfXyea_26_1988","","","","",".1521636",".3228911",".4712536",".6374936","1.58363",".6202715","2.553124",".0107248"
"_SstfXyea_27_1961","","","","",".7523328",".3718743","2.023084",".0431523",".7499794",".3761192","1.993994",".0462423"
"_SstfXyea_27_1962","","","","",".3603322",".2115288","1.703466",".0885835",".4617314",".3127323","1.476443",".1399291"
"_SstfXyea_27_1963","","","","","-.125676",".2861129","-.4392531",".6605095",".0491961",".3131438",".1571038",".8751736"
"_SstfXyea_27_1964","","","","",".3733117",".2987162","1.24972",".2114984",".4701617",".3253799","1.444962",".148572"
"_SstfXyea_27_1965","","","","",".2253593",".1682612","1.339342",".1805599",".3214533",".1926327","1.668737",".095273"
"_SstfXyea_27_1966","","","","",".3541963",".3447034","1.027539",".3042487",".4648217",".3889171","1.195169",".2321146"
"_SstfXyea_27_1967","","","","","-.6432787",".355788","-1.80804",".0706996","-.5162284",".3215054","-1.60566",".108453"
"_SstfXyea_27_1968","","","","","-.0877644",".3512961","-.2498302",".8027356",".0334755",".3780293",".0885527",".9294433"
"_SstfXyea_27_1969","","","","",".1186983",".3936055",".3015667",".7630031",".2457126",".4333432",".5670163",".5707452"
"_SstfXyea_27_1970","","","","","-.3383096",".3973516","-.8514113",".3946083","-.2136981",".3815922","-.560017",".5755093"
"_SstfXyea_27_1971","","","","","-.2193883",".5235539","-.4190368",".675219","-.0906664",".5692334","-.159278",".8734605"
"_SstfXyea_27_1972","","","","",".2872811",".436346",".6583791",".5103447",".4315159",".4921977",".8767126",".3807124"
"_SstfXyea_27_1973","","","","","-.0811351",".3884357","-.2088766",".8345586",".0506059",".4513222",".1121281",".9107293"
"_SstfXyea_27_1974","","","","","-.1765889",".2731208","-.6465597",".517966","-.043329",".341216","-.126984",".8989615"
"_SstfXyea_27_1975","","","","","-.0573393",".2515225","-.2279688",".8196859",".1051372",".3328742",".3158466",".7521408"
"_SstfXyea_27_1976","","","","",".7608761",".4072751","1.868212",".0618291",".8831836",".481324","1.834905",".0666179"
"_SstfXyea_27_1977","","","","",".7004895",".3009845","2.327327",".0200135",".7986253",".4170339","1.915013",".055585"
"_SstfXyea_27_1978","","","","",".5207879",".3120579","1.668882",".0952442",".6681451",".4427557","1.50906",".1313877"
"_SstfXyea_27_1979","","","","",".0280259",".3250342",".0862246",".9312936",".1854596",".4588344",".4041972",".6860963"
"_SstfXyea_27_1980","","","","",".1696632",".1657542","1.023583",".3061139",".339128",".2899981","1.169414",".2423288"
"_SstfXyea_27_1981","","","","",".483667",".2170818","2.228041",".025951",".6621097",".3584957","1.846911",".0648576"
"_SstfXyea_27_1982","","","","",".4796042",".2377175","2.017539",".0437274",".6651318",".3735218","1.780704",".0750611"
"_SstfXyea_27_1983","","","","",".2764969",".2383136","1.160223",".2460495",".4691094",".4096997","1.145008",".2522964"
"_SstfXyea_27_1984","","","","",".6499147",".3039325","2.138352",".032568",".849612",".4646954","1.82832",".0675999"
"_SstfXyea_27_1985","","","","",".5228167",".314026","1.664884",".0960395",".7295989",".4915284","1.484347",".1378209"
"_SstfXyea_27_1986","","","","",".632431",".3010477","2.100767",".035744",".846298",".4842673","1.747585",".0806374"
"_SstfXyea_27_1987","","","","",".415229",".2021912","2.053645",".0400958",".6361809",".4086924","1.556625",".1196641"
"_SstfXyea_27_1988","","","","",".6995802",".3170545","2.206498",".027424",".927617",".4952115","1.873173",".0611408"
"_SstfXyea_28_1961","","","","",".2691854",".2128198","1.264851",".206022",".2802762",".2210293","1.26805",".2048777"
"_SstfXyea_28_1962","","","","","-.0071092",".0846203","-.0840125",".933052","-.031868",".0811464","-.3927226",".694552"
"_SstfXyea_28_1963","","","","","-.1449272",".1886834","-.7680971",".4424895","-.103481",".1928241","-.53666",".591542"
"_SstfXyea_28_1964","","","","",".2162008",".1171239","1.845915",".0650022",".2584151",".1290982","2.001694",".0454067"
"_SstfXyea_28_1965","","","","",".2013886",".147483","1.365504",".1721961",".2540711",".1659669","1.530854",".1259099"
"_SstfXyea_28_1966","","","","",".0299008",".1279439",".2337022",".815232",".0736564",".123063",".5985261",".5495337"
"_SstfXyea_28_1967","","","","",".0871432",".2146436",".4059902",".6847785",".1705706",".199462",".8551535",".3925338"
"_SstfXyea_28_1968","","","","",".4532773",".2327051","1.947861",".0515239",".5440003",".286411","1.89937",".0576109"
"_SstfXyea_28_1969","","","","",".437443",".2857881","1.530655",".1259592",".5368573",".3465609","1.549099",".1214624"
"_SstfXyea_28_1970","","","","",".0974975",".1599978",".6093676",".5423266",".2074742",".1854324","1.118867",".2632858"
"_SstfXyea_28_1971","","","","",".5134465",".3521082","1.458207",".1448873",".6300073",".428146","1.471478",".141266"
"_SstfXyea_28_1972","","","","",".358715",".2859355","1.254531",".2097458",".4845346",".3641055","1.330753",".1833705"
"_SstfXyea_28_1973","","","","",".3325881",".2514639","1.322608",".1860657",".4763328",".3415013","1.39482",".1631725"
"_SstfXyea_28_1974","","","","",".199722",".1726197","1.157006",".2473613",".3378746",".265436","1.272904",".2031498"
"_SstfXyea_28_1975","","","","",".214491",".1551919","1.382101",".1670426",".3604759",".2420115","1.489499",".1364601"
"_SstfXyea_28_1976","","","","",".0991778",".1451435",".6833086",".4944642",".2760595",".2669593","1.034088",".3011774"
"_SstfXyea_28_1977","","","","",".2637045",".2067004","1.275781",".2021308",".4225482",".3225995","1.309823",".1903553"
"_SstfXyea_28_1978","","","","",".3300806",".2193268","1.504972",".1324357",".4979079",".3472315","1.433937",".1516937"
"_SstfXyea_28_1979","","","","",".1382336",".2075331",".6660796",".505411",".3142221",".3453894",".9097621",".3630204"
"_SstfXyea_28_1980","","","","","-.0815283",".1140299","-.7149731",".4746808",".1080831",".2305126",".4688817",".6391879"
"_SstfXyea_28_1981","","","","",".1892602",".1547923","1.222672",".2215488",".3770608",".2926584","1.288399",".1977056"
"_SstfXyea_28_1982","","","","",".3543274",".3170329","1.117636",".2638112",".5508945",".3791948","1.452801",".1463827"
"_SstfXyea_28_1983","","","","",".2603289",".1940915","1.341269",".1799337",".4656625",".3416125","1.363131",".1729427"
"_SstfXyea_28_1984","","","","",".1950434",".2055593",".9488427",".3427764",".4091435",".3701865","1.105236",".2691451"
"_SstfXyea_28_1985","","","","",".3587119",".287956","1.245718",".2129645",".5815785",".4235863","1.372987",".1698581"
"_SstfXyea_28_1986","","","","",".2589376",".2133393","1.213736",".2249432",".4905707",".3952997","1.24101",".2146984"
"_SstfXyea_28_1987","","","","",".2834108",".1812238","1.563872",".1179522",".5238105",".3495859","1.498374",".1341404"
"_SstfXyea_28_1988","","","","",".389744",".3586202","1.086788",".2772173",".6389102",".4648886","1.374329",".1694412"
"_SstfXyea_29_1961","","","","","3.011656","1.021098","2.94943",".003208","3.020707","1.031433","2.928652",".0034298"
"_SstfXyea_29_1962","","","","","1.252211",".5815593","2.153197",".031382","1.184092",".5946955","1.99109",".0465608"
"_SstfXyea_29_1963","","","","","1.168579",".7447649","1.569057",".1167391","1.180778",".698125","1.691357",".0908717"
"_SstfXyea_29_1964","","","","","1.010358",".3472104","2.90993",".0036415",".9873136",".3365071","2.934006",".0033713"
"_SstfXyea_29_1965","","","","",".7056481",".5708622","1.236109",".2165138",".6983226",".5461465","1.278636",".2011233"
"_SstfXyea_29_1966","","","","","-.822617",".237242","-3.467417",".0005328","-.8360574",".2512463","-3.32764",".0008863"
"_SstfXyea_29_1967","","","","","2.864875","1.471209","1.947293",".051592","2.882031","1.449493","1.988303",".0468681"
"_SstfXyea_29_1968","","","","","2.114524",".9140918","2.313251",".0207756","2.119447",".9119055","2.324196",".0201809"
"_SstfXyea_29_1969","","","","","4.504965","1.997761","2.255007",".0242041","4.530973","1.99259","2.273912",".0230411"
"_SstfXyea_29_1970","","","","","-.5064076",".239335","-2.115895",".0344352","-.452041",".2738209","-1.650864",".0988701"
"_SstfXyea_29_1971","","","","",".0844821",".7634931",".110652",".9118996",".1099442",".7897493",".139214",".8892903"
"_SstfXyea_29_1972","","","","",".0445193",".5704895",".078037",".9378038",".1029503",".6102035",".1687147",".8660323"
"_SstfXyea_29_1973","","","","","-.210855",".5121326","-.4117196",".6805741","-.1087564",".5600729","-.1941825",".846046"
"_SstfXyea_29_1974","","","","",".52828",".7346133",".7191267",".4721184",".5292888",".7339804",".7211211",".4708907"
"_SstfXyea_29_1975","","","","",".0836645",".5007356",".1670831",".8673158",".1342738",".5322877",".2522579",".8008588"
"_SstfXyea_29_1976","","","","","2.597161","1.503791","1.727076",".0842561","2.721645","1.519528","1.791112",".0733752"
"_SstfXyea_29_1977","","","","",".8470585",".479852","1.76525",".0776227",".9671368",".5871368","1.647209",".099619"
"_SstfXyea_29_1978","","","","","-.432757",".4741798","-.9126433",".3615029","-.2408084",".5295082","-.4547775",".6493019"
"_SstfXyea_29_1979","","","","","-.0059129",".504608","-.0117178",".9906516",".2119925",".6304694",".3362455",".736709"
"_SstfXyea_29_1980","","","","","-.3193793",".2158451","-1.479669",".1390658","-.0737765",".3190174","-.2312618",".817127"
"_SstfXyea_29_1981","","","","","-.4820224",".3496241","-1.378688",".168093","-.2134165",".388529","-.5492935",".5828446"
"_SstfXyea_29_1982","","","","",".0079072",".6557521",".0120582",".99038",".2989655",".6203902",".4818992",".6299124"
"_SstfXyea_29_1983","","","","","-.2314842",".3193662","-.7248235",".4686164",".0820267",".4576414",".1792379",".8577629"
"_SstfXyea_29_1984","","","","","-.0667478",".5157381","-.1294219",".8970324",".2692155",".5381348",".5002752",".6169177"
"_SstfXyea_29_1985","","","","",".6385099",".4936696","1.293395",".1959732",".9969256",".6837149","1.458101",".1449164"
"_SstfXyea_29_1986","","","","","-.3100751",".4023834","-.7705961",".4410066",".0707932",".487497",".1452178",".8845486"
"_SstfXyea_29_1987","","","","",".1718994",".2857925",".6014831",".5475633",".5752202",".4173668","1.378212",".1682396"
"_SstfXyea_29_1988","","","","","-.1990328",".3913285","-.5086079",".6110642",".2267404",".4776168",".474733",".6350115"
"_SstfXyea_30_1961","","","","",".2884565",".2067012","1.395524",".1629602",".2949208",".2144593","1.375183",".1691766"
"_SstfXyea_30_1962","","","","","-.0006232",".0484768","-.0128554",".989744","-.0308814",".0464804","-.6643959",".5064876"
"_SstfXyea_30_1963","","","","","-.2235001",".1710466","-1.306662",".1914269","-.2477354",".1829542","-1.354084",".1758107"
"_SstfXyea_30_1964","","","","","-.0029911",".0924048","-.0323698",".9741793","-.0605579",".1319316","-.4590097",".6462602"
"_SstfXyea_30_1965","","","","","-.0514154",".0866838","-.5931378",".5531333","-.1118525",".1322662","-.8456619",".3978082"
"_SstfXyea_30_1966","","","","","-.1120612",".1162258","-.9641683",".3350386","-.1850328",".1484647","-1.246308",".2127479"
"_SstfXyea_30_1967","","","","",".0225047",".2757642",".0816086",".9349634","-.0470948",".3014523","-.1562265",".8758649"
"_SstfXyea_30_1968","","","","",".2554639",".2480525","1.029879",".3031493",".1825156",".3188863",".5723532",".5671252"
"_SstfXyea_30_1969","","","","",".3100314",".2908503","1.065948",".286532",".2392245",".3660105",".6536003",".513419"
"_SstfXyea_30_1970","","","","","-.1258743",".1064983","-1.181938",".2373233","-.1910847",".198278","-.9637211",".3352628"
"_SstfXyea_30_1971","","","","",".3586814",".3431546","1.045247",".2959922",".2958279",".4353507",".6795163",".4968628"
"_SstfXyea_30_1972","","","","",".3032134",".2760352","1.098459",".2720914",".2470678",".3690355",".6694959",".5032303"
"_SstfXyea_30_1973","","","","",".4030584",".2473611","1.629433",".1033254",".3601207",".360296",".9995136",".3176259"
"_SstfXyea_30_1974","","","","",".2745155",".1579768","1.737695",".0823664",".232653",".2662433",".8738359",".3822769"
"_SstfXyea_30_1975","","","","",".2385171",".1481942","1.60949",".1076136",".2077026",".274599",".7563851",".4494772"
"_SstfXyea_30_1976","","","","",".2487731",".1431012","1.738442",".0822347",".2441526",".2891157",".8444804",".3984678"
"_SstfXyea_30_1977","","","","",".291684",".1937129","1.505754",".1322347",".2921946",".3327107",".8782243",".3798917"
"_SstfXyea_30_1978","","","","",".2995173",".2151869","1.391894",".1640568",".3237067",".3660552",".8843111",".3765986"
"_SstfXyea_30_1979","","","","",".1694696",".2064128",".8210228",".411698",".2015652",".3763148",".5356291",".5922543"
"_SstfXyea_30_1980","","","","","-.0170257",".0994667","-.1711702",".8641014",".0238933",".270674",".0882734",".9296652"
"_SstfXyea_30_1981","","","","",".165236",".1380179","1.197207",".2313195",".2106054",".3193461",".6594895",".5096317"
"_SstfXyea_30_1982","","","","",".0956535",".147942",".646561",".5179652",".1451622",".3310375",".4385067",".6610503"
"_SstfXyea_30_1983","","","","",".175847",".1684278","1.04405",".2965458",".2294948",".3771995",".6084176",".5429562"
"_SstfXyea_30_1984","","","","",".2206076",".1939625","1.137373",".2554726",".2783947",".3988294",".6980294",".4852124"
"_SstfXyea_30_1985","","","","",".2339509",".2090427","1.119153",".2631635",".2958772",".4292491",".6892903",".4906935"
"_SstfXyea_30_1986","","","","",".2326471",".1963621","1.184786",".2361951",".2987127",".4237751",".7048849",".4809361"
"_SstfXyea_30_1987","","","","",".1768548",".1372754","1.288321",".1977327",".2470596",".3913019",".6313785",".5278408"
"_SstfXyea_30_1988","","","","",".1631737",".1927839",".8464076",".3973923",".2375178",".4311515",".5508917",".5817486"
"_SstfXyea_31_1961","","","","",".5853869",".3352479","1.746131",".0808896",".5660664",".3416842","1.656694",".0976849"
"_SstfXyea_31_1962","","","","",".5877405",".2273807","2.584829",".0097891",".7931063",".3086111","2.569922",".0102196"
"_SstfXyea_31_1963","","","","","-.159266",".326219","-.4882181",".6254307","-.0132104",".3732502","-.0353928",".9717689"
"_SstfXyea_31_1964","","","","","-.1092703",".2133613","-.5121372",".6085924","-.0760999",".2450465","-.310553",".7561619"
"_SstfXyea_31_1965","","","","",".2286884",".2150623","1.063359",".2877041",".2461281",".2612751",".9420266",".3462542"
"_SstfXyea_31_1966","","","","",".7201917",".324752","2.217666",".0266516",".8033745",".3645585","2.203692",".0276211"
"_SstfXyea_31_1967","","","","","-.9116991",".3645934","-2.500591",".0124511","-.845834",".3438829","-2.459657",".0139625"
"_SstfXyea_31_1968","","","","","1.247712",".4828961","2.58381",".009818","1.289742",".5320143","2.424261",".0153978"
"_SstfXyea_31_1969","","","","",".0674749",".427326",".1579004",".8745458",".1016312",".4518789",".2249081",".8220659"
"_SstfXyea_31_1970","","","","","-.0847118",".2251701","-.3762125",".7067853","-.0698334",".2436702","-.2865898",".774446"
"_SstfXyea_31_1971","","","","","-.3705701",".5643528","-.6566284",".5114698","-.3538209",".5956157","-.5940422",".5525283"
"_SstfXyea_31_1972","","","","",".1561478",".4506301",".34651",".7289836",".1771516",".4935417",".3589394",".7196654"
"_SstfXyea_31_1973","","","","","-.2108336",".4638146","-.4545645",".6494552","-.2437075",".5044161","-.4831478",".6290257"
"_SstfXyea_31_1974","","","","","1.16347",".450083","2.585013",".0097839","1.143618",".5001033","2.286764",".0222784"
"_SstfXyea_31_1975","","","","",".627823",".2690973","2.333071",".0197096",".6295367",".3429867","1.835455",".0665364"
"_SstfXyea_31_1976","","","","",".4438058",".2435701","1.822086",".0685405",".3244936",".3356662",".966715",".3337638"
"_SstfXyea_31_1977","","","","",".782404",".3310745","2.363227",".0181795",".6767687",".4186343","1.616611",".1060666"
"_SstfXyea_31_1978","","","","",".5306327",".3524541","1.505537",".1322905",".4707916",".4531626","1.038902",".2989333"
"_SstfXyea_31_1979","","","","","-.0830165",".384913","-.2156759",".8292549","-.1459649",".4907176","-.2974518",".766142"
"_SstfXyea_31_1980","","","","",".2126794",".1969194","1.080032",".2802138",".1278644",".2837062",".450693",".6522431"
"_SstfXyea_31_1981","","","","",".5776701",".2349116","2.459095",".0139844",".4884403",".3432621","1.422937",".1548576"
"_SstfXyea_31_1982","","","","",".5917788",".2528663","2.340283",".0193338",".4960856",".3581535","1.38512",".1661178"
"_SstfXyea_31_1983","","","","",".29804",".2661729","1.119723",".2629206",".1958835",".3974375",".4928662",".6221429"
"_SstfXyea_31_1984","","","","",".7778746",".3219823","2.415893",".0157556",".6692548",".4485287","1.492111",".1357742"
"_SstfXyea_31_1985","","","","",".6040454",".3449353","1.751184",".0800155",".4889622",".4804183","1.017784",".3088618"
"_SstfXyea_31_1986","","","","",".7543045",".319314","2.362266",".0182266",".6327579",".4643394","1.362706",".1730767"
"_SstfXyea_31_1987","","","","","1.204244",".3469681","3.470763",".0005262","1.076234",".4793488","2.2452",".0248272"
"_SstfXyea_31_1988","","","","",".8608474",".3285068","2.620486",".0088244",".7263742",".4702935","1.544512",".1225688"
"_SstfXyea_32_1961","","","","",".7075256",".3546144","1.995197",".0461109",".6762578",".3610322","1.873123",".0611477"
"_SstfXyea_32_1962","","","","",".1259018",".113483","1.109433",".2673318","-.0155869",".1120841","-.1390641",".8894088"
"_SstfXyea_32_1963","","","","","-.5475376",".2811626","-1.947405",".0515786","-.7563948",".3291596","-2.297958",".0216321"
"_SstfXyea_32_1964","","","","",".0833626",".2529874",".3295129",".7417909","-.2486612",".2696791","-.922063",".3565692"
"_SstfXyea_32_1965","","","","",".6895864",".4472248","1.541923",".1231968",".5774277",".5075076","1.137772",".2553059"
"_SstfXyea_32_1966","","","","","-.2135566",".2006057","-1.064559",".2871604","-.373432",".2451738","-1.523132",".1278303"
"_SstfXyea_32_1967","","","","","-.7490668",".3378523","-2.217143",".0266874","-.9435766",".3692734","-2.555225",".0106604"
"_SstfXyea_32_1968","","","","","-.0555339",".3715603","-.1494614",".8811995","-.2883421",".4401937","-.6550344",".5124954"
"_SstfXyea_32_1969","","","","",".844532",".5348046","1.579141",".1144082",".6338466",".6140431","1.032251",".302037"
"_SstfXyea_32_1970","","","","","-.4169865",".1816897","-2.295048",".0217985","-.6409073",".2641943","-2.425893",".0153289"
"_SstfXyea_32_1971","","","","",".6294375",".5607931","1.122406",".261779",".3905696",".6449963",".6055378",".5448672"
"_SstfXyea_32_1972","","","","",".5291587",".4399069","1.202888",".2291138",".2788078",".5127615",".5437377",".586662"
"_SstfXyea_32_1973","","","","","-.0203912",".4044168","-.0504212",".9597901","-.2928262",".4979291","-.5880882",".556517"
"_SstfXyea_32_1974","","","","","-.0802876",".2697311","-.2976578",".7659848","-.3550614",".3701849","-.9591462",".3375617"
"_SstfXyea_32_1975","","","","",".0080675",".2896802",".0278497",".9777838","-.2622182",".365344","-.7177297",".4729794"
"_SstfXyea_32_1976","","","","","1.298093",".5063837","2.563457",".0104115","1.000664",".5627926","1.778033",".0754988"
"_SstfXyea_32_1977","","","","","1.045098",".3899271","2.680239",".0073968",".7515969",".4675095","1.607661",".1080138"
"_SstfXyea_32_1978","","","","",".2676017",".3272323",".817773",".4135512",".0031607",".4477299",".0070594",".9943679"
"_SstfXyea_32_1979","","","","","1.085827",".6217347","1.746448",".0808345",".6780984",".6325697","1.071974",".2838171"
"_SstfXyea_32_1980","","","","",".1579017",".1806664",".8739962",".3821897","-.2659839",".3046786","-.8729985",".3827332"
"_SstfXyea_32_1981","","","","","1.062536",".4256438","2.496304",".0126023",".6193338",".442102","1.400884",".1613512"
"_SstfXyea_32_1982","","","","","1.058244",".4529472","2.336351",".0195379",".5937335",".4555341","1.303379",".1925446"
"_SstfXyea_32_1983","","","","",".280591",".2541973","1.103832",".269754","-.2052267",".449507","-.4565595",".6480205"
"_SstfXyea_32_1984","","","","",".8473315",".3406869","2.487127",".0129314",".3402064",".4677376",".7273446",".4670712"
"_SstfXyea_32_1985","","","","","1.654481",".7049632","2.346904",".0189943","1.126049",".7124165","1.580604",".114073"
"_SstfXyea_32_1986","","","","","1.842023",".6899972","2.66961",".0076345","1.292283",".6927583","1.865417",".0622197"
"_SstfXyea_32_1987","","","","",".9848171",".3983268","2.472385",".0134761",".4137695",".466015",".8878888",".3746712"
"_SstfXyea_32_1988","","","","",".9055396",".3514823","2.576344",".0100321",".3131845",".4845094",".6463951",".5180725"
"_SstfXyea_33_1961","","","","",".4107544",".2794238","1.470005",".1416643",".4200199",".2820195","1.489329",".1365049"
"_SstfXyea_33_1962","","","","",".024934",".0711851",".3502696",".7261608","-.0160134",".0565203","-.2833206",".7769505"
"_SstfXyea_33_1963","","","","","-.3252494",".2417975","-1.345132",".1786836","-.3584426",".29381","-1.219981",".2225672"
"_SstfXyea_33_1964","","","","","-.0455446",".1891715","-.240758",".809759","-.1191684",".2886106","-.4129038",".6797064"
"_SstfXyea_33_1965","","","","","-.0639598",".1251798","-.5109437",".6094277","-.1388849",".2112908","-.6573164",".5110275"
"_SstfXyea_33_1966","","","","","-.2032631",".1950881","-1.041904",".2975393","-.2920992",".3073809","-.9502842",".3420437"
"_SstfXyea_33_1967","","","","","-.3502109",".3785695","-.9250899",".3549929","-.4317204",".5012604","-.8612697",".3891578"
"_SstfXyea_33_1968","","","","",".2341657",".3855771",".6073122",".5436893",".1518534",".5128924",".2960725",".767195"
"_SstfXyea_33_1969","","","","",".3111617",".4125221",".7542909",".4507333",".2350642",".524142",".4484743",".653843"
"_SstfXyea_33_1970","","","","","-.221658",".1989174","-1.114322",".2652297","-.286694",".3732561","-.7680892",".4424941"
"_SstfXyea_33_1971","","","","",".4090486",".4859735",".8417097",".400017",".3513736",".6164122",".5700303",".5686995"
"_SstfXyea_33_1972","","","","",".3725787",".3679249","1.012649",".3113088",".3274289",".4538499",".7214476",".4706899"
"_SstfXyea_33_1973","","","","",".4723014",".3384414","1.395519",".1629618",".4488597",".4934117",".9097063",".3630499"
"_SstfXyea_33_1974","","","","",".2527875",".2070915","1.220656",".2223114",".2363468",".377297",".6264213",".5310859"
"_SstfXyea_33_1975","","","","",".2978415",".195999","1.519608",".1287141",".3002373",".364983",".8226064",".4107967"
"_SstfXyea_33_1976","","","","",".3240444",".1912476","1.694371",".0902977",".3667823",".3234001","1.134144",".2568239"
"_SstfXyea_33_1977","","","","",".4218771",".2776865","1.519257",".1288022",".4762595",".346864","1.373044",".1698404"
"_SstfXyea_33_1978","","","","",".4228064",".2846653","1.485275",".1375751",".5111281",".4094461","1.24834",".212003"
"_SstfXyea_33_1979","","","","",".2031349",".2827739",".718365",".4725877",".3052419",".4813",".6342031",".5259962"
"_SstfXyea_33_1980","","","","",".0090628",".1350873",".0670888",".9465154",".125874",".2989733",".4210208",".6737698"
"_SstfXyea_33_1981","","","","",".2553061",".1986839","1.284986",".1988954",".3810525",".3288344","1.158798",".2466301"
"_SstfXyea_33_1982","","","","",".1786537",".2213403",".807145",".4196464",".3130885",".3309822",".9459377",".3442559"
"_SstfXyea_33_1983","","","","",".2261373",".2252202","1.004072",".3154241",".3692605",".4294656",".8598139",".3899598"
"_SstfXyea_33_1984","","","","",".3437069",".2811848","1.222352",".2216696",".4955185",".4057853","1.221135",".2221302"
"_SstfXyea_33_1985","","","","",".3353265",".2863276","1.171129",".2416391",".4958265",".4589073","1.08045",".2800279"
"_SstfXyea_33_1986","","","","",".3460342",".2827225","1.223936",".2210717",".5152226",".4323078","1.191796",".2334348"
"_SstfXyea_33_1987","","","","",".2543956",".1899225","1.33947",".1805182",".4322724",".4250802","1.01692",".309273"
"_SstfXyea_33_1988","","","","",".2861143",".2973795",".9621184",".336067",".4726794",".4211447","1.122368",".261795"
"_SstfXyea_34_1961","","","","",".627071",".3527057","1.777887",".0755227",".6348315",".3612448","1.757344",".0789602"
"_SstfXyea_34_1962","","","","",".1621657",".1251492","1.295779",".1951504",".0885807",".1281283",".6913433",".4894028"
"_SstfXyea_34_1963","","","","","-.2870124",".3400531","-.8440223",".3987236","-.1336885",".3959195","-.3376658",".7356385"
"_SstfXyea_34_1964","","","","",".1521016",".3521626",".4319073",".6658396",".2277365",".4368782",".5212814",".6022089"
"_SstfXyea_34_1965","","","","","1.305306",".7764147","1.681197",".0928278","1.433966",".8632264","1.66117",".0967829"
"_SstfXyea_34_1966","","","","",".5023217",".5284984",".9504698",".3419495",".6470829",".6147246","1.052639",".2925907"
"_SstfXyea_34_1967","","","","","-.4749856",".4641083","-1.023437",".306183","-.2777624",".5417041","-.5127566",".608159"
"_SstfXyea_34_1968","","","","","-.3156984",".4465413","-.7069858",".4796297","-.1204929",".5066168","-.2378383",".8120226"
"_SstfXyea_34_1969","","","","","2.222559","1.44961","1.533212",".1253283","2.444642","1.582987","1.544323",".1226147"
"_SstfXyea_34_1970","","","","",".4090833",".8002121",".5112187",".6092352",".6632302",".9373233",".7075789",".4792613"
"_SstfXyea_34_1971","","","","","-.2605276",".6169949","-.4222524",".6728708","-.0166514",".6622369","-.0251442",".9799416"
"_SstfXyea_34_1972","","","","","1.023923",".624232","1.640292",".1010483","1.300432",".7717466","1.685051",".0920819"
"_SstfXyea_34_1973","","","","","-.2126819",".4319865","-.4923346",".6225185",".1035468",".5212573",".1986482",".8425513"
"_SstfXyea_34_1974","","","","",".2547778",".3401159",".7490912",".4538605",".5133676",".4842521","1.060125",".2891724"
"_SstfXyea_34_1975","","","","","-.2372793",".2809304","-.8446196",".39839",".0725813",".4277389",".169686",".8652684"
"_SstfXyea_34_1976","","","","",".0730142",".2538956",".2875756",".7736913",".4484407",".4267144","1.050915",".2933814"
"_SstfXyea_34_1977","","","","","1.424634",".645889","2.205695",".0274803","1.715121",".8668479","1.978572",".0479547"
"_SstfXyea_34_1978","","","","",".4542033",".3795776","1.196602",".2315555",".8226101",".5742764","1.432429",".1521244"
"_SstfXyea_34_1979","","","","",".6604099",".6279561","1.051682",".2930296","1.033134",".8756228","1.179885",".2381387"
"_SstfXyea_34_1980","","","","",".9137942",".539368","1.694194",".0903312","1.300807",".7850951","1.656878",".0976479"
"_SstfXyea_34_1981","","","","",".5635328",".2621781","2.149427",".0316796",".9739254",".4800316","2.028878",".0425581"
"_SstfXyea_34_1982","","","","",".6100076",".2616888","2.331042",".0198165","1.041515",".4834032","2.154547",".031276"
"_SstfXyea_34_1983","","","","",".2858",".2973026",".9613103",".336473",".7384219",".5353216","1.379399",".1678738"
"_SstfXyea_34_1984","","","","",".891882",".3440105","2.592601",".0095712","1.365619",".5714643","2.389683",".0169238"
"_SstfXyea_34_1985","","","","",".6350306",".3726717","1.703995",".0884848","1.129882",".6095272","1.853702",".063879"
"_SstfXyea_34_1986","","","","","1.579493",".5792305","2.726881",".0064305","2.095459",".9085112","2.306475",".0211513"
"_SstfXyea_34_1987","","","","","1.782429","1.030664","1.729398",".0838398","2.31951","1.362968","1.701808",".0888941"
"_SstfXyea_34_1988","","","","","2.875949","1.536881","1.871289",".0614014","3.434144","1.867405","1.838993",".0660141"
"_SstfXyea_35_1961","","","","",".3598611",".2600584","1.38377",".1665308",".3691004",".267211","1.381307",".1672866"
"_SstfXyea_35_1962","","","","","-.0130974",".0710584","-.1843191",".8537755","-.0521666",".0630409","-.8275043",".4080165"
"_SstfXyea_35_1963","","","","",".0643409",".3223654",".19959",".8418146",".0247086",".3534199",".0699129",".9442676"
"_SstfXyea_35_1964","","","","","-.042118",".1348009","-.3124457",".7547233","-.1398903",".192478","-.726786",".4674133"
"_SstfXyea_35_1965","","","","","-.1069422",".122603","-.8722643",".3831334","-.2052135",".1764923","-1.162734",".2450293"
"_SstfXyea_35_1966","","","","","-.1488417",".1585391","-.9388324",".3478917","-.2634073",".2088492","-1.261232",".2073225"
"_SstfXyea_35_1967","","","","","-.254864",".2919847","-.8728675",".3828045","-.3693357",".3386275","-1.090684",".2754987"
"_SstfXyea_35_1968","","","","",".3186264",".3323626",".9586709",".3378011",".1971206",".4155656",".4743429",".6352896"
"_SstfXyea_35_1969","","","","",".4328859",".3841051","1.126999",".2598324",".3143601",".4640006",".6774993",".498141"
"_SstfXyea_35_1970","","","","","-.1877915",".1505505","-1.247365",".2123601","-.2990684",".2599968","-1.150277",".2501207"
"_SstfXyea_35_1971","","","","",".4035145",".4377077",".9218811",".3566641",".2957086",".5409323",".5466646",".5846495"
"_SstfXyea_35_1972","","","","",".4217514",".3540315","1.191282",".2336364",".3234315",".444046",".7283739",".4664411"
"_SstfXyea_35_1973","","","","",".5030012",".311996","1.612204",".1070218",".421552",".4347968",".9695379",".3323544"
"_SstfXyea_35_1974","","","","",".536958",".3072185","1.747805",".0805993",".4593554",".4491228","1.022784",".306492"
"_SstfXyea_35_1975","","","","",".2889897",".1837754","1.572515",".1159357",".2283144",".313221",".7289241",".4661045"
"_SstfXyea_35_1976","","","","",".3529643",".1823601","1.935535",".0530178",".3257566",".317871","1.024808",".3055359"
"_SstfXyea_35_1977","","","","",".4015777",".248995","1.612794",".1068935",".3850051",".3666402","1.05009",".2937608"
"_SstfXyea_35_1978","","","","",".3542777",".2716759","1.304045",".1923174",".3761045",".409836",".9176951",".3588516"
"_SstfXyea_35_1979","","","","",".4953061",".3652476","1.356083",".1751739",".5256633",".5367533",".9793388",".3274909"
"_SstfXyea_35_1980","","","","","-.0364582",".1376732","-.2648166",".7911687",".0051324",".2796153",".0183552",".9853567"
"_SstfXyea_35_1981","","","","",".500032",".2723584","1.835934",".0664655",".5486073",".4437128","1.236402",".2164052"
"_SstfXyea_35_1982","","","","",".123503",".2003015",".6165857",".5375544",".1773238",".3418706",".5186867",".6040171"
"_SstfXyea_35_1983","","","","",".532964",".2969516","1.794784",".0727878",".5920303",".5038932","1.174912",".2401223"
"_SstfXyea_35_1984","","","","",".2867497",".2528609","1.134022",".2568753",".3510614",".4239516",".8280696",".4076964"
"_SstfXyea_35_1985","","","","",".3101618",".2666583","1.163143",".2448631",".379719",".4613973",".8229763",".4105863"
"_SstfXyea_35_1986","","","","",".3234112",".2532553","1.277017",".2016944",".3982139",".4465365",".8917835",".3725799"
"_SstfXyea_35_1987","","","","",".3530185",".2268588","1.556115",".1197852",".4330667",".3883034","1.115279",".2648194"
"_SstfXyea_35_1988","","","","",".2569546",".2657778",".9668026",".33372",".3422483",".4438833",".7710323",".440748"
"_SstfXyea_36_1961","","","","","-1.683414",".6273606","-2.683327",".007329","-1.481312",".5954759","-2.48761",".0129139"
"_SstfXyea_36_1962","","","","","1.646898",".4624001","3.561629",".0003742","1.978584",".531427","3.723153",".0002003"
"_SstfXyea_36_1963","","","","","3.989356","1.08905","3.663151",".0002534","4.521752","1.172305","3.857147",".0001171"
"_SstfXyea_36_1964","","","","","4.906602","1.292336","3.796691",".0001495","5.617366","1.418438","3.960247",".0000766"
"_SstfXyea_36_1965","","","","","-1.139889",".3444811","-3.309004",".0009472","-.2162582",".2487289","-.8694536",".384668"
"_SstfXyea_36_1966","","","","","3.786005",".9961793","3.800526",".0001472","4.90059","1.212761","4.040853",".0000546"
"_SstfXyea_36_1967","","","","","9.123923","2.517478","3.624231",".0002946","10.44757","2.775309","3.764471",".0001701"
"_SstfXyea_36_1968","","","","","7.864213","2.107533","3.731479",".0001939","9.361694","2.40367","3.89475",".0001004"
"_SstfXyea_36_1969","","","","","4.437038","1.169474","3.794046",".0001511","6.151023","1.491687","4.123534",".0000383"
"_SstfXyea_36_1970","","","","","2.502829",".6772289","3.695691",".0002232","4.439286","1.058491","4.193976",".0000282"
"_SstfXyea_36_1971","","","","","3.46644","1.124769","3.081914",".0020753","5.553084","1.510679","3.675886",".0002411"
"_SstfXyea_36_1972","","","","","7.168489","1.76537","4.060616",".0000502","9.4835","2.234156","4.244781",".0000225"
"_SstfXyea_36_1973","","","","","12.88427","3.272616","3.936995",".0000844","15.43546","3.804037","4.057652",".0000508"
"_SstfXyea_36_1974","","","","","6.478955","1.595532","4.060688",".0000502","9.088163","2.137613","4.251548",".0000219"
"_SstfXyea_36_1975","","","","","4.974737","1.3153","3.782208",".0001585","7.829811","1.908602","4.102379",".000042"
"_SstfXyea_36_1976","","","","","3.034131",".7526185","4.031433",".0000568","6.151977","1.402741","4.385683",".000012"
"_SstfXyea_36_1977","","","","","-3.463348","1.02452","-3.38046",".0007328","-.1174183",".5180555","-.2266519",".8207097"
"_SstfXyea_36_1978","","","","","-.5658733",".5306501","-1.066377",".2863381","3.047582",".7014036","4.344976",".0000144"
"_SstfXyea_36_1979","","","","","-2.116432",".6587944","-3.212583",".0013293","1.717388",".6673451","2.573464",".0101158"
"_SstfXyea_36_1980","","","","","-3.298675",".868436","-3.798409",".0001485",".7579053",".3444266","2.200484",".0278479"
"_SstfXyea_36_1981","","","","","4.709906","1.124445","4.188648",".0000289","8.986159","2.051874","4.379488",".0000123"
"_SstfXyea_36_1982","","","","","3.229097",".7574651","4.263031",".0000208","7.722837","1.720119","4.48971","7.40e-06"
"_SstfXyea_36_1983","","","","","5.138381","1.296506","3.963253",".0000756","9.849609","2.324004","4.238207",".0000232"
"_SstfXyea_36_1984","","","","","-2.625972",".9441072","-2.781434",".0054455","2.302743",".57129","4.030777",".000057"
"_SstfXyea_36_1985","","","","","-1.38055",".5950091","-2.320217",".0203953","3.765652",".8855531","4.252317",".0000218"
"_SstfXyea_36_1986","","","","","-.4461996",".4380379","-1.018632",".308459","4.91749","1.077353","4.564418","5.21e-06"
"_SstfXyea_36_1987","","","","","-.0145553",".2921243","-.0498257",".9602645","5.566622","1.266001","4.397013",".0000114"
"_SstfXyea_36_1988","","","","","-4.840119","1.443071","-3.354042",".0008062",".958546",".5486295","1.747165",".0807102"
"_SstfXyea_37_1961","","","","",".2828517",".2399108","1.178987",".238496",".2972082",".248029","1.19828",".2309018"
"_SstfXyea_37_1962","","","","",".0103242",".0721301",".1431323",".8861952","-.0126473",".0684179","-.1848536",".8533563"
"_SstfXyea_37_1963","","","","","-.2711266",".2046777","-1.324652",".1853868","-.2410325",".2172133","-1.109658",".2672345"
"_SstfXyea_37_1964","","","","",".1757832",".121893","1.44211",".1493747",".2886794",".1367758","2.110604",".0348882"
"_SstfXyea_37_1965","","","","",".1441924",".1138812","1.266166",".2055511",".2929743",".1390922","2.106332",".0352577"
"_SstfXyea_37_1966","","","","",".0895244",".1591669",".5624559",".5738471",".2426001",".1694978","1.431287",".1524512"
"_SstfXyea_37_1967","","","","",".0560777",".2564736",".2186492",".8269381",".2288853",".2608924",".877317",".3803841"
"_SstfXyea_37_1968","","","","",".6566729",".2801736","2.343808",".0191524",".8544901",".3293204","2.594707",".0095129"
"_SstfXyea_37_1969","","","","",".5966736",".3166418","1.884381",".0596093",".8118755",".3739459","2.171104",".0300008"
"_SstfXyea_37_1970","","","","","-.0089873",".1436355","-.0625705",".9501126",".2231293",".1909256","1.168671",".2426282"
"_SstfXyea_37_1971","","","","",".6424728",".3764384","1.706714",".0879778",".882749",".4413312","2.000196",".0455683"
"_SstfXyea_37_1972","","","","",".2124855",".3070088",".6921152",".4889181",".45951",".3788317","1.212966",".2252374"
"_SstfXyea_37_1973","","","","",".410154",".302427","1.356208",".175134",".6782912",".3763012","1.802522",".0715628"
"_SstfXyea_37_1974","","","","",".0615907",".1901726",".3238671",".746061",".3306941",".274254","1.205795",".2279909"
"_SstfXyea_37_1975","","","","",".1753224",".1774958",".987755",".3233516",".4417376",".2570588","1.71843",".0858204"
"_SstfXyea_37_1976","","","","",".1047524",".160815",".6513847",".5148476",".4040199",".2709632","1.491051",".1360524"
"_SstfXyea_37_1977","","","","",".2734534",".2304773","1.186466",".2355315",".5648392",".3397527","1.662501",".0965159"
"_SstfXyea_37_1978","","","","",".2613602",".2401785","1.088191",".2765973",".5305649",".3585175","1.479885",".1390079"
"_SstfXyea_37_1979","","","","",".3317496",".2553476","1.299208",".1939715",".6020327",".3691084","1.631046",".1029848"
"_SstfXyea_37_1980","","","","",".069684",".1409699",".494318",".6211175",".3521937",".2511439","1.402358",".1609109"
"_SstfXyea_37_1981","","","","",".2652648",".1707393","1.553624",".1203786",".5601193",".2923008","1.916243",".0554283"
"_SstfXyea_37_1982","","","","",".1515827",".1683902",".9001874",".3680922",".4590108",".3032615","1.513581",".1302366"
"_SstfXyea_37_1983","","","","",".3329114",".2129519","1.563317",".1180826",".6529129",".3559798","1.834129",".066733"
"_SstfXyea_37_1984","","","","",".3984929",".2608082","1.527916",".126638",".7310679",".3914336","1.867668",".061905"
"_SstfXyea_37_1985","","","","",".2234622",".2360938",".9464978",".3439703",".5686107",".4052169","1.403226",".1606522"
"_SstfXyea_37_1986","","","","",".2779292",".2167097","1.282495",".1997672",".6356512",".3918399","1.622222",".10486"
"_SstfXyea_37_1987","","","","",".1589217",".1577384","1.007502",".3137742",".5292172",".3445538","1.53595",".1246553"
"_SstfXyea_37_1988","","","","",".1767609",".2162411",".8174249",".41375",".5596299",".3926096","1.425411",".1541417"
"_SstfXyea_38_1961","","","","",".077247",".0704798","1.096016",".273159",".085638",".0804393","1.064629",".287129"
"_SstfXyea_38_1962","","","","","-.0097232",".020356","-.4776594",".6329271","-.0062991",".0345762","-.1821797",".8554539"
"_SstfXyea_38_1963","","","","","-.071144",".0608787","-1.168619",".2426494","-.0639868",".0621363","-1.029783",".3031944"
"_SstfXyea_38_1964","","","","","-.0266243",".032708","-.8139989",".4157096","-.0322926",".0791167","-.4081647",".6831817"
"_SstfXyea_38_1965","","","","","-.0398107",".0357999","-1.112033",".2662122","-.039771",".1006968","-.3949578",".6929018"
"_SstfXyea_38_1966","","","","","-.0322787",".0403359","-.8002477",".4236301","-.0302704",".0923999","-.3276021",".7432352"
"_SstfXyea_38_1967","","","","","-.0569743",".0723921","-.7870234",".4313298","-.0498049",".1127782","-.441618",".6587972"
"_SstfXyea_38_1968","","","","",".0792073",".0903829",".8763537",".3809074",".0894967",".1811468",".4940562",".6213024"
"_SstfXyea_38_1969","","","","",".1172754",".1107398","1.059017",".2896765",".1338457",".210229",".6366663",".5243904"
"_SstfXyea_38_1970","","","","","-.0455647",".04139","-1.100864",".2710433","-.0216763",".168792","-.1284204",".8978248"
"_SstfXyea_38_1971","","","","",".08448",".1100007",".7679952",".44255",".1149481",".2456921",".4678544",".6399224"
"_SstfXyea_38_1972","","","","",".1089826",".1005644","1.083709",".2785801",".1476185",".2435347",".6061499",".5444607"
"_SstfXyea_38_1973","","","","",".1215142",".0979873","1.240102",".2150339",".1696344",".2499758",".6786035",".497441"
"_SstfXyea_38_1974","","","","",".054282",".0531418","1.021456",".3071202",".1093253",".2371522",".4609922",".6448374"
"_SstfXyea_38_1975","","","","",".0625885",".0543753","1.151046",".2498044",".1280288",".2445671",".5234913",".6006708"
"_SstfXyea_38_1976","","","","",".0902888",".0629391","1.434543",".1515208",".1688968",".2654008",".6363838",".5245744"
"_SstfXyea_38_1977","","","","",".0942094",".0742054","1.269576",".2043335",".1818967",".2884106",".6306866",".5282931"
"_SstfXyea_38_1978","","","","",".0705096",".0718022",".9819975",".3261796",".1753677",".3073695",".5705436",".5683514"
"_SstfXyea_38_1979","","","","",".0280185",".062108",".4511249",".6519318",".1405261",".3197925",".439429",".6603821"
"_SstfXyea_38_1980","","","","","-.0196664",".0372286","-.5282612",".5973568",".1011576",".305547",".3310707",".740614"
"_SstfXyea_38_1981","","","","",".0451235",".0484229",".9318626",".3514819",".1733692",".330689",".5242667",".6001314"
"_SstfXyea_38_1982","","","","",".0209355",".0495712",".422332",".6728127",".1560859",".3456453",".4515782",".6516052"
"_SstfXyea_38_1983","","","","",".059386",".0586989","1.011705",".31176",".201441",".3691685",".5456616",".5853388"
"_SstfXyea_38_1984","","","","",".0607378",".0657026",".9244344",".3553339",".2096974",".3879021",".5405937",".5888274"
"_SstfXyea_38_1985","","","","",".0692917",".0706864",".980268",".3270322",".225156",".4072586",".5528575",".5804018"
"_SstfXyea_38_1986","","","","",".0753969",".0691073","1.091011",".2753549",".2381659",".418016",".569753",".5688876"
"_SstfXyea_38_1987","","","","",".0524092",".0490631","1.068201",".2855153",".2220828",".4193144",".5296332",".5964051"
"_SstfXyea_38_1988","","","","",".0439844",".0639591",".6876963",".4916968",".2205627",".4431291",".4977391",".6187041"
"_SstfXyea_39_1961","","","","","1.00143",".4652893","2.152274",".0314546","1.006973",".4762311","2.114463",".0345573"
"_SstfXyea_39_1962","","","","","-.8938825",".4729493","-1.890017",".0588511","-.7889703",".389749","-2.024304",".0430266"
"_SstfXyea_39_1963","","","","","-1.15862",".4819415","-2.404068",".0162735","-.9034702",".4821143","-1.873975",".0610301"
"_SstfXyea_39_1964","","","","","-.1282636",".2652036","-.483642",".6286749",".0555398",".2825075",".1965959",".8441569"
"_SstfXyea_39_1965","","","","","-.5948823",".743957","-.7996192",".4239942","-.391889",".7002224","-.5596636",".5757503"
"_SstfXyea_39_1966","","","","","-.674004",".387502","-1.739357",".0820738","-.448931",".3862414","-1.162307",".2452025"
"_SstfXyea_39_1967","","","","","-.3168821",".5607033","-.5651512",".5720128","-.0531132",".6191953","-.0857779",".9316487"
"_SstfXyea_39_1968","","","","","2.305309","1.513226","1.52344",".1277532","2.575366","1.605387","1.604202",".1087739"
"_SstfXyea_39_1969","","","","",".1400182",".6280341",".2229468",".823592",".429116",".7046759",".6089552",".5425999"
"_SstfXyea_39_1970","","","","","-.0488258",".3056807","-.159728",".873106",".2504138",".3435243",".7289552",".4660855"
"_SstfXyea_39_1971","","","","",".7864652","1.077122",".7301543",".4653524","1.097368","1.200236",".9142936",".3606355"
"_SstfXyea_39_1972","","","","","4.174585","3.425073","1.218831",".2230034","4.513335","3.553414","1.270141",".2041322"
"_SstfXyea_39_1973","","","","","-.9032532",".7106953","-1.270943",".2038467","-.5631092",".6894268","-.8167788",".4141192"
"_SstfXyea_39_1974","","","","","-.656683",".4596645","-1.428614",".1532185","-.3135303",".4629266","-.6772787",".4982809"
"_SstfXyea_39_1975","","","","",".9568931","1.375755",".6955402",".4867702","1.343112","1.536346",".8742247",".3820653"
"_SstfXyea_39_1976","","","","","1.015333",".980778","1.035232",".3006434","1.378707","1.11117","1.240771",".2147867"
"_SstfXyea_39_1977","","","","",".2185155",".3840073",".5690399",".5693713",".5364595",".4853932","1.105206",".2691582"
"_SstfXyea_39_1978","","","","","1.595939",".7995808","1.995969",".0460268","1.976299","1.011522","1.953788",".0508183"
"_SstfXyea_39_1979","","","","",".2545602",".7285905",".3493872",".7268229",".6516912",".948395",".6871516",".4920399"
"_SstfXyea_39_1980","","","","","-.5897656",".4522529","-1.304061",".1923118","-.1687785",".3955241","-.4267212",".6696128"
"_SstfXyea_39_1981","","","","","-1.007988",".8396946","-1.200422",".2300694","-.5663214",".7182419","-.7884828",".4304761"
"_SstfXyea_39_1982","","","","","-.7937697","1.013576","-.783138",".4336073","-.3336606",".896491","-.3721851",".7097811"
"_SstfXyea_39_1983","","","","","-.5412927",".4991974","-1.084326",".2783067","-.0627409",".505119","-.1242102",".9011571"
"_SstfXyea_39_1984","","","","",".332574",".4568193",".728021",".4666571",".8295683",".7006706","1.183963",".2365206"
"_SstfXyea_39_1985","","","","","-1.108124",".841527","-1.316802",".1880048","-.5926873",".7518197","-.7883371",".4305613"
"_SstfXyea_39_1986","","","","","-.1720791",".4626109","-.3719737",".7099385",".3618003",".5257353",".6881795",".4913925"
"_SstfXyea_39_1987","","","","","-.2387756",".3663523","-.651765",".5146023",".3135463",".5544969",".5654609",".5718022"
"_SstfXyea_39_1988","","","","",".3581566",".3684171",".9721499",".3310537",".9289211",".5539286","1.676969",".0936518"
"_SstfXyea_40_1961","","","","","-.1876503",".5426659","-.3457934",".729522","-.1908509",".5521945","-.3456227",".7296503"
"_SstfXyea_40_1962","","","","","-.5918469",".4827199","-1.226067",".2202689","-.664947",".500014","-1.329857",".1836656"
"_SstfXyea_40_1963","","","","","-1.000971",".6154548","-1.626393",".1039702","-1.098984",".6514333","-1.687024",".0917018"
"_SstfXyea_40_1964","","","","","-.7896135",".6249939","-1.263394",".206545","-.9717274",".6748849","-1.439842",".1500156"
"_SstfXyea_40_1965","","","","","-.7660959",".5402933","-1.417926",".1563154","-.9562038",".5938444","-1.610192",".1074602"
"_SstfXyea_40_1966","","","","","-.8474406",".6399441","-1.324242",".1855228","-1.063914",".6983781","-1.523408",".1277613"
"_SstfXyea_40_1967","","","","","-.7472691",".6419357","-1.164087",".2444805","-.9762043",".6978825","-1.398809",".1619728"
"_SstfXyea_40_1968","","","","","-.3973331",".779438","-.5097687",".6102507","-.6437344",".8559726","-.7520502",".4520794"
"_SstfXyea_40_1969","","","","","-.3671875",".7574876","-.4847439",".6278931","-.6181836",".8468839","-.7299508",".4654767"
"_SstfXyea_40_1970","","","","","-.9705442",".6247392","-1.553519",".1204038","-1.221108",".7090745","-1.722115",".0851509"
"_SstfXyea_40_1971","","","","","-.4128485",".774798","-.5328467",".5941788","-.6650553",".8750047","-.7600591",".4472785"
"_SstfXyea_40_1972","","","","",".359844",".9382352",".3835329",".7013516",".1113414",".9933172",".1120905",".9107591"
"_SstfXyea_40_1973","","","","","-.1076203",".7160519","-.1502968",".8805405","-.3445239",".8145346","-.4229703",".672347"
"_SstfXyea_40_1974","","","","","-.0997764",".4751599","-.2099849",".8336936","-.3330193",".5690734","-.5851957",".5584597"
"_SstfXyea_40_1975","","","","","-.0242118",".4698184","-.0515344",".9589031","-.242762",".557493","-.4354529",".6632647"
"_SstfXyea_40_1976","","","","",".3239587",".3124454","1.036849",".2998891",".1374285",".4176873",".3290226",".7421614"
"_SstfXyea_40_1977","","","","",".0527413",".5868499",".0898719",".928395","-.1230146",".6818503","-.1804129",".8568405"
"_SstfXyea_40_1978","","","","","-.0207742",".6299728","-.0329763",".9736957","-.1575926",".7331052","-.2149659",".8298084"
"_SstfXyea_40_1979","","","","","-.2555922",".6942229","-.3681702",".7127721","-.3925648",".8050278","-.4876414",".6258392"
"_SstfXyea_40_1980","","","","",".207041",".2039368","1.015222",".3100814",".0731089",".279777",".2613115",".7938701"
"_SstfXyea_40_1981","","","","",".4490152",".4095512","1.096359",".2730089",".3148169",".4874083",".6458997",".5183933"
"_SstfXyea_40_1982","","","","",".1935995",".5245918",".3690479",".7121179",".056663",".6071954",".0933192",".9256562"
"_SstfXyea_40_1983","","","","",".5551071",".3458349","1.605122",".1085714",".4154324",".4460786",".9312987",".3517734"
"_SstfXyea_40_1984","","","","",".8168976",".3785397","2.158023",".0310045",".6744848",".4447634","1.516503",".1294968"
"_SstfXyea_40_1985","","","","","-.0288162",".415367","-.0693753",".9446955","-.1739672",".5936732","-.2930352",".7695153"
"_SstfXyea_40_1986","","","","",".5602984",".4511458","1.241945",".214353",".4124093",".5709383",".722336",".4701437"
"_SstfXyea_40_1987","","","","",".0268919",".4321454",".0622288",".9503848","-.1237354",".5849894","-.2115173",".8324979"
"_SstfXyea_40_1988","","","","","-.2162917",".4912988","-.4402447",".6597913","-.3696571",".6638516","-.5568369",".57768"
"_SstfXyea_41_1961","","","","",".5234536",".328666","1.592661",".1113406",".5202782",".3334134","1.56046",".1187559"
"_SstfXyea_41_1962","","","","",".4808045",".24423","1.968654",".0490839",".689659",".3194129","2.159145",".0309172"
"_SstfXyea_41_1963","","","","",".4898038",".4016241","1.219558",".2227276",".6618977",".4552439","1.453941",".1460664"
"_SstfXyea_41_1964","","","","","-.0194367",".1677354","-.1158773",".9077574",".0546103",".1727879",".316054",".7519833"
"_SstfXyea_41_1965","","","","",".1917453",".1927462",".9948072",".3199096",".2609459",".2200835","1.185668",".2358466"
"_SstfXyea_41_1966","","","","",".0286123",".2001635",".1429445",".8863435",".1276763",".2068309",".6172978",".5370848"
"_SstfXyea_41_1967","","","","","-.6923913",".4134387","-1.674713",".0940938","-.5988461",".3817917","-1.568515",".1168655"
"_SstfXyea_41_1968","","","","",".0059889",".4102442",".0145985",".9883535",".0856224",".42088",".2034365",".8388076"
"_SstfXyea_41_1969","","","","",".2432096",".4464885",".5447165",".5859887",".324431",".4697385",".690663",".4898303"
"_SstfXyea_41_1970","","","","","-.7074939",".3168676","-2.232774",".0256367","-.6413383",".3185836","-2.013092",".0441933"
"_SstfXyea_41_1971","","","","","-.1766345",".5793277","-.3048957",".7604666","-.1021562",".6159018","-.1658645",".8682747"
"_SstfXyea_41_1972","","","","",".2126728",".4232045",".5025295",".6153317",".2998424",".4748643",".6314277",".5278086"
"_SstfXyea_41_1973","","","","","-.0372956",".4621757","-.0806956",".9356893",".0106817",".5219159",".0204664",".9836727"
"_SstfXyea_41_1974","","","","","1.082993",".4109874","2.6351",".0084542","1.149835",".4543071","2.530965",".0114252"
"_SstfXyea_41_1975","","","","","-.0714844",".2636152","-.2711696",".7862791",".0231562",".3314434",".0698647",".944306"
"_SstfXyea_41_1976","","","","",".4996541",".2177394","2.294734",".0218165",".4946507",".3259313","1.517653",".1292063"
"_SstfXyea_41_1977","","","","",".7169208",".3244541","2.209622",".027206",".7379302",".4055698","1.81949",".0689355"
"_SstfXyea_41_1978","","","","",".513509",".3322047","1.545761",".122267",".5887409",".4297232","1.370047",".1707739"
"_SstfXyea_41_1979","","","","",".0279493",".3326734",".0840143",".9330506",".1101984",".4492989",".2452674",".806266"
"_SstfXyea_41_1980","","","","",".1259113",".1838662",".6847985",".4935235",".217252",".2611254",".8319834",".405484"
"_SstfXyea_41_1981","","","","",".4741705",".2422661","1.95723",".0504122",".5711482",".3295746","1.732986",".0832"
"_SstfXyea_41_1982","","","","",".4470765",".2776229","1.610373",".1074208",".5475589",".3497252","1.565683",".1175274"
"_SstfXyea_41_1983","","","","",".3025102",".2477622","1.22097",".2221927",".4064973",".3873985","1.0493",".2941237"
"_SstfXyea_41_1984","","","","",".6358736",".3422477","1.857934",".0632754",".7433654",".442396","1.680317",".0929989"
"_SstfXyea_41_1985","","","","","2.381964",".9096205","2.618635",".0088723","2.492961",".9102322","2.738819",".0062022"
"_SstfXyea_41_1986","","","","",".6400502",".3284357","1.948784",".0514136",".7545515",".454134","1.661517",".0967132"
"_SstfXyea_41_1987","","","","","1.653439",".6188107","2.671962",".0075813","1.771445",".6273685","2.823611",".0047797"
"_SstfXyea_41_1988","","","","",".6941802",".3611778","1.92199",".0547008",".8156909",".4627302","1.762779",".0780388"
"_SstfXyea_42_1961","","","","","1.560946",".8960084","1.742111",".0815906","1.62209",".9120788","1.778454",".0754297"
"_SstfXyea_42_1962","","","","",".6346479",".4302139","1.475192",".1402651",".6672931",".4518459","1.476815",".1398292"
"_SstfXyea_42_1963","","","","","-.8305048",".3781836","-2.196036",".028165","-.7028591",".3643707","-1.928967",".0538284"
"_SstfXyea_42_1964","","","","","3.082816","1.697377","1.816224",".069435","3.269454","1.677846","1.948601",".0514354"
"_SstfXyea_42_1965","","","","","1.349221",".8998446","1.499393",".1338759","1.604483",".8979748","1.78678",".0740732"
"_SstfXyea_42_1966","","","","","-.3360287",".4248418","-.7909502",".4290351","-.0246202",".427506","-.0575902",".9540789"
"_SstfXyea_42_1967","","","","","-.3459011",".6283512","-.5504901",".5820239",".039108",".6239825",".0626748",".9500296"
"_SstfXyea_42_1968","","","","",".0254763",".6671365",".0381876",".9695406",".4548223",".694946",".6544714",".5128579"
"_SstfXyea_42_1969","","","","","2.106779","1.314304","1.602962",".1090475","2.610737","1.357314","1.923459",".0545162"
"_SstfXyea_42_1970","","","","","3.643836","1.846648","1.973216",".0485618","4.23139","1.898092","2.229286",".025868"
"_SstfXyea_42_1971","","","","","3.788023","2.084545","1.817194",".0692863","4.395885","2.141762","2.052462",".0402106"
"_SstfXyea_42_1972","","","","",".5778221",".7786126",".7421176",".4580737","1.26911",".851793","1.489928",".1363475"
"_SstfXyea_42_1973","","","","","9.722404","4.243573","2.291089",".0220267","10.5114","4.337085","2.42361",".0154254"
"_SstfXyea_42_1974","","","","","9.224674","4.272074","2.159296",".0309055","9.957194","4.333822","2.297555",".0216551"
"_SstfXyea_42_1975","","","","","-.306215",".3254968","-.940762",".3469019",".5223816",".4353678","1.199863",".2302866"
"_SstfXyea_42_1976","","","","","-.1504334",".3118629","-.4823704",".6295778",".8074287",".450714","1.791444",".073322"
"_SstfXyea_42_1977","","","","","-.2934871",".417862","-.7023541",".4825124",".7302621",".4950948","1.474994",".1403181"
"_SstfXyea_42_1978","","","","","1.789863",".9987673","1.792072",".0732213","2.921406","1.220089","2.39442",".0167072"
"_SstfXyea_42_1979","","","","","2.976743","1.699315","1.751731",".0799214","4.187527","1.932341","2.167074",".030307"
"_SstfXyea_42_1980","","","","","1.159343",".3969892","2.920338",".0035224","2.445914",".6649776","3.67819",".000239"
"_SstfXyea_42_1981","","","","","2.128008",".7526962","2.82718",".0047268","3.492238","1.016038","3.437113",".0005959"
"_SstfXyea_42_1982","","","","",".1296074",".2879652",".4500799",".652685","1.569384",".5109692","3.071388",".0021496"
"_SstfXyea_42_1983","","","","",".2572042",".5234302",".491382",".6231919","1.772527",".8119817","2.182965",".029115"
"_SstfXyea_42_1984","","","","",".3243226",".3682093",".8808103",".3784905","1.915192",".6257525","3.060622",".0022282"
"_SstfXyea_42_1985","","","","","1.987067",".8593195","2.312373",".0208239","3.653483","1.21772","3.000265",".0027195"
"_SstfXyea_42_1986","","","","","-.4793386",".4119903","-1.163471",".2447303","1.262624",".5961046","2.118124",".0342459"
"_SstfXyea_42_1987","","","","","-.7771411",".3546111","-2.191531",".0284894","1.040367",".5421045","1.919127",".0550622"
"_SstfXyea_42_1988","","","","",".8776523",".5707572","1.537698",".124227","2.770707",".962426","2.878878",".0040189"
"_SstfXyea_44_1961","","","","",".57178",".347569","1.645084",".1000564",".5602744",".3509992","1.596227",".1105425"
"_SstfXyea_44_1962","","","","",".5358401",".2742532","1.953816",".050815",".7437577",".3584847","2.074726",".0380962"
"_SstfXyea_44_1963","","","","","-.1537488",".3238773","-.474713",".6350258",".0046708",".3673562",".0127147",".9898563"
"_SstfXyea_44_1964","","","","",".6332828",".3155677","2.006805",".0448593",".6801352",".3588724","1.895201",".058161"
"_SstfXyea_44_1965","","","","",".2049278",".2257259",".907861",".364024",".2403354",".2586159",".929314",".3528005"
"_SstfXyea_44_1966","","","","",".684488",".3511872","1.949069",".0513795",".7462062",".396514","1.881916",".0599433"
"_SstfXyea_44_1967","","","","","-.8327773",".4253993","-1.957637",".0503644","-.7836151",".3991075","-1.963419",".049689"
"_SstfXyea_44_1968","","","","",".6022127",".3660737","1.645059",".1000616",".6306531",".3944408","1.598853",".1099576"
"_SstfXyea_44_1969","","","","",".1682846",".4781734",".3519321",".7249137",".1925795",".4931229",".3905304",".6961719"
"_SstfXyea_44_1970","","","","","-.8034231",".3352713","-2.396337",".0166202","-.8010558",".3454585","-2.318819",".0204711"
"_SstfXyea_44_1971","","","","","-.071161",".7357886","-.0967139",".92296","-.0648889",".7609914","-.0852689",".9320533"
"_SstfXyea_44_1972","","","","",".1949062",".4597272",".4239606",".6716247",".2091474",".5035213",".4153696",".6779008"
"_SstfXyea_44_1973","","","","",".5861769",".420553","1.393824",".1634731",".5527158",".4824504","1.145643",".2520336"
"_SstfXyea_44_1974","","","","","-.1955558",".3328112","-.5875877",".5568529","-.2124246",".3984379","-.5331436",".5939733"
"_SstfXyea_44_1975","","","","","-.1050676",".2940779","-.3572781",".7209086","-.0972068",".3644707","-.2667067",".7897131"
"_SstfXyea_44_1976","","","","","1.186633",".3693041","3.213158",".0013266","1.082497",".3897968","2.777079",".0055188"
"_SstfXyea_44_1977","","","","",".7890338",".3403192","2.318511",".0204879",".7086157",".4012582","1.765984",".0774993"
"_SstfXyea_44_1978","","","","","1.251675",".496875","2.519094",".0118169","1.223212",".5165125","2.368214",".0179367"
"_SstfXyea_44_1979","","","","","-.0017149",".3668486","-.0046748",".9962704","-.0288098",".4788129","-.0601691",".9520249"
"_SstfXyea_44_1980","","","","",".1587566",".2054835",".7726003",".4398193",".1350074",".2666169",".5063721",".6126323"
"_SstfXyea_44_1981","","","","",".5319706",".2576783","2.064476",".0390577",".5081344",".319444","1.590684",".1117852"
"_SstfXyea_44_1982","","","","",".5181348",".2963415","1.748438",".0804896",".4920059",".3345269","1.470752",".1414623"
"_SstfXyea_44_1983","","","","",".3125365",".2655328","1.177017",".2392815",".284115",".4016516",".7073669",".479393"
"_SstfXyea_44_1984","","","","","2.107628",".7796409","2.703331",".0069032","2.076914",".7304679","2.843265",".0044953"
"_SstfXyea_44_1985","","","","",".5793259",".3556526","1.628909",".1034363",".5463192",".4716331","1.158356",".2468101"
"_SstfXyea_44_1986","","","","",".7108041",".3445686","2.062881",".039209",".6755047",".4480655","1.507603",".1317607"
"_SstfXyea_44_1987","","","","",".4581426",".2305621","1.987068",".0470049",".4205506",".3702463","1.135867",".2561022"
"_SstfXyea_44_1988","","","","",".7671018",".3920582","1.956602",".0504861",".7272172",".4434093","1.640059",".1010969"
"_SstfXyea_45_1961","","","","",".3783501",".2624796","1.441446",".1495622",".4042804",".2682593","1.507051",".131902"
"_SstfXyea_45_1962","","","","",".0163354",".1433841",".1139278",".9093026",".0169539",".1424854",".1189871",".9052934"
"_SstfXyea_45_1963","","","","","-.2479283",".2174721","-1.140047",".2543571","-.2149743",".2243468","-.9582232",".3380268"
"_SstfXyea_45_1964","","","","",".2366199",".1666636","1.419746",".1557848",".3600365",".1939961","1.855895",".0635656"
"_SstfXyea_45_1965","","","","",".3379074",".1328406","2.543705",".0110177",".5206072",".170393","3.055332",".0022677"
"_SstfXyea_45_1966","","","","",".1786337",".1599842","1.116571",".2642666",".3616294",".1711538","2.112891",".0346918"
"_SstfXyea_45_1967","","","","",".1563255",".2458964",".6357372",".5249958",".3559098",".247434","1.438403",".1504231"
"_SstfXyea_45_1968","","","","",".7219874",".2680553","2.693427",".0071112",".9531644",".3211739","2.967752",".0030234"
"_SstfXyea_45_1969","","","","",".6989475",".3176149","2.200613",".0278387",".9574982",".3795383","2.522798",".0116934"
"_SstfXyea_45_1970","","","","",".0673063",".1110843",".6059031",".5446246",".3479713",".1670903","2.082534",".0373775"
"_SstfXyea_45_1971","","","","",".837339",".3796962","2.205287",".0275089","1.133537",".449532","2.521593",".0117334"
"_SstfXyea_45_1972","","","","",".3020834",".3246459",".9305013",".3521858",".6118387",".3798121","1.610898",".1073062"
"_SstfXyea_45_1973","","","","",".4765135",".3171383","1.502542",".1330616",".8128956",".3748166","2.168782",".0301769"
"_SstfXyea_45_1974","","","","",".2271382",".2227061","1.019901",".3078568",".5758087",".2704906","2.128757",".033355"
"_SstfXyea_45_1975","","","","",".1845374",".2037184",".9058454",".3650898",".5368211",".2523461","2.127321",".0334741"
"_SstfXyea_45_1976","","","","",".1784546",".1961279",".9098892",".3629534",".565884",".2735309","2.068812",".0386485"
"_SstfXyea_45_1977","","","","",".200596",".2470047",".8121141",".4167901",".6045564",".3291796","1.836555",".0663736"
"_SstfXyea_45_1978","","","","",".2791041",".2578925","1.08225",".2792278",".6702228",".3547999","1.889016",".0589852"
"_SstfXyea_45_1979","","","","",".2345482",".2568467",".9131833",".3612189",".6268354",".3514716","1.78346",".0746117"
"_SstfXyea_45_1980","","","","","-.0630618",".1488064","-.4237841",".6717534",".3553108",".2202677","1.613086",".10683"
"_SstfXyea_45_1981","","","","",".1801237",".1525328","1.180885",".2377413",".6213135",".2787258","2.229121",".025879"
"_SstfXyea_45_1982","","","","",".0087499",".1808041",".0483942",".9614053",".4701259",".288914","1.627218",".103795"
"_SstfXyea_45_1983","","","","",".2016577",".2020914",".9978539",".31843",".6832199",".3349394","2.039831",".0414538"
"_SstfXyea_45_1984","","","","",".2428005",".2501197",".9707371",".3317568",".744549",".390259","1.907833",".0565074"
"_SstfXyea_45_1985","","","","",".2554183",".2520574","1.013334",".3109817",".777353",".3961095","1.96247",".0497993"
"_SstfXyea_45_1986","","","","",".224723",".2337511",".9613773",".3364393",".7668439",".3854035","1.989717",".046712"
"_SstfXyea_45_1987","","","","",".2346902",".1538846","1.525106",".1273373",".7969973",".3320934","2.399919",".0164588"
"_SstfXyea_45_1988","","","","",".0614016",".2257948",".2719356",".7856901",".6438949",".3804951","1.692255",".0907003"
"_SstfXyea_46_1961","","","","",".1124959",".0899541","1.250592",".2111801",".1181102",".0998013","1.183454",".2367224"
"_SstfXyea_46_1962","","","","","-.005684",".0252601","-.2250196",".8219792","-.0130781",".0355273","-.368115",".7128132"
"_SstfXyea_46_1963","","","","","-.0961142",".0752688","-1.276946",".2017194","-.1020373",".0730619","-1.396586",".1626404"
"_SstfXyea_46_1964","","","","","-.0297613",".038563","-.7717581",".440318","-.0528083",".0799925","-.660166",".5091975"
"_SstfXyea_46_1965","","","","",".0183224",".0772431",".2372045",".8125142","-.0014702",".1199667","-.012255",".9902229"
"_SstfXyea_46_1966","","","","","-.045284",".0498787","-.9078825",".3640126","-.0677361",".0896146","-.7558606",".4497916"
"_SstfXyea_46_1967","","","","","-.079235",".089838","-.8819765",".3778596","-.0999151",".114573","-.8720653",".3832419"
"_SstfXyea_46_1968","","","","",".1039712",".1167188",".8907838",".373116",".0833886",".2003135",".4162904",".6772271"
"_SstfXyea_46_1969","","","","",".1450276",".1405212","1.03207",".3021219",".1280515",".2343313",".5464551",".5847934"
"_SstfXyea_46_1970","","","","","-.0609215",".0479575","-1.270321",".204068","-.0730352",".1656518","-.440896",".6593198"
"_SstfXyea_46_1971","","","","",".123192",".1462369",".8424137",".399623",".1147155",".271081",".4231779",".6721956"
"_SstfXyea_46_1972","","","","",".1383543",".1260924","1.097245",".2726217",".135474",".2612821",".518497",".6041495"
"_SstfXyea_46_1973","","","","",".3419815",".1703894","2.007058",".0448322",".3469634",".3061348","1.133368",".2571496"
"_SstfXyea_46_1974","","","","",".0719868",".0659659","1.091272",".2752401",".0810167",".2398192",".3378241",".7355192"
"_SstfXyea_46_1975","","","","",".0910301",".0682886","1.333022",".182625",".1081804",".2455748",".440519",".6595927"
"_SstfXyea_46_1976","","","","",".1165285",".0734934","1.585565",".1129426",".1467598",".26796",".5476931",".5839431"
"_SstfXyea_46_1977","","","","",".1311339",".0896156","1.463293",".1434912",".1677122",".2933871",".5716411",".5676076"
"_SstfXyea_46_1978","","","","",".10876",".0932308","1.166568",".243477",".1607714",".3132759",".5131942",".6078529"
"_SstfXyea_46_1979","","","","",".148816",".1080393","1.377424",".1684831",".2056373",".3292147",".6246297",".5322612"
"_SstfXyea_46_1980","","","","","-.0114831",".0475252","-.2416222",".8090893",".0514277",".2970566",".1731244",".8625652"
"_SstfXyea_46_1981","","","","",".0678075",".0607398","1.11636",".2643568",".1357826",".3268933",".4153729",".6778984"
"_SstfXyea_46_1982","","","","",".0396173",".0643106",".6160302",".5379209",".1117894",".3409695",".3278574",".7430422"
"_SstfXyea_46_1983","","","","",".0832271",".0751575","1.10737",".268222",".1595962",".3682661",".433372",".6647754"
"_SstfXyea_46_1984","","","","",".0910037",".0837505","1.086605",".2772978",".1715697",".3869992",".4433335",".6575562"
"_SstfXyea_46_1985","","","","",".1004697",".0906154","1.108749",".2676264",".1852327",".4079149",".4540966",".6497919"
"_SstfXyea_46_1986","","","","",".1059181",".0862486","1.228056",".2195215",".1948781",".4166007",".4677814",".6399746"
"_SstfXyea_46_1987","","","","",".0775263",".0618793","1.252862",".2103527",".1706832",".4122545",".4140239",".678886"
"_SstfXyea_46_1988","","","","",".0714339",".0825989",".8648279",".3872018",".1687878",".4385376",".3848879",".7003475"
"_SstfXyea_47_1961","","","","","1.477178",".5929989","2.49103",".0127905","1.474521",".5944881","2.48032",".0131805"
"_SstfXyea_47_1962","","","","","1.04946",".4558713","2.302097",".0213973",".9694159",".4438664","2.184026",".0290369"
"_SstfXyea_47_1963","","","","",".4649962",".4230126","1.099249",".2717469",".4690403",".3832751","1.223769",".2211346"
"_SstfXyea_47_1964","","","","","-.0189206",".1864911","-.1014557",".9191954",".0884345",".1935906",".456812",".6478389"
"_SstfXyea_47_1965","","","","","1.327443",".8204087","1.618026",".1057612","1.433213",".8445118","1.697091",".0897824"
"_SstfXyea_47_1966","","","","",".049732",".2152705",".2310209",".8173142",".1357725",".2085893",".6509084",".515155"
"_SstfXyea_47_1967","","","","","-.350103",".3758559","-.9314819",".3516787","-.2492393",".3639131","-.6848869",".4934678"
"_SstfXyea_47_1968","","","","","1.181952",".4672438","2.529626",".0114688","1.308512",".5105085","2.563153",".0104206"
"_SstfXyea_47_1969","","","","",".3609236",".4272964",".8446679",".3983631",".4940899",".4525285","1.091843",".2749892"
"_SstfXyea_47_1970","","","","","-.288576",".1686289","-1.711309",".0871267","-.1450056",".1783791","-.812907",".4163353"
"_SstfXyea_47_1971","","","","",".5373292",".5306061","1.01267",".3112985",".6822538",".5941269","1.14833",".2509231"
"_SstfXyea_47_1972","","","","",".3410879",".4770827",".7149451",".4746981",".485602",".5157378",".9415675",".3464893"
"_SstfXyea_47_1973","","","","",".1092715",".4097577",".2666734",".7897388",".2772615",".4585081",".6047035",".5454214"
"_SstfXyea_47_1974","","","","","-.1818467",".2437437","-.746057",".4556909","-.0171507",".3153144","-.0543925",".956626"
"_SstfXyea_47_1975","","","","","-.0492973",".2389792","-.2062829",".8365838",".105026",".3060778",".3431349",".7315208"
"_SstfXyea_47_1976","","","","",".1758981",".2567303",".6851474",".4933034",".3788957",".3380667","1.120772",".2624739"
"_SstfXyea_47_1977","","","","",".558598",".3279294","1.703409",".0885942",".7302513",".4079886","1.789882",".0735729"
"_SstfXyea_47_1978","","","","","1.007096",".4222167","2.38526",".0171283","1.135303",".5214522","2.177194",".0295431"
"_SstfXyea_47_1979","","","","",".3237638",".4049095",".7995956",".4240079",".4606019",".4785625",".9624697",".3358906"
"_SstfXyea_47_1980","","","","",".3594467",".3042249","1.181516",".2374905",".507289",".3424773","1.481234",".1386484"
"_SstfXyea_47_1981","","","","",".3942175",".2332465","1.690133",".0911055",".5498811",".3497348","1.57228",".1159901"
"_SstfXyea_47_1982","","","","",".5672259",".2360362","2.403131",".0163152",".7286665",".3352339","2.173606",".029812"
"_SstfXyea_47_1983","","","","",".208546",".2536972",".8220275",".411126",".3757636",".396698",".9472284",".343598"
"_SstfXyea_47_1984","","","","",".9422202",".475939","1.979708",".0478268","1.115215",".5923422","1.882721",".0598341"
"_SstfXyea_47_1985","","","","",".4419425",".3274352","1.34971",".17721",".6207141",".4796087","1.294209",".1956918"
"_SstfXyea_47_1986","","","","",".5491026",".3139668","1.748919",".0804063",".7336513",".4710509","1.557478",".1194617"
"_SstfXyea_47_1987","","","","",".3741412",".2181858","1.714783",".0864875",".5644669",".394606","1.430457",".1526892"
"_SstfXyea_47_1988","","","","",".6010507",".327832","1.833411",".0668397",".7971535",".4800064","1.660714",".0968745"
"_SstfXyea_48_1961","","","","",".365576",".3708107",".9858832",".3242693",".3513999",".3788555",".9275303",".3537253"
"_SstfXyea_48_1962","","","","","-.4195467",".2996743","-1.400009",".1616131","-.5244087",".3051614","-1.718463",".0858145"
"_SstfXyea_48_1963","","","","","-.8566754",".3658966","-2.341305",".019281","-.9068248",".3437428","-2.638091",".0083801"
"_SstfXyea_48_1964","","","","","-.2786154",".2600083","-1.071564",".2840015","-.3580824",".2648782","-1.351876",".1765161"
"_SstfXyea_48_1965","","","","","-.2880115",".3189688","-.9029458",".3666265","-.3610132",".3028798","-1.191936",".23338"
"_SstfXyea_48_1966","","","","","-.3813512",".2777371","-1.373066",".1698337","-.4870824",".2774805","-1.755375",".0792964"
"_SstfXyea_48_1967","","","","",".0597547",".4585205",".1303207",".8963214","-.0464274",".4755589","-.097627",".922235"
"_SstfXyea_48_1968","","","","",".1628244",".7472038",".2179116",".8275127",".0480582",".7535984",".0637717",".9491563"
"_SstfXyea_48_1969","","","","",".1268774",".5244427",".2419281",".8088523",".0084825",".5620669",".0150917",".98796"
"_SstfXyea_48_1970","","","","","-.1479275",".7275794","-.2033146",".8389028","-.268076",".7253646","-.3695742",".7117256"
"_SstfXyea_48_1971","","","","","-.2804",".6950586","-.4034193",".6866683","-.4102533",".7244603","-.5662881",".5712399"
"_SstfXyea_48_1972","","","","","1.256914","1.338963",".9387219",".3479485","1.123589","1.358435",".8271198",".4082344"
"_SstfXyea_48_1973","","","","",".2209628",".5030383",".4392564",".6605071",".0973107",".5491733",".1771949",".8593672"
"_SstfXyea_48_1974","","","","",".0531757",".6838493",".0777593",".9380246","-.0826989",".7100393","-.1164709",".9072871"
"_SstfXyea_48_1975","","","","",".2916049",".8287885",".3518447",".7249792",".1574642",".8429884",".1867929",".8518356"
"_SstfXyea_48_1976","","","","",".2759772",".6487345",".4254085",".6705692",".1743725",".6818493",".2557347",".7981731"
"_SstfXyea_48_1977","","","","",".1546613",".3740818",".4134424",".6793118",".0179392",".4646413",".0386088",".9692049"
"_SstfXyea_48_1978","","","","",".3737389",".5979217",".6250633",".5319767",".2414755",".6630212",".3642047",".7157306"
"_SstfXyea_48_1979","","","","",".3307818",".8545199",".3870966",".6987119",".1845887",".8966711",".20586",".8369141"
"_SstfXyea_48_1980","","","","",".3899459",".799283",".4878697",".6256775",".2425975",".8222412",".2950443",".7679803"
"_SstfXyea_48_1981","","","","",".3401049",".4736136",".7181063",".4727472",".1880955",".5300281",".3548783",".7227055"
"_SstfXyea_48_1982","","","","",".0439089",".3709793",".1183595",".9057907","-.1147123",".4406648","-.2603164",".7946374"
"_SstfXyea_48_1983","","","","",".5011401",".7446868",".6729542",".5010278",".3359072",".7999538",".4199082",".6745823"
"_SstfXyea_48_1984","","","","",".643248",".3768885","1.706733",".0879743",".4714033",".5018173",".9393923",".3476043"
"_SstfXyea_48_1985","","","","",".5696387",".6758699",".842823",".399394",".3911823",".7645059",".5116799",".6089124"
"_SstfXyea_48_1986","","","","",".724378",".4941133","1.466016",".1427478",".5393099",".6180261",".8726329",".3829325"
"_SstfXyea_48_1987","","","","","-.0162345",".368079","-.044106",".9648228","-.2079144",".4826311","-.4307936",".6666491"
"_SstfXyea_48_1988","","","","",".6616891",".305488","2.166007",".0303885",".4633974",".4861039",".9532888",".3405199"
"_SstfXyea_49_1961","","","","",".4690023",".2898406","1.618139",".1057369",".4493124",".2932775","1.532038",".1256175"
"_SstfXyea_49_1962","","","","",".2696147",".1502633","1.794281",".072868",".1638085",".1753797",".9340221",".350367"
"_SstfXyea_49_1963","","","","","-.4562004",".2539548","-1.796384",".0725332","-.6083352",".3020985","-2.013698",".0441296"
"_SstfXyea_49_1964","","","","","-.3686653",".1952124","-1.888534",".0590498","-.6115532",".2805384","-2.179927",".0293397"
"_SstfXyea_49_1965","","","","","-.1462287",".1510551","-.9680492",".3330972","-.4084009",".2284049","-1.788056",".0738669"
"_SstfXyea_49_1966","","","","","-.4520026",".209024","-2.162443",".0306621","-.7477544",".3108445","-2.405558",".0162074"
"_SstfXyea_49_1967","","","","","-.8909121",".379672","-2.346531",".0190133","-1.207767",".4870141","-2.479942",".0131944"
"_SstfXyea_49_1968","","","","","-.2971231",".3738722","-.7947185",".4268396","-.6383646",".4911538","-1.299724",".1937944"
"_SstfXyea_49_1969","","","","","-.1149386",".4045621","-.2841061",".7763485","-.4687124",".5112441","-.9168074",".3593166"
"_SstfXyea_49_1970","","","","","-.5108484",".2224514","-2.296449",".0217182","-.8714921",".372616","-2.338848",".0194081"
"_SstfXyea_49_1971","","","","","-.0747037",".4659886","-.1603124",".8726457","-.4414867",".5747309","-.7681624",".4424506"
"_SstfXyea_49_1972","","","","",".267279",".391473",".6827523",".4948157","-.1027871",".4692145","-.2190621",".8266165"
"_SstfXyea_49_1973","","","","",".1115934",".3512858",".3176712",".7507563","-.2535362",".4638148","-.5466323",".5846717"
"_SstfXyea_49_1974","","","","",".0594686",".2270508",".2619175",".7934029","-.3020053",".3503807","-.8619346",".3887918"
"_SstfXyea_49_1975","","","","",".133515",".2193003",".6088227",".5426877","-.2185641",".3298739","-.6625687",".5076573"
"_SstfXyea_49_1976","","","","",".3326866",".2114941","1.57303",".1158164",".0084353",".315829",".0267083",".9786941"
"_SstfXyea_49_1977","","","","",".5868607",".2989856","1.96284",".0497563",".2709734",".3562094",".7607137",".4468874"
"_SstfXyea_49_1978","","","","",".4209108",".3003047","1.401612",".1611336",".1331846",".3938382",".3381709",".7352579"
"_SstfXyea_49_1979","","","","","-.0303001",".2979637","-.1016905",".9190091","-.3259163",".4445657","-.7331115",".4635472"
"_SstfXyea_49_1980","","","","",".1026873",".1563067",".6569604",".5112563","-.1996227",".2808815","-.7107009",".4773244"
"_SstfXyea_49_1981","","","","",".7102921",".3742159","1.898081",".0577805",".3982293",".3954865","1.006935",".3140463"
"_SstfXyea_49_1982","","","","",".3873559",".2405931","1.610004",".1075013",".064166",".3286693",".1952296",".8452263"
"_SstfXyea_49_1983","","","","",".1983921",".2364279",".8391233",".4014664","-.1359248",".4061773","-.3346439",".7379169"
"_SstfXyea_49_1984","","","","",".5424403",".3005963","1.804547",".0712449",".1969963",".4060976",".4850961",".6276433"
"_SstfXyea_49_1985","","","","",".4241581",".3025368","1.402005",".1610164",".0675871",".4506122",".1499895",".8807829"
"_SstfXyea_49_1986","","","","",".5261172",".2966897","1.773291",".076281",".1584192",".4299603",".3684508",".7125629"
"_SstfXyea_49_1987","","","","",".6447503",".3530459","1.82625",".067911",".2659252",".4336492",".6132266",".5397726"
"_SstfXyea_49_1988","","","","",".5871456",".3138005","1.871079",".0614306",".1971934",".4258234",".4630874",".643335"
"_SstfXyea_50_1961","","","","",".302127",".2464923","1.225706",".2204049",".3256516",".2508052","1.298425",".1942404"
"_SstfXyea_50_1962","","","","","-.0615777",".0789404","-.7800534",".4354204","-.0660131",".0738872","-.8934298",".3716981"
"_SstfXyea_50_1963","","","","","-.2289117",".2051271","-1.115951",".2645319","-.2127299",".2244886","-.9476201",".3433985"
"_SstfXyea_50_1964","","","","",".0535921",".1059793",".5056846",".6131149",".0289338",".1240013",".2333349",".8155171"
"_SstfXyea_50_1965","","","","","-.091346",".1255221","-.7277285",".4668361","-.1066343",".1439554","-.7407452",".4589054"
"_SstfXyea_50_1966","","","","","-.0258967",".1344444","-.1926198",".8472697","-.0467629",".1508758","-.3099431",".7566256"
"_SstfXyea_50_1967","","","","",".0020012",".2311611",".0086573",".9930931","-.0067235",".2406375","-.0279405",".9777114"
"_SstfXyea_50_1968","","","","",".5486038",".2897182","1.893577",".0583765",".5429711",".3125709","1.737114",".0824688"
"_SstfXyea_50_1969","","","","",".628799",".3567342","1.762654",".0780597",".6352044",".3828387","1.659196",".09718"
"_SstfXyea_50_1970","","","","","-.0543067",".1167373","-.4652043",".6418187","-.0321937",".1577942","-.2040235",".8383488"
"_SstfXyea_50_1971","","","","",".5742308",".4029939","1.424912",".1542858",".6067515",".4436105","1.367757",".1714896"
"_SstfXyea_50_1972","","","","",".4656244",".3531671","1.318425",".1874611",".5155928",".3953161","1.304255",".192246"
"_SstfXyea_50_1973","","","","",".6391691",".3111321","2.054333",".0400291",".7132583",".372133","1.916676",".0553732"
"_SstfXyea_50_1974","","","","",".3062322",".1983025","1.544268",".1226281",".3872628",".2688887","1.440235",".1499044"
"_SstfXyea_50_1975","","","","",".336784",".1903679","1.769122",".0769743",".4404323",".257671","1.709281",".0875014"
"_SstfXyea_50_1976","","","","",".3462119",".185891","1.862446",".0626372",".487447",".2821772","1.72745",".084189"
"_SstfXyea_50_1977","","","","",".3106194",".2340834","1.326961",".1846218",".4662348",".3265994","1.427543",".1535266"
"_SstfXyea_50_1978","","","","",".3128379",".2650633","1.180238",".2379982",".5130348",".3497555","1.466839",".1425239"
"_SstfXyea_50_1979","","","","",".242895",".2698965",".8999562",".3682152",".4613659",".3502372","1.317296",".1878392"
"_SstfXyea_50_1980","","","","","-.0939235",".1497553","-.6271796",".5305889",".1456287",".2368271",".6149156",".5386567"
"_SstfXyea_50_1981","","","","",".134119",".1714105",".7824432",".4340154",".3899473",".2961845","1.316569",".1880828"
"_SstfXyea_50_1982","","","","",".0123512",".1863922",".0662644",".9471717",".2828886",".3088466",".9159518",".3597652"
"_SstfXyea_50_1983","","","","",".2520055",".2098148","1.201086",".229812",".537252",".3532908","1.520708",".1284377"
"_SstfXyea_50_1984","","","","",".1735098",".2302714",".7535014",".4512073",".4734653",".3679729","1.286685",".1983024"
"_SstfXyea_50_1985","","","","",".2505289",".2542679",".9852947",".3245581",".5651934",".3985345","1.41818",".1562413"
"_SstfXyea_50_1986","","","","",".2288665",".233806",".9788735",".3277208",".5582401",".3926428","1.42175",".1552018"
"_SstfXyea_50_1987","","","","",".1892149",".1673515","1.130644",".2582947",".5332976",".3525521","1.512677",".130466"
"_SstfXyea_50_1988","","","","",".0649495",".2273914",".2856286",".7751822",".4237413",".3904165","1.085357",".27785"
"_SstfXyea_51_1961","","","","",".2095454",".25182",".8321237",".4054048",".2131518",".2604144",".8185102",".4131304"
"_SstfXyea_51_1962","","","","",".1356857",".1686248",".8046605",".4210788",".0869866",".1723593",".504682",".6138189"
"_SstfXyea_51_1963","","","","","-.5992964",".2503244","-2.394079",".0167227","-.6610019",".2675828","-2.47027",".0135559"
"_SstfXyea_51_1964","","","","","-.2600619",".1685255","-1.54316",".1228965","-.206731",".1677606","-1.232298",".2179336"
"_SstfXyea_51_1965","","","","",".0265518",".1477076",".1797591",".8573537",".0843262",".1559879",".5405948",".5888267"
"_SstfXyea_51_1966","","","","","-.2417258",".1984728","-1.217929",".2233459","-.1936392",".187888","-1.03061",".3028062"
"_SstfXyea_51_1967","","","","","-.506946",".2670837","-1.898079",".0577807","-.4573599",".2624557","-1.742617",".0815021"
"_SstfXyea_51_1968","","","","","-.0255714",".2883273","-.0886889",".929335",".0532264",".3310143",".160798",".8722632"
"_SstfXyea_51_1969","","","","","-.1076684",".3297974","-.3264683",".7440926","-.0183023",".3819892","-.0479131",".9617886"
"_SstfXyea_51_1970","","","","","-.319937",".1747439","-1.830891",".0672151","-.2176411",".1860475","-1.169815",".2421677"
"_SstfXyea_51_1971","","","","",".2628008",".3584892",".7330788",".4635672",".3774735",".431438",".8749196",".3816871"
"_SstfXyea_51_1972","","","","",".142138",".3304314",".430159",".6671106",".2590757",".4239881",".6110447",".5412159"
"_SstfXyea_51_1973","","","","",".2430287",".2752736",".8828624",".3773808",".3826342",".360561","1.061219",".2886752"
"_SstfXyea_51_1974","","","","","-.0863249",".2164173","-.3988818",".6900084",".0723322",".2829843",".2556051",".7982732"
"_SstfXyea_51_1975","","","","",".0699035",".2316389",".3017777",".7628422",".2191243",".2861764",".7656965",".4439166"
"_SstfXyea_51_1976","","","","","-.0617955",".2084912","-.2963937",".7669498",".1287899",".3127438",".4118064",".6805105"
"_SstfXyea_51_1977","","","","",".3459598",".2498481","1.384681",".1662522",".5590439",".3465051","1.613379",".1067665"
"_SstfXyea_51_1978","","","","",".2662051",".244771","1.087568",".2768725",".4358099",".3955163","1.101876",".2706033"
"_SstfXyea_51_1979","","","","","-.0983897",".278027","-.3538852",".7234496",".082714",".4085425",".2024612",".8395698"
"_SstfXyea_51_1980","","","","",".0586831",".1501231",".3909002",".6958985",".2533352",".2877886",".8802821",".3787764"
"_SstfXyea_51_1981","","","","",".3069007",".210329","1.459146",".1446288",".5127075",".313814","1.633794",".1024061"
"_SstfXyea_51_1982","","","","",".2462032",".1865729","1.319609",".1870656",".4615422",".3499094","1.319034",".1872577"
"_SstfXyea_51_1983","","","","",".0832127",".2017381",".412479",".6800176",".3080839",".3636285",".8472489",".3969234"
"_SstfXyea_51_1984","","","","",".6816608",".3039507","2.242669",".0249903",".9160641",".4298876","2.130939",".0331746"
"_SstfXyea_51_1985","","","","",".2671575",".2431551","1.098713",".2719808",".511093",".4525772","1.129295",".2588631"
"_SstfXyea_51_1986","","","","",".2542114",".2323875","1.093912",".2740807",".507679",".4290819","1.183175",".2368327"
"_SstfXyea_51_1987","","","","",".2367897",".1736779","1.363384",".1728631",".4997894",".4001323","1.24906",".2117396"
"_SstfXyea_51_1988","","","","",".3734972",".2256245","1.655393",".0979486",".6460291",".4512364","1.431686",".1523368"
"_SstfXyea_53_1961","","","","",".5049539",".3255719","1.550975",".1210122",".516361",".3315886","1.557234",".1195195"
"_SstfXyea_53_1962","","","","",".0724012",".1152978",".6279492",".5300846",".0186317",".0988618",".1884616",".8505274"
"_SstfXyea_53_1963","","","","","-.4946443",".2810886","-1.759745",".078552","-.569956",".3214103","-1.773297",".0762801"
"_SstfXyea_53_1964","","","","",".0518664",".1947577",".2663126",".7900166",".1969973",".2305342",".8545254",".3928816"
"_SstfXyea_53_1965","","","","",".7272783",".3753173","1.937769",".0527443",".8811465",".3947334","2.232258",".0256709"
"_SstfXyea_53_1966","","","","",".481295",".2654192","1.813339",".0698786",".6248565",".2899781","2.15484",".031253"
"_SstfXyea_53_1967","","","","","-.4355889",".4241543","-1.026959",".304522","-.2887485",".4513612","-.6397282",".5223978"
"_SstfXyea_53_1968","","","","",".8899073",".34597","2.57221",".0101525","1.090172",".4245867","2.567608",".0102879"
"_SstfXyea_53_1969","","","","",".8501406",".4156013","2.045568",".0408852","1.068059",".4907476","2.176391",".0296031"
"_SstfXyea_53_1970","","","","",".2500172",".2110616","1.18457",".2362806",".4881557",".2690647","1.814269",".0697353"
"_SstfXyea_53_1971","","","","",".2938849",".5125174",".5734145",".5664067",".5518875",".5980261",".9228485",".3561597"
"_SstfXyea_53_1972","","","","",".2356078",".4182009",".5633842",".573215",".4941766",".5045561",".9794283",".3274467"
"_SstfXyea_53_1973","","","","",".6093717",".3654486","1.667462",".095526",".9012422",".4596095","1.960887",".0499838"
"_SstfXyea_53_1974","","","","","-.0447814",".2728503","-.1641245",".8696441",".2764996",".3663482",".7547454",".4504605"
"_SstfXyea_53_1975","","","","",".9458356",".4784223","1.976989",".0481335","1.243009",".5105421","2.434685",".0149622"
"_SstfXyea_53_1976","","","","",".168568",".2192234",".7689324",".4419934",".5237274",".3554304","1.473502",".1407197"
"_SstfXyea_53_1977","","","","",".3820179",".2935525","1.301362",".1932338",".7743746",".4143745","1.86878",".06175"
"_SstfXyea_53_1978","","","","","1.004309",".4786527","2.0982",".0359702","1.310248",".5500842","2.381903",".0172849"
"_SstfXyea_53_1979","","","","",".3749889",".493659",".7596111",".4475462",".7000602",".6568996","1.065703",".2866427"
"_SstfXyea_53_1980","","","","",".1045559",".1799747",".5809479",".5613188",".4514196",".2958963","1.525601",".1272138"
"_SstfXyea_53_1981","","","","",".6115093",".221934","2.755365",".0058978",".9768373",".4007688","2.437408",".0148502"
"_SstfXyea_53_1982","","","","",".4245685",".26866","1.580319",".1141383",".8058691",".3789407","2.126636",".033531"
"_SstfXyea_53_1983","","","","",".3171367",".2445963","1.296572",".1948774",".7144099",".4408393","1.620568",".1052146"
"_SstfXyea_53_1984","","","","","1.609478",".7746004","2.077817",".0378103","2.022724",".7944214","2.54616",".0109407"
"_SstfXyea_53_1985","","","","",".6788022",".3306469","2.052952",".0401631","1.108021",".5530889","2.003332",".0452307"
"_SstfXyea_53_1986","","","","",".7786387",".3056713","2.547307",".0109049","1.22383",".5309965","2.304779",".0212463"
"_SstfXyea_53_1987","","","","",".4094854",".2124226","1.927692",".0539869",".870649",".4270009","2.038986",".0415381"
"_SstfXyea_53_1988","","","","",".6161382",".3662364","1.682351",".0926039","1.093274",".5102854","2.142476",".0322347"
"_SstfXyea_54_1961","","","","",".331424",".2388306","1.387695",".1653322",".3642513",".2492877","1.461168",".1440731"
"_SstfXyea_54_1962","","","","","-.0150876",".0668582","-.225665",".8214772","-.0022903",".0616302","-.0371618",".9703585"
"_SstfXyea_54_1963","","","","","-.2244947",".1976698","-1.135706",".2561698","-.1726774",".1980147","-.8720432",".383254"
"_SstfXyea_54_1964","","","","",".1875074",".1027438","1.825",".0680996",".3368472",".1521369","2.214106",".0268958"
"_SstfXyea_54_1965","","","","",".127911",".0995506","1.284884",".1989311",".3053693",".1544406","1.977261",".0481028"
"_SstfXyea_54_1966","","","","",".0834276",".1585841",".5260778",".5988727",".2686037",".1929791","1.39188",".1640611"
"_SstfXyea_54_1967","","","","",".0907654",".2470204",".3674411",".7133157",".2994381",".258152","1.159929",".2461691"
"_SstfXyea_54_1968","","","","",".8072348",".38084","2.119616",".0341196","1.055308",".479958","2.198751",".0279711"
"_SstfXyea_54_1969","","","","",".5899417",".3359807","1.75588",".0792101",".8662685",".4346978","1.992806",".0463724"
"_SstfXyea_54_1970","","","","",".0139618",".1121303",".1245138",".9009168",".3199591",".2055879","1.556313",".1197383"
"_SstfXyea_54_1971","","","","",".6399089",".3761777","1.701081",".0890305",".9694947",".4854676","1.997033",".045911"
"_SstfXyea_54_1972","","","","",".341724",".3186961","1.072257",".2836903",".6928905",".4260569","1.626286",".1039929"
"_SstfXyea_54_1973","","","","",".6017792",".3112115","1.933666",".0532473",".9909648",".4149571","2.388114",".0169961"
"_SstfXyea_54_1974","","","","",".2135765",".1831947","1.165844",".2437693",".623762",".3008324","2.073453",".0382145"
"_SstfXyea_54_1975","","","","",".2627151",".1784547","1.472167",".1410799",".6849283",".2895826","2.365226",".0180818"
"_SstfXyea_54_1976","","","","",".2534905",".1680621","1.508314",".1315785",".7279635",".3241177","2.245985",".0247768"
"_SstfXyea_54_1977","","","","",".2476061",".2226504","1.112085",".2661901",".746958",".3776067","1.978137",".0480038"
"_SstfXyea_54_1978","","","","",".5449434",".2772189","1.965751",".0494187","1.039645",".4572765","2.27356",".0230622"
"_SstfXyea_54_1979","","","","",".3035617",".2427766","1.250375",".2112594",".8266935",".4126589","2.003334",".0452305"
"_SstfXyea_54_1980","","","","",".0160532",".1204749",".1332496",".8940048",".5730322",".2860481","2.003272",".0452371"
"_SstfXyea_54_1981","","","","",".1885727",".1521684","1.239237",".2153539",".7765059",".3547054","2.189157",".0286616"
"_SstfXyea_54_1982","","","","",".1025391",".1632842",".6279794",".5300648",".7184623",".3617294","1.986187",".0471027"
"_SstfXyea_54_1983","","","","",".2780026",".1919626","1.448213",".1476612",".9219158",".4188857","2.200876",".02782"
"_SstfXyea_54_1984","","","","",".2407858",".2167006","1.111145",".2665943",".9126889",".4547667","2.006939",".044845"
"_SstfXyea_54_1985","","","","",".2995482",".2386444","1.255208",".2095003",".9994413",".489117","2.043358",".0411034"
"_SstfXyea_54_1986","","","","",".4336391",".2692135","1.610763",".1073358","1.161522",".5335835","2.176833",".0295701"
"_SstfXyea_54_1987","","","","",".2404106",".1538686","1.562441",".1182888",".9962836",".4334691","2.298396",".0216071"
"_SstfXyea_54_1988","","","","",".1624988",".2134204",".7614026",".446476",".9463618",".4873007","1.942049",".0522238"
"_SstfXyea_55_1961","","","","",".5809776",".3381431","1.718141",".0858732",".5891523",".3446953","1.709197",".0875169"
"_SstfXyea_55_1962","","","","",".8594228",".2829882","3.036956",".0024102",".7923966",".2718162","2.915192",".0035808"
"_SstfXyea_55_1963","","","","","-.1478901",".323607","-.4570053",".6477",".0813354",".3665001",".2219246",".8243875"
"_SstfXyea_55_1964","","","","","-.0425637",".2070529","-.205569",".8371414",".1272136",".2179022",".5838103",".5593915"
"_SstfXyea_55_1965","","","","",".2680197",".1974864","1.357155",".1748332",".4488261",".2267614","1.979288",".0478741"
"_SstfXyea_55_1966","","","","","-.1165312",".2070249","-.5628849",".573555",".055991",".2276353",".245968",".8057237"
"_SstfXyea_55_1967","","","","","-.5647263",".3751385","-1.505381",".1323305","-.328759",".3683945","-.89241",".3722442"
"_SstfXyea_55_1968","","","","",".5971128",".3641952","1.639541",".1012047",".8437358",".4124436","2.0457",".0408722"
"_SstfXyea_55_1969","","","","",".1152906",".4454685",".2588076",".7958013",".3802166",".4678622",".8126679",".4164724"
"_SstfXyea_55_1970","","","","","-.3771845",".2001554","-1.884458",".0595988","-.0873318",".2113467","-.4132156",".679478"
"_SstfXyea_55_1971","","","","","-.3139341",".5853672","-.5363028",".5917888","-.0235147",".6044884","-.0389001",".9689726"
"_SstfXyea_55_1972","","","","",".1385957",".4478387",".3094768",".7569801",".4566655",".495639",".9213673",".3569321"
"_SstfXyea_55_1973","","","","",".6343386",".3990365","1.589676",".1120124",".9919351",".4651442","2.132533",".0330434"
"_SstfXyea_55_1974","","","","","-.2510557",".3059678","-.8205299",".4119787",".0790589",".33982",".2326493",".8160495"
"_SstfXyea_55_1975","","","","","1.278836",".4157313","3.076112",".0021159","1.650017",".5352363","3.082782",".0020692"
"_SstfXyea_55_1976","","","","",".1196285",".2389584",".5006247",".6166717",".5589609",".3370114","1.658582",".0973038"
"_SstfXyea_55_1977","","","","","1.502848",".4633323","3.243563",".0011933","1.824912",".5732414","3.183497",".0014698"
"_SstfXyea_55_1978","","","","",".5705985",".3458666","1.649764",".0990949",".950876",".4794786","1.983146",".0474414"
"_SstfXyea_55_1979","","","","",".7171775",".403997","1.775205",".0759645","1.119948",".5525409","2.026905",".0427596"
"_SstfXyea_55_1980","","","","","1.633557",".5229257","3.12388",".0018017","2.061021",".6338958","3.251355",".0011612"
"_SstfXyea_55_1981","","","","",".6207796",".2245196","2.764924",".0057281","1.070033",".3761712","2.844538",".0044775"
"_SstfXyea_55_1982","","","","","2.000199",".5966099","3.352608",".0008104","2.46887",".7240254","3.409922",".0006583"
"_SstfXyea_55_1983","","","","",".3111146",".2650604","1.17375",".2405876",".7992025",".4224487","1.891833",".0586086"
"_SstfXyea_55_1984","","","","",".7522831",".3299393","2.280065",".0226731","1.259788",".4990351","2.524448",".0116388"
"_SstfXyea_55_1985","","","","",".5974469",".3457616","1.727916",".0841054","1.124369",".5120362","2.195878",".0281763"
"_SstfXyea_55_1986","","","","","1.456115",".4470037","3.257501",".0011364","2.002454",".6270485","3.19346",".0014202"
"_SstfXyea_55_1987","","","","",".4754283",".2195364","2.165601",".0304196","1.041185",".4300751","2.420937",".015539"
"_SstfXyea_55_1988","","","","",".8215204",".3424427","2.399001",".0165","1.406694",".5372855","2.61815",".0088849"
"_SstfXyea_56_1961","","","","",".3744566",".2693218","1.390369",".1645192",".3817903",".2735534","1.39567",".1629163"
"_SstfXyea_56_1962","","","","","-.0112017",".071159","-.1574177",".8749262","-.0553573",".0638088","-.8675487",".3857102"
"_SstfXyea_56_1963","","","","","-.3138206",".2272484","-1.380958",".1673937","-.3601093",".2641193","-1.363434",".1728471"
"_SstfXyea_56_1964","","","","","-.0652009",".1549097","-.4208958",".673861","-.1738779",".2306101","-.7539908",".4509134"
"_SstfXyea_56_1965","","","","","-.1138631",".1330913","-.8555261",".3923277","-.2269492",".1976694","-1.148125",".2510077"
"_SstfXyea_56_1966","","","","","-.1633517",".1657429","-.9855727",".3244217","-.2951256",".2419532","-1.219763",".2226496"
"_SstfXyea_56_1967","","","","","-.2792828",".3075193","-.9081799",".3638555","-.4114891",".3870679","-1.063093",".2878248"
"_SstfXyea_56_1968","","","","",".7837715",".4841426","1.618886",".1055761",".6422986",".5955256","1.078541",".2808785"
"_SstfXyea_56_1969","","","","",".427619",".3952165","1.081987",".2793447",".2869786",".466162",".6156198",".5381918"
"_SstfXyea_56_1970","","","","","-.1989344",".1620063","-1.227942",".2195641","-.3340516",".292314","-1.142784",".2532189"
"_SstfXyea_56_1971","","","","",".4126872",".4589225",".8992525",".3685898",".2794222",".5546644",".503768",".6144611"
"_SstfXyea_56_1972","","","","",".4283869",".367147","1.1668",".2433833",".3031151",".4334219",".6993534",".4843849"
"_SstfXyea_56_1973","","","","",".518479",".3219861","1.610252",".1074471",".4088014",".4365595",".9364161",".3491337"
"_SstfXyea_56_1974","","","","",".2551308",".1976133","1.291061",".1967811",".147373",".3291433",".4477472",".6543677"
"_SstfXyea_56_1975","","","","",".29431",".1912748","1.538677",".1239878",".2022545",".319125",".6337782",".5262735"
"_SstfXyea_56_1976","","","","",".3586292",".1912618","1.87507",".0608793",".2994625",".3010933",".9945839",".3200182"
"_SstfXyea_56_1977","","","","",".4109574",".260524","1.577426",".114802",".3606756",".340106","1.06048",".289011"
"_SstfXyea_56_1978","","","","",".3692144",".2812731","1.312654",".189399",".356627",".3924998",".9086044",".3636313"
"_SstfXyea_56_1979","","","","",".1751527",".2740101",".6392198",".5227283",".1704261",".428491",".3977355",".6908533"
"_SstfXyea_56_1980","","","","","-.0411768",".1401649","-.2937743",".7689505","-.0362188",".2740483","-.132162",".8948649"
"_SstfXyea_56_1981","","","","",".6935108",".3108433","2.231062",".02575",".7031062",".4851499","1.449256",".1473699"
"_SstfXyea_56_1982","","","","",".1278939",".2065161",".6192926",".5357702",".140991",".3205874",".4397896",".6601209"
"_SstfXyea_56_1983","","","","",".243773",".2227979","1.094144",".273979",".2603718",".3883732",".6704166",".5026434"
"_SstfXyea_56_1984","","","","",".2983955",".2623212","1.13752",".2554112",".318496",".3896395",".8174121",".4137573"
"_SstfXyea_56_1985","","","","",".3166987",".2769232","1.143634",".252866",".340301",".4312843",".7890411",".4301498"
"_SstfXyea_56_1986","","","","",".3311287",".2649898","1.249591",".2115458",".3582328",".4099681",".8738065",".382293"
"_SstfXyea_56_1987","","","","",".2396109",".1837527","1.303986",".1923375",".2702167",".3832437",".7050781",".4808159"
"_SstfXyea_56_1988","","","","",".2283858",".2677618",".852944",".3937579",".2624933",".4057994",".6468548",".517775"
"x_dentrend","","","","","","","","","1.29e-06","4.82e-07","2.66831",".0076641"
"x_blacktrend","","","","","","","","","-.0001007",".0001532","-.6574272",".5109563"
"x_uetrend","","","","","","","","","-.0003495",".0011755","-.2973107",".7662498"
"x_pubtranstrend","","","","","","","","","-.0022563",".0005662","-3.984991",".0000691"
"x_povertytrend","","","","","","","","",".0002357",".0001583","1.48921",".1365364"
"x_whiteinctrend","","","","","","","","","-1.93e-06","1.42e-06","-1.35433",".1757324"
"x_blackinctrend","","","","","","","","","-5.43e-07","1.38e-06","-.3938604",".6937118"
"x_pubasstrend","","","","","","","","","-6.65e-07","4.19e-08","-15.87962","1.33e-54"
"x_owntrend","","","","","","","","","-.0000508",".0001332","-.3810166",".7032177"
"_cons","1.317275",".3663095","3.596072",".0003282","1.375279",".1606716","8.559564","1.77e-17","1.272377",".2489364","5.111255","3.40e-07"
"N","87783","","","","87783","","","","87783","","",""
"r2",".1696948","","","",".6873421","","","",".7100115","","",""
"df_m","141","","","","775","","","","823","","",""
"df_r","3026","","","","3026","","","","3026","","",""
"df_b","143","","","","777","","","","822","","",""
"df","","","","","","","","","","","",""
