Implemented,study-id,result-id,Coded?,Result description,Relevant claim,Claim in abstract,Research question importance,Location in paper,Region of qualitative similarity,Individual-level,Population variable,Estimation method,Design,Stata cmd,Time index,Geographic index,Other indices,Notes
1,anderson-2014,all3-arrests,1,Effect of dropout age req on male arrest rates for all crimes,The evidence suggests that minimum dropout age requirements have a significant and negative effect on property and violent crime arrest rates for individuals 16 to 18 years,1,Co-primary,"Table 4, column 3, coeffs on Males MDA18 x age16to18","Negative, significant at 10% or lower",,county_pop,FE,DDD,xtreg,Year,U.S. county,Age group,
1,anderson-2014,property3-arrests,1,Effect of dropout age req on male arrest rates for property crimes,The evidence suggests that minimum dropout age requirements have a significant and negative effect on property and violent crime arrest rates for individuals 16 to 18 years,1,Co-primary,"Table 4, column 6, coeffs on Males MDA18 x age16to18","Negative, significant at 10% or lower",,county_pop,FE,DDD,xtreg,Year,U.S. county,Age group,
1,anderson-2014,violent3-arrests,1,Effect of dropout age req on male arrest rates for violent crimes,The evidence suggests that minimum dropout age requirements have a significant and negative effect on property and violent crime arrest rates for individuals 16 to 18 years,1,Co-primary,"Table 4, column 9, coeffs on Males MDA18 x age16to22","Negative, significant at 10% or lower",,county_pop,FE,DDD,xtreg,Year,U.S. county,Age group,
1,autor-2013,d_tradeusch_pw-empl,1,Effect of imports on employment,"In our main specification, import competition explains one-quarter of the contemporaneous aggregate decline in US manufacturing employment",1,Primary,"Table 3, column 6, coeff on delta imports","Negative sign, statistical significance",,l_popcount,2SLS,IV,ivregress,Year,U.S. Commuting Zone,Industry,
1,bell-2022,reform-arrestrate1518,1,Effect of age on arrest rate discontinuity,"Nonetheless, across all the reported specifications, dynamic incapacitation is a significant portion of the longer-run crime-reducing effect of education. Depending on the exact specification used, it explains between 51% and 84% of the crime reduction among 19–24-year-olds.",1,Primary,"Table 3, Panel B, column 1, coeff on Reform x age 15-18","Negative, smaller than B19-24",,population_est_cell,FE,RD,reghdfe,Year,U.S. county,Age group,
1,bell-2022,reform-arrestrate1924,1,Effect of age on arrest rate discontinuity,"Nonetheless, across all the reported specifications, dynamic incapacitation is a significant portion of the longer-run crime-reducing effect of education. Depending on the exact specification used, it explains between 51% and 84% of the crime reduction among 19–24-year-olds.",1,Primary,"Table 3, Panel B, column 1, coeff on Reform x age 19-24","Negative, greater than B15-18",,population_est_cell,FE,RD,reghdfe,Year,U.S. county,Age group,
1,cascio-2010,arhisesl_sdf-ivvar3a1_b,1,Difference in departures of non-Hisp children compared to non-Hisp adults, ,1,Primary,"Table 4, column 1, Panel A, coeff on delta school enrollment","Negative, significant",,for_mex1970,2SLS,IV,ivreg,,U.S. school district,Age group,
1,charles-2019,gov_d_lper_earn-turnout,1,Effect of local wages on Governor turnout,"find that higher local wages and employment lower turnout in elections for governor , senator , US Congress and state House of Representatives , but have no effect on presidential turnout.",1,Co-primary,"Table 4, column 2, coeff on earnings","Negative, significant",,pop,2SLS,IV,ivregress,4 years,U.S. county,,
1,charles-2019,sen6_d_lper_earn-turnout,1,Effect of local wages on Senate turnout,"find that higher local wages and employment lower turnout in elections for governor , senator , US Congress and state House of Representatives , but have no effect on presidential turnout.",1,Co-primary,"Table 4, column 4, coeff on earnings","Negative, significant",,pop,2SLS,IV,ivregress,6 years,U.S. county,,
1,charles-2019,pres_d_lper_earn-turnout,1,Effect of local wages on President turnout,"find that higher local wages and employment lower turnout in elections for governor , senator , US Congress and state House of Representatives , but have no effect on presidential turnout.",1,Co-primary,"Table 4, column 6, coeff on earnings",Insignificant,,pop,2SLS,IV,ivregress,4 years,U.S. county,,
1,charles-2019,gov_d_lper_emp-turnout,1,Effect of employment on Governor turnout,"find that higher local wages and employment lower turnout in elections for governor , senator , US Congress and state House of Representatives , but have no effect on presidential turnout.",1,Co-primary,"Table 4, column 2, coeff on employment","Negative, significant",,pop,2SLS,IV,ivregress,4 years,U.S. county,,
1,charles-2019,sen6_d_lper_emp-turnout,1,Effect of employment on Senate turnout,"find that higher local wages and employment lower turnout in elections for governor , senator , US Congress and state House of Representatives , but have no effect on presidential turnout.",1,Co-primary,"Table 4, column 4, coeff on employment","Negative, significant",,pop,2SLS,IV,ivregress,6 years,U.S. county,,
1,charles-2019,pres_d_lper_emp-turnout,1,Effect of employment on President turnout,"find that higher local wages and employment lower turnout in elections for governor , senator , US Congress and state House of Representatives , but have no effect on presidential turnout.",1,Co-primary,"Table 4, column 6, coeff on employment",Insignificant,,pop,2SLS,IV,ivregress,4 years,U.S. county,,
1,charles-2019,congr4_d_lper_earn-turnout,1,Effect of local wages on Congress turnout,"find that higher local wages and employment lower turnout in elections for governor , senator , US Congress and state House of Representatives , but have no effect on presidential turnout.",1,Co-primary,"Table 5, column iv, Panel A, coeff on earnings","Negative, significant",,pop,2SLS,IV,ivreg2,2 years,U.S. county,,
1,charles-2019,st4_d_lper_earn-turnout,1,Effect of local wages on State leg turnout,"find that higher local wages and employment lower turnout in elections for governor , senator , US Congress and state House of Representatives , but have no effect on presidential turnout.",1,Co-primary,"Table 5, column iv, Panel B, coeff on earnings","Negative, significant",,pop,2SLS,IV,ivregress,2 years,U.S. county,,
1,charles-2019,congr4_d_lper_emp-turnout,1,Effect of employment on Congress turnout,"find that higher local wages and employment lower turnout in elections for governor , senator , US Congress and state House of Representatives , but have no effect on presidential turnout.",1,Co-primary,"Table 5, column iv, Panel A, coeff on employment","Negative, significant",,pop,2SLS,IV,ivreg2,2 years,U.S. county,,
1,charles-2019,st4_d_lper_emp-turnout,1,Effect of employment on State leg turnout,"find that higher local wages and employment lower turnout in elections for governor , senator , US Congress and state House of Representatives , but have no effect on presidential turnout.",1,Co-primary,"Table 5, column iv, Panel B, coeff on employment","Negative, significant",,pop,2SLS,IV,ivregress,2 years,U.S. county,,
1,crane-2024,div_ret-incum_d-4,1,Effect of stock returns on incumbent advantage when stock participation is high,"""We find strong evidence that people in counties with high stock market participation are more likely to vote for the incumbent party when stock returns are high. Our estimates show that a 1 percentage point higher dividend income ratio is associated with an increase in incumbent vote share of between 1.6 and 2.2 percentage points in response to a four-year stock market return of 100 percent""",1,Primary,"Table 2, columns 3-6, coeff on div_ratio x ret","Positive, significant, between 1.6-2.2",,"pop, tot_pop",FE,Panel,reghdfe,4 years,U.S. county,Decile of dividend income,
1,crane-2024,div_ret-incum_d-5,1,Effect of stock returns on incumbent advantage when stock participation is high,"""We find strong evidence that people in counties with high stock market participation are more likely to vote for the incumbent party when stock returns are high. Our estimates show that a 1 percentage point higher dividend income ratio is associated with an increase in incumbent vote share of between 1.6 and 2.2 percentage points in response to a four-year stock market return of 100 percent""",1,Primary,"Table 2, columns 3-6, coeff on div_ratio x ret","Positive, significant, between 1.6-2.2",,"pop, tot_pop",FE,Panel,reghdfe,4 years,U.S. county,Decile of dividend income,
1,crane-2024,div_ret-incum_d-6,1,Effect of stock returns on incumbent advantage when stock participation is high,"""We find strong evidence that people in counties with high stock market participation are more likely to vote for the incumbent party when stock returns are high. Our estimates show that a 1 percentage point higher dividend income ratio is associated with an increase in incumbent vote share of between 1.6 and 2.2 percentage points in response to a four-year stock market return of 100 percent""",1,Primary,"Table 2, columns 3-6, coeff on div_ratio x ret","Positive, significant, between 1.6-2.2",,"pop, tot_pop",FE,Panel,reghdfe,4 years,U.S. county,Decile of dividend income,
1,crane-2024,div_ret-incum_d-3,1,Effect of stock returns on incumbent advantage when stock participation is high,"""We find strong evidence that people in counties with high stock market participation are more likely to vote for the incumbent party when stock returns are high. Our estimates show that a 1 percentage point higher dividend income ratio is associated with an increase in incumbent vote share of between 1.6 and 2.2 percentage points in response to a four-year stock market return of 100 percent""",1,Primary,"Table 2, columns 3-6, coeff on div_ratio x ret","Positive, significant, between 1.6-2.2",,"pop, tot_pop",FE,Panel,reghdfe,4 years,U.S. county,Decile of dividend income,
1,crane-2024,div_ret-ltw,1,Effect of stock returns on incumbent advantage when stock participation is high,"""Specifically, column 7 of Table 2 reports results using a dependent variable equal to 1 if the incumbent party lost the county in the previous election but won this election (lose to win), −1 vice versa (win to lose), and 0 otherwise. The interaction term is positive and statistically significant, indicating that when the stock market has per- formed well since the last election, the incumbent party is more likely to “win over” counties with high stock market participation""",1,Primary,"Table 2, column 7, coefficient on div_ratio x ret","Positive, significant",,"pop, tot_pop",FE,Panel,reghdfe,4 years,U.S. county,Decile of dividend income,
1,guidetti-2021,pm10-resp,1,Effect of PM10 on hosp rates for resp diseases,"First, consistent with previous research, exposure to PM10 increases pediatric hospitalization rates for respiratory diseases and does create a health shock in the SPMA",1,Co-primary,"Table 1, column 1, Panel A, coeff on PMt","Positive, significant",,population,2SLS,IV,ivreghdfe,Day,Brazilian SPMA district,,
1,guidetti-2021,pm10-epilepsy,1,Effect of PM10 on elective care procedures,"Since appendicitis and bone fracture usually need urgent treatment, they do not seem to be displaced.",0,Secondary,"Table 1, columns 1-2, Panel B, coeff on PMt","Negative, significant",,population,2SLS,IV,ivreghdfe,Day,Brazilian SPMA district,,
1,guidetti-2021,pm10-phimosis,1,Effect of PM10 on elective care procedures,"Since appendicitis and bone fracture usually need urgent treatment, they do not seem to be displaced.",0,Secondary,"Table 1, columns 1-2, Panel B, coeff on PMt","Negative, significant",,population,2SLS,IV,ivreghdfe,Day,Brazilian SPMA district,,
1,guidetti-2021,pm10-appendicitis,1,Effect of PM10 on urgent procedures,"Second, because of increased demand due to high pollution, the number of planned procedures such as video-EEG monitoring and phimosis surgery decreases in public hospitals.",1,Co-primary,"Table 1, columns 3-4, Panel B, coeff on PMt",Insignificant,,population,2SLS,IV,ivreghdfe,Day,Brazilian SPMA district,,
1,guidetti-2021,pm10-fracture,1,Effect of PM10 on urgent procedures,"Second, because of increased demand due to high pollution, the number of planned procedures such as video-EEG monitoring and phimosis surgery decreases in public hospitals.",1,Co-primary,"Table 1, columns 3-4, Panel B, coeff on PMt",Insignificant,,population,2SLS,IV,ivreghdfe,Day,Brazilian SPMA district,,
1,jack-2023,share_inperson-math,1,Effect of in-person learning on average Math score decline,"Pass rates declined from 2019 to 2021: an average of 12.8 percentage points in math and 6.8 in English language arts (ELA). Focusing on within-state, within–commuting zone variation in schooling mode, we estimate that districts with full in-person learning had significantly smaller declines (13.4 pp in math, 8.3 in ELA). The value to in-person learning was larger for districts with larger populations of Black students. (JEL H75, I12, I18, I21, I28, J15)",1,Co-primary,"Table 3, Panel A, column 2, coeff on % in-person","Positive, significant near 0.134",,EnrollmentTotal,FE,Panel,areg,Year,U.S. school district,,
1,jack-2023,share_inperson-ela,1,Effect of in-person learning on average ELA score decline,"Pass rates declined from 2019 to 2021: an average of 12.8 percentage points in math and 6.8 in English language arts (ELA). Focusing on within-state, within–commuting zone variation in schooling mode, we estimate that districts with full in-person learning had significantly smaller declines (13.4 pp in math, 8.3 in ELA). The value to in-person learning was larger for districts with larger populations of Black students. (JEL H75, I12, I18, I21, I28, J15)",1,Co-primary,"Table 3, Panel A, column 5, coeff on % in-person","Positive, significant near 0.083",,EnrollmentTotal,FE,Panel,areg,Year,U.S. school district,,
1,jack-2023,share_hybrid-math,1,Effect of hybrid learning on average Math score decline,Offering a hybrid model rather than a fully virtual approach reduced these losses by 7 percentage points in math and 5–6 in ELA.,0,Secondary,"Table 3, Panel A, column 2, coeff on % hybrid","Positive, significant near 7",,EnrollmentTotal,FE,Panel,areg,Year,U.S. school district,,
1,jack-2023,share_hybrid-ela,1,Effect of hybrid learning on average ELA score decline,Offering a hybrid model rather than a fully virtual approach reduced these losses by 7 percentage points in math and 5–6 in ELA.,0,Secondary,"Table 3, Panel A, column 5, coeff on % hybrid","Positive, significant between 5-6",,EnrollmentTotal,FE,Panel,areg,Year,U.S. school district,,
1,jack-2023,black_yr_ip-math,1,Effect of in-person learning x share Black students on average Math score decline,"Pass rates declined from 2019 to 2021: an average of 12.8 percentage points in math and 6.8 in English language arts (ELA). Focusing on within-state, within–commuting zone variation in schooling mode, we estimate that districts with full in-person learning had significantly smaller declines (13.4 pp in math, 8.3 in ELA). The value to in-person learning was larger for districts with larger populations of Black students. (JEL H75, I12, I18, I21, I28, J15)",1,Secondary,"Table 3, Panel B, column 1, coeff on % Black x % in-person x 2021","Positive, significant",,EnrollmentTotal,FE,Panel,areg,Year,U.S. school district,,
1,jack-2023,hisp_yr_ip-math,1,Effect of in-person learning x share Hispanic students on average Math score decline,"In constrast, there are no significant interactions with the Hispanic student share for math outcomes and no significant interactions across demographics for ELA testing.",0,Secondary,"Table 3, Panel B, column 2, coeff on % Hispanic x % in-person x 2021",Not significant,,EnrollmentTotal,FE,Panel,areg,Year,U.S. school district,,
1,jack-2023,black_yr_ip-ela,1,Effect of in-person learning x share Black students on average ELA score decline,"In constrast, there are no significant interactions with the Hispanic student share for math outcomes and no significant interactions across demographics for ELA testing.",0,Secondary,"Table 3, Panel B, column 4, coeff on % Black x % in-person x 2021",Not significant,,EnrollmentTotal,FE,Panel,areg,Year,U.S. school district,,
1,jack-2023,hisp_yr_ip-ela,1,Effect of in-person learning x share Hispanic students on average ELA score decline,"In constrast, there are no significant interactions with the Hispanic student share for math outcomes and no significant interactions across demographics for ELA testing.",0,Secondary,"Table 3, Panel B, column 5, coeff on % Hispanic x % in-person x 2021",Not significant,,EnrollmentTotal,FE,Panel,areg,Year,U.S. school district,,
1,williams-2022,lynchcapitawhite-Whiterate_regvoters,1,Effect of White lynching rate on White voter registration,,0,Secondary,"Table 2, column 4, coeff on White lynching rate",Not significant,,"Total_POP_2010, White_POP",FE,Panel,regress,4 years,U.S. county,,
1,williams-2022,lynchcapitamob-Blackrate_regvoters,1,Effect of Black lynching rate on Black voter registration,"Using county-level voter registration data, I show that Blacks who reside in southern counties that experienced a relatively higher number of historical lynchings have lower voter registration rates today.",1,Co-primary,"Table 2, column 1, coeff on Black lynching rate","Negative, significant",,"Total_POP_2010, Black_POP",FE,Panel,regress,4 years,U.S. county,,
1,williams-2022,lynchcapitamob-Blackrate_regvoters2,1,Effect of Black lynching rate on Black voter registration,"The final column of Table 5 presents the specification, which includes all potential confounders, historical controls, and state fixed effects. The results show that for one additional lynching per 10,000 Black population in 1900, the voter registration rate of Blacks decreases by 0.34 percentage points and this result is significant at the 5 percent level.",1,Co-primary,"Table 5, column 5, coeff on Black lynching rate","Negative, significant",,"Total_POP_2010, Black_POP",FE,Panel,regress,4 years,U.S. county,,
1,wilson-2012,ann_lessDOL_mill_cap-ivreg_T_Emp_Rate_Ann__cer,1,Effect of ARRA announcements on employment increase,"Cross-state IV results indicate that ARRA spending in its first year yielded about eight jobs per million dollars spent, or $125,000 per job.",1,Co-primary,"Table 5, column 2, coeff on announcements","Positive, significant, close to 8",,StatePopulation,2SLS,IV,ivregress,Month,U.S. state,,
1,wilson-2012,pay_lessDOL_mill_cap-ivreg_T_Emp_Rate_Pay__cer,1,Effect of ARRA payments on employment increase,"Cross-state IV results indicate that ARRA spending in its first year yielded about eight jobs per million dollars spent, or $125,000 per job.",1,Co-primary,"Table 5, column 6, coeff on payments","Positive, significant",,StatePopulation,2SLS,IV,ivregress,Month,U.S. state,,
1,dieterle-2020,ln_ui-ln_unemp,1,Effect of UI extension on unemployment (no distance control),"These results suggest much smaller effects than previous studies, casting doubt on the applicability of border-based designs.",1,Co-primary,"Table 1, column 1, Panel A, coeff on log UR","Positive, significant",,"emppop, unemp",FE,Boundary,areg,Quarter,U.S. county,,
1,dieterle-2020,ln_ui_res_1-ln_unemp,1,Effect of UI extension on unemployment (distance control),"These results suggest much smaller effects than previous studies, casting doubt on the applicability of border-based designs.",1,Primary,"Table 1, column 2, Panel A, coeff on log UR","Not significant, smaller than column 1",,"emppop, unemp",FE,Boundary,areg,Quarter,U.S. county,,
1,dieterle-2020,ui_avail_yr_avg_diff-work_neigh_frac,0,Effective of relative UI difference on fraction working across border,"The analysis then shows substantial spillover effects of UI benefit duration on across-border work patterns, consistent with increased tightness in high-benefit states and providing evidence against a dominant vacancy reduction response to UI extensions.",1,Secondary,"Table 5, column 3, coeff on relative UI diff","Negative, significant",,"emppop, unemp",FE,Boundary,xtreg,Year,U.S. census block,,Not enough data to noise
1,martinez-2014,kelurDum-GolkarFirst,1,Effect of appointed village head on support for incumbent,"I develop a model that predicts that appointed officials have stronger incentives to influence voters during national level elections because of their career concerns... First, I find that Soeharto’s party was, on average, 5.5 percentage points more likely to win in villages that had appointed village heads, relative to villages that had elected village heads.",1,Co-primary,"Table 2, Panel A, column 5, coeff on kelurahan dummy","Positive, significant",,"lpopulation_1996, lpopulation_1996_2, lpopulation_1996_3, lpopulation_1996_4",OLS,Panel,reg,,Indonesian village,,
1,martinez-2014,kelurDum-PDIFirst,1,Effect of appointed village head on support for reformist party,"More important, this effect is reversed in districts where the main reformist party won by a large margin. In those districts, the reformist party is 3.7 percentage points more likely to win in villages with an appointed village head, than in villages with an elected village head.",1,Co-primary,"Table 3, Panel B, column 2, coeff on kelurahan dummy","Positive, significant",,"lpopulation_1996, lpopulation_1996_2, lpopulation_1996_3, lpopulation_1996_4",OLS,Panel,reg,,Indonesian village,,
1,dias-2023,glyph_soy_upstream-IMR,1,Effect of upstream glyphosate use on infant mortality,"according to our preferred specification, the average increase in glyphosate use in the sample during 2000–10 period led to an increase of 5% of the average in infant mortality rate.",1,Primary,"Table 2, column 9, coeff on Glpyhosate upstream","Positive, significant",,population,2SLS,IV,xtivreg2,Year,Brazilian municipality,,
1,kofi-2018,earnings-SSDI,1,Effect of earnings on SSDI disability payments,"Our estimated elasticity for SSDI receipt 
with respect to earnings of −0.29 is surprisingly similar to that found in previous work.",1,Co-primary,"Table 1, column 2, coeff ""Economic Condition"", Panel A","Negative, significant, within a similar magnitude",,pop,TSLS,Panel,ivreg,Year,U.S. county,,
1,kofi-2018,earnings-SSI,1,Effect of earnings on SSI disability payments,"Our preferred estimate for the SSI elasticity of −0.16 is smaller than previous findings, but we show that most of the difference is explained by changes in the SSI program",1,Co-primary,"Table 1, column 2, coeff ""Economic Condition"", Panel B","Negative, significant, within a similar magnitude",,pop,TSLS,Panel,ivreg,Year,U.S. county,,
1,kofi-2018,employment-SSDI,1,Effect of employment on SSDI disability payments,"Our TSLS benefit payment elasticity estimates for employment (column (4)) are more than twice as large as the earnings elasticities (column (2)), indicating that a 10% reduction in employment leads to a much larger disability response than a 10% reduction in earnings",0,Co-primary,"Table 1, column 4, coeff ""Economic Condition"", Panel A",Much larger in magnitude than Column 2 and significant,,pop,TSLS,Panel,ivreg,Year,U.S. county,,
1,kofi-2018,employment-SSI,1,Effect of employment on SSI disability payments,"Our TSLS benefit payment elasticity estimates for employment (column (4)) are more than twice as large as the earnings elasticities (column (2)), indicating that a 10% reduction in employment leads to a much larger disability response than a 10% reduction in earnings",0,Co-primary,"Table 1, column 4, coeff ""Economic Condition"", Panel B",Much larger in magnitude than Column 2 and significant,,pop,TSLS,Panel,ivreg,Year,U.S. county,,
1,bernecker-2021,support-experiment,1,Effect of electoral support last gubernatorial election on the number of policy experiments,governors with strong electoral support are less likely to experiment than governors with little support,1,Co-primary,"Table 2, column 2, coeff of Electoral support last gubernatorial election on the number of policy experiments","Negative, significant",,pop_1000,FE,Panel,areg ,Year,U.S. state,,
1,bernecker-2021,lameduck-experiment,1,"Effect of electoral support last gubernatorial election on the number of policy experiments, allow the effect of the vote margin to differ for governors who cannot be reelected (“lame ducks”)",governors who cannot be reelected actually experiment more than governors striving for reelection.,1,Co-primary,"Table 2, column 4, coeff of Electoral support last gubernatorial election on the number of policy experiments, allow the effect of the vote margin to differ for governors who cannot be reelected (“lame ducks”)","Negative, significant",,pop_1000,FE,Panel,areg ,Year,U.S. state,,
1,boulware-2019,unemp-dis-overall,1,Falling unemployment is associated with a decrease in the number of charges of discrimination filed.,"the panel analysis in section II reveals a strong countercyclical pattern in discrimination, with falling unemployment associated with a decrease in the number of charges filed.",1,Co-Primary,"Table 1, column 1, coeff on overall employment rates ","positive, significant",,"lf7,lf13",FE,Panel,xtreg,Year,U.S. state,Race,
1,boulware-2019,unemp-dis-black,1,The number of charges filed are disproportionately responsive to the Black/African-American unemployment rates.,"Moreover, discrimination charges are disproportionately responsive to the Black/African-American (AA) and Hispanic/Latino-specific unemployment rates.",1,Secondary,"Table 1, column 3, coeff for Black","positive, significant",,"lf7,lf14",FE,Panel,xtreg,Year,U.S. state,Race,
1,boulware-2019,unemp-dis-hisp,1,The number of charges filed are disproportionately responsive to the Hispanic/Latino unemployment rates.,"Moreover, discrimination charges are disproportionately responsive to the Black/African-American (AA) and Hispanic/Latino-specific unemployment rates.",1,Secondary,"Table 1, column 4, coeff for Hispanic","positive, significant",,"lf7,lf15",FE,Panel,xtreg,Year,U.S. state,Race,
1,boulware-2019,blueshare-dis,1,Effect of blue collar share on discrimination charges,"In the cross-sectional analysis of section III, we find that occupational mix and the demographic composition of the labor force explain most of the variation across states in the discrimination charge rate.",1,Secondary,"Table 2, column 6, row 1","positive, significant",,"lf7,lf16",FE,cross-sectional,regress,Year,U.S. state,,
1,boulware-2019,blackshare-dis,1,Effect of Black share on discrimination charges,"In the cross-sectional analysis of section III, we find that occupational mix and the demographic composition of the labor force explain most of the variation across states in the discrimination charge rate.",1,Secondary,"Table 2, column 1, row 1","negative, significant",,"lf7,lf17",FE,cross-sectional,regress,Year,U.S. state,,
1,boulware-2019,hispshare-dis,1,Effect of Hispanic share on discrimination charges,"In the cross-sectional analysis of section III, we find that occupational mix and the demographic composition of the labor force explain most of the variation across states in the discrimination charge rate.",1,Secondary,"Table 2, column 2, row 1","negative, significant",,"lf7,lf18",FE,cross-sectional,regress,Year,U.S. state,,
1,iyer-2012,postwres-crime,1,Effect of female representation in local government on crimes against women in India,We found that an increase in female representation in local government induces a large and significant rise in documented crimes against women in India,1,Co-Primary,"Table 3, column 6, coeff for Total crime against women","positive, significant",,ipop,FE,Panel,areg,Year,Indian states,,
1,iyer-2012,postwres-murder,1,Effect of women’s political reservation implement on overall murder rate,"Our evidence suggests that this increase is good news, driven primarily by greater reporting rather than greater incidence of such crimes",1,Co-Primary,"Table 5, column 1, Panel A, coeff for Women's reservation implemented",Insignificant,,ipop,FE,Panel,areg,Year,Indian states,,
1,iyer-2012,postwres-suicide,1,Effect of women’s political reservation implement on women suicide cases,We also find no evidence of an increase in the incidence of female suicides following women’s greater political role,1,Secondary,"Table 5, column 6, Panel A, coeff for Women's reservation implemented",insignificant,,ipop,FE,Panel,areg,Year,Indian states,,
1,iyer-2012,reswomen-crime,0,Effect of women-reserved villages on women's report as being a victim of any crime,We find no evidence for actual incidence of crimes against women to be higher in villages where the council head position is reserved for a female leader,1,Secondary,"Table 6, column 1, coeff for Village council head position reserved for women in 2005",insignificant,,,,,,,,,Individual-level only
1,iyer-2012,reswomen-report,0,Effect of women-reserved villages on women's willingness to report crimes,We find that women in villages where the village council head position is reserved are significantly more likely to say that they will report crimes to the police,1,Secondary,"Table 7, column 1, coeff for Village council head position reserved for women in 2005","positive, significant",,,,,,,,,Individual-level only
1,iyer-2012,postwres-mencrime,1,Effect of female representation in local government on crimes against men,"In contrast, we find no increase in crimes against men or in gender-neutral crimes.",1,Secondary,"Table 4, column 4, coeff for Kidnapping of men and boys per 1,000 men",Insignificant,,ipop,FE,Panel,areg,Year,Indian states,,
1,mocan-2010,recession_property,1,Impact of Recessions on Property Crime Rate,"use state-level panel data to document the previously unnoticed asymmetric response of crime to
 changes in the unemployment rate",1,Co-Primary,"Table 1, column 2, coeff of recession","positive, significant, greater than coeff on recovery",,pop,OLS,Panel,regress,Year,U.S. state,"Race, age",
1,mocan-2010,recovery_property,1,Impact of Recovery on Property Crime Rate,"use state-level panel data to document the previously unnoticed asymmetric response of crime to
 changes in the unemployment rate",1,Co-Primary,"Table 1, column 2, coeff of recovery","positive, significant, less than coeff on recession",,pop,OLS,Panel,regress,Year,U.S. state,"Race, age",
1,mocan-2010,recession_violent,1,Impact of Recessions on Violent Crime Rate,"use state-level panel data to document the previously unnoticed asymmetric response of crime to
 changes in the unemployment rate",1,Co-Primary,"Table 1, column 4, coeff of recession",insignificant,,pop,OLS,Panel,regress,Year,U.S. state,"Race, age",
1,mocan-2010,recovery_violent,1,Impact of Recovery on Violent Crime Rate,"use state-level panel data to document the previously unnoticed asymmetric response of crime to
 changes in the unemployment rate",1,Co-Primary,"Table 1, column 4, coeff of recovery",insignificant,,pop,OLS,Panel,regress,Year,U.S. state,"Race, age",
1,buonanno-2013,pardon_crime,1,Impact of Mass Release on Crime Rate,We test for a discontinuous break in national crime rates corresponding to the mass release.. All three sources of variation yield substantial incapacitation effect estimates and suggest that the crime-preventing effects of incarceration diminish with increases in the incarceration rate.,1,Co-Primary,"Table 2, columns 4, Panel A, coeff of Post-pardon","positive, significant",,population,FE,RD,arima,month,Italian province,,"From the table 2, authors control both month and year effect in column 4"
1,buonanno-2013,pardon_incarceration,1,Impact of Mass Release on Incarceration rate,We also test for the effect of the return of the incarceration rate to its predicted steady state level on national crime rates... All three sources of variation yield substantial incapacitation effect estimates and suggest that the crime-preventing effects of incarceration diminish with increases in the incarceration rate.,1,Co-Primary,"Table 2, columns 4, Panel B, coeff of Post-pardon","negative, significant",,population,FE ,RD,arima,month,Italian province,,"From the table 2, authorscontrol both month and year effect in column 4"
1,buonanno-2013,parson_diffincrime,1,Effect of pardoned inmates on change in crime rate,"Finally, we exploit regional variation in prison releases based on the province of residence of pardoned inmates. All three sources of variation yield substantial incapacitation effect estimates and suggest that the crime-preventing effects of incarceration diminish with increases in the incarceration rate.",1,Co-Primary,"Table 6, column 2, coeff on Total Crime","positive, significant",,population,OLS,Panel,reg,month,Italian province,,
1,buonanno-2013,parson_reverseinca,1,Effect of pardon rate on reverse incapacitation,"Finally, we exploit regional variation in prison releases based on the province of residence of pardoned inmates. All three sources of variation yield substantial incapacitation effect estimates and suggest that the crime-preventing effects of incarceration diminish with increases in the incarceration rate.",1,Secondary,"Table 7, column 2, coeff on pardon rate","positive, significant",,population,OLS,Panel,reg,month,Italian province,,
1,perez-2018,unemp-medicaid,1,Impact of unemployment on Medicaid generosity,"Instead, we find a counter-cyclical Medicaid effect with generosity increasing with increases in the unemployment rate.",1,Co-Primary,"Table 3, column 1, coeff of unemployment","positive, significant",,NA,FE ,Panel,xtreg,,U.S. state,,
1,perez-2018,unemp-medicaidandrecession,1,Impact of Great Recession on changes in Medicaid eligibility,"We find no effect of the downturn on the share with simulated eligibility and while we find a positive relationship between unemployment and Medicaid generosity before, during, and after the recession, the coefficients on %Unemployment, Recession × %Unemployment, and Post-Recession × %Unemployment were not statistically significant at the 5 percent level.",0,Secondary,"Table 3, column 2, coeff of unemployment",not statistically significant at the 5 percent level,,NA,DID,Panel,xtreg,,U.S. state,,
1,perez-2018,interact_unemprecess,1,Impact of Great Recession on changes in Medicaid eligibility,"We find no effect of the downturn on the share with simulated eligibility and while we find a positive relationship between unemployment and Medicaid generosity before, during, and after the recession, the coefficients on %Unemployment, Recession × %Unemployment, and Post-Recession × %Unemployment were not statistically significant at the 5 percent level.",0,Secondary,"Table 3, column 2, coeff of unemployment * recession",not statistically significant at the 5 percent level,,NA,DID,Panel,xtreg,,U.S. state,,
1,perez-2018,interact_unemppost,1,Impact of Great Recession on changes in Medicaid eligibility,"We find no effect of the downturn on the share with simulated eligibility and while we find a positive relationship between unemployment and Medicaid generosity before, during, and after the recession, the coefficients on %Unemployment, Recession × %Unemployment, and Post-Recession × %Unemployment were not statistically significant at the 5 percent level.",0,Secondary,"Table 3, column 2, coeff of unemployment * post - recession",not statistically significant at the 5 percent level,,NA,DID,Panel,xtreg,,U.S. state,,
1,allison-2023,arr_pblackxhprime,1,Relationship between the distance between arrest rates and percent of Black instate analysis,Empirical evidence is consistent with a model of arrest maximization: there is a statistically significant negative relationship between the distance between arrest rates and percent Black.,1,Co-Primary ,"Table 1, column 3, Panel A, coeff of percent black x hprime",sum with arr_pblack < 0,,population,FE,Panel,reghdfe,year,U.S. state,,
1,allison-2023,arr_pblack,1,Relationship between the distance between arrest rates and percent of Black incity analysis,Empirical evidence is consistent with a model of arrest maximization: there is a statistically significant negative relationship between the distance between arrest rates and percent Black.,1,Co-Primary ,"Table 1, column 3, Panel A, coeff of percent black",sum with arr_pblackxhprime < 0,,population,FE,Panel,reghdfe,year,city,,
1,allison-2023,ps_pblackxhprime,1,Impact of percent black on police spending,"These results can potentially reject predictions of arrest maximization, but not crime minimization",1,Co-Primary ,"Table 2, column 3, Panel B, coeff of percent black x hprime",insignificant,,population,FE,Panel,reghdfe,year,U.S. state,,
1,allison-2023,ps_pblack,1,Impact of percent black on police spending,"These results can potentially reject predictions of arrest maximization, but not crime minimization",1,Co-Primary ,"Table 2, column 3, Panel B, coeff of percent black",insignificant,,population,FE,Panel,reghdfe,year,city,,
1,glenn-2009,salestax-128,1,Impact of sales tax rates that apply to purchases from offline retailers on e-retail sales,"a strong relationship between e-retail sales to a given state and sales tax rates that apply to purchases from offline retailers,",1,Co-Primary ,"Table 2, column 1, coeff of OfflineSalesTaxRate on Quantity128","positive, significant",,pop00,Binomial,Panel,nbreg,day,U.S. state,,
1,glenn-2009,salestax-256,1,Impact of sales tax rates that apply to purchases from offline retailers on e-retail sales,"a strong relationship between e-retail sales to a given state and sales tax rates that apply to purchases from offline retailers,",1,Co-Primary ,"Table 2, column 1, coeff of OfflineSalesTaxRate on Quantity256","positive, significant",,pop00,Binomial,Panel,nbreg,day,U.S. state,,
1,baker-2015,irca-allcrime,1,Impact of legalized IRCA applicants per capita on overall crime,"I find persistent decreases in crime of 3 percent to 5 percent, primarily driven by a drop in property crimes; Column 1 reports that an increase of one percentage point in the number of legalized IRCA applicants per capita is associated with a fall in overall crime of 4.5 percent.",1,Co-Primary ,"Table 1, column 1, coeff of IRCA per capita","negative, significant",,"Police, pop, TotalAllCrimes",FE,Panel,areg,year,U.S. county,,
1,baker-2015,irca-violentcrime,1,Impact of legalized IRCA applicants per capita on violent crime,"I find persistent decreases in crime of 3 percent to 5 percent, primarily driven by a drop in property crimes.",1,Co-Primary ,"Table 1, column 3, coeff of IRCA per capita","negative, insignificant",,"Police, pop, TotalAllCrimes",FE,Panel,areg,year,U.S. county,,
1,baker-2015,irca-propertycrime,1,Impact of legalized IRCA applicants per capita on property crime,"I find persistent decreases in crime of 3 percent to 5 percent, primarily driven by a drop in property crimes.",1,Co-Primary ,"Table 1, column 4, coeff of IRCA per capita","negative, significant, smaller than −1.333",,"Police, pop, TotalAllCrimes",FE,Panel,areg,year,U.S. county,,
1,fortin-2006,owncor-sup,1,Impact of THE OWN-COHORT RELATIVE SUPPLY EFFECT ON THE COLLEGE–HIGH SCHOOL LOG WAGE PREMIUM FOR WORKERS AGE 26 –35,"The withinstate estimates of the own-cohort relative supply effect shed some light on the extent
to which the U.S. labor market can be characterized as a single national market or
a collection of state-specific labor markets. ",1,Secondary,"Table 2, column 3, coeff of Own-cohort relative supply","negative, significant",,,OLS,Panel,reg,year,state,,
1,fortin-2006,lnstapc-enroll,1,IMPACT OF HIGHER-EDUCATION POLICIES ON STATE LOG FTE-4YR PUBLIC ENROLLMENT RATES USING YEARLY VARIABLES AND STATE-POPULATION WEIGHTS,"there is a tight link between higher education policies, past enrollment rates, and recent changes in the college wage premium among labor market entrants. The analysis reveals, however, that this relationship is much weaker in states with high private enrollment rates, high levels of interstate mobility, or interstate trade",1,Co-Primary ,"Table 4, column 1, coeff of Log college-age population","positive, significant",,pop,OLS,Panel,reg,year,state,,
1,fortin-2006,owncor-sup-3,1,Impact of THE OWN-COHORT RELATIVE SUPPLY EFFECT ON THE COLLEGE–HIGH SCHOOL LOG WAGE PREMIUM using 3 step estimate,"there is a tight link between higher education policies, past enrollment rates, and recent changes in the college wage premium among labor market entrants. The analysis reveals, however, that this relationship is much weaker in states with high private enrollment rates, high levels of interstate mobility, or interstate trade",1,Co-Primary ,"Table 5, column 4, coeff of Own-cohort relative supply","negative, significant",,pop,3SLS,Panel,ivreg,year,state,,Accepting a small SE discrepancy (.045 vs .056)
1,duquette-2018,ln_sht01_frank-ln_c_styear,1,Impact of Inequality on donations across states,"donations by high-income households in the USA have moved inversely with income inequality.Across the span of 100 years, income inequality and the philanthropy of the rich varied greatly across the U.S. states.21 This section will explore whether differences in income inequality across place, within years, are linked to lower high-income giving.",1,Primary,"Table 4, column 4, coeff of top income","negative, significant",,pop,OLS,Panel,reg,year,state,,
1,strain-2023,fpucandpua-emp,1,Effects of Early Expiration of FPUC and PUA or Just FPUC on the State Employment Population Ratio,"We also find evidence of reductions in state‐level unemployment rates, increases in employment‐populations ratios, and reductions in the share of households that had no difficulty meeting expenses... Among prime-age workers, both the DD coefficient including Covid controls and the DDD coefficient are significant at the 10 percent level suggesting a 1.0-1.2 percentage point average increase in e-pop ratios following early exit from both programs.",1,Secondary,"Table 3, column 3, panel A, coeff of ending Both FPUC and PUA In June 2021 X
Post June","positive, significant",,statepop_2554,DDD,Panel,reghdfe,year,state,,
1,strain-2023,fpucandpua-unemp,1,Effects of Early Expiration of FPUC and PUA or Just FPUC on the State Unemployment Rate,"We also find evidence of reductions in state‐level unemployment rates, increases in employment‐populations ratios, and reductions in the share of households that had no difficulty meeting expenses... Among prime-age workers, the DD coefficient suggests a 0.9 percentage point average
decrease in the state unemployment rate following early exit from both programs, after
controlling for Covid-related variables.",1,Co-Primary ,"Table 3, column 2, panel B, Ending Both FPUC and PUA In June 2021 X
Post June","negative, significant",,statepop_2554,DD,Panel,reghdfe,year,state,,
1,saiz-2011,foreigncap-value,1,Effect of share of immigrants in a neighborhood on neighborhood's average housing value.,Our approach deals explicitly with potential unobservable shocks that may be correlated with proximity to immigrant enclaves. The evidence is consistent with a causal interpretation of an impact from growing immigrant density to native flight and relatively slower housing value appreciation... The results suggest that a change of one percentage point in the share of immigrants in a neighborhood is associated with a relative decrease of roughly 0.25 log points in the neighborhood's average housing value.,1,Co-Primary ,"Table 1, column 3, change(Foreign born/population)","negative, significant",,"lopo, l1pop",IV,Panel,ivreg2,year,U.S. census tract,,
1,saiz-2011,immicap-nhwhitegro,1,Effect of share of immigrants in a neighborhood on change in non-hispanic white population.,Our approach deals explicitly with potential unobservable shocks that may be correlated with proximity to immigrant enclaves. The evidence is consistent with a causal interpretation of an impact from growing immigrant density to native flight and relatively slower housing value appreciation.,1,Co-Primary ,"Table 3, column 8, change(Foreign born/population)","negative, significant",,"lopo, l1pop",IV,Panel,ivreg,year,U.S. census tract,,
1,luca-2015,prohibit-nonfatal,1,Effect of prohibition of alcohol on non-fatal violence against women.,"With these costs in mind, this paper focuses on two questions. First, are prohibition policies effective in curbing alcohol consumption in the context of a developing country? Second, does alcohol prohibition reduce violence against women? We then extend our analysis by examining the effect of prohibition on other types of violence against women using state-year panel data.",1,Co-Primary,"Table 2, column 1, Panel A, coeff of prohibition","negative, significant",,pop,FE,Panel,areg,year,state,,
1,luca-2015,prohibit-fatal,1,Effect of prohibition of alcohol on fatal violence against women.,"With these costs in mind, this paper focuses on two questions. First, are prohibition policies effective in curbing alcohol consumption in the context of a developing country? Second, does alcohol prohibition reduce violence against women? We then extend our analysis by examining the effect of prohibition on other types of violence against women using state-year panel data.",1,Co-Primary,"Table 2, column 1, Panel B, coeff of prohibition","negative, significant",,pop,FE,Panel,areg,year,state,,
1,luca-2015,prohibit-all,1,Effect of prohibition of alcohol on all violence.,"With these costs in mind, this paper focuses on two questions. First, are prohibition policies effective in curbing alcohol consumption in the context of a developing country? Second, does alcohol prohibition reduce violence against women? We then extend our analysis by examining the effect of prohibition on other types of violence against women using state-year panel data.",1,Co-Primary,"Table 2, column 5, Panel B, coeff of prohibition","negative, significant",,pop,FE,Panel,areg,year,state,,
1,bellego-2024,pacif-murder,1,Effect of pacification on murder rate.,"We find that the program reduced the murder and robbery rates but strongly increased the assault and threat rates. 
The murder rate fell by about 7 percent after pacification (but only at the 10 percent significance level), while the robbery rate fell by 13 percent. On the contrary, the assault, rape, theft, and threat rates rose by 104 percent, 14 percent, 28 percent, and 124 percent, respectively.",1,Co-Primary,"Table 3, column 1, Panel A, coeff of pacified","negative, significant",,,OLS,Panel,xtreg,month,Pacifying Police Unit (UPP),,
1,bellego-2024,pacif-robbery,1,Effect of pacification on robbery rate.,"We find that the program reduced the murder and robbery rates but strongly increased the assault and threat rates. 
The murder rate fell by about 7 percent after pacification (but only at the 10 percent significance level), while the robbery rate fell by 13 percent. On the contrary, the assault, rape, theft, and threat rates rose by 104 percent, 14 percent, 28 percent, and 124 percent, respectively.",1,Co-Primary,"Table 3, column 3, Panel A, coeff of pacified","negative, significant",,,OLS,Panel,xtreg,month,Pacifying Police Unit (UPP),,
1,bellego-2024,pacif-assult,1,Effect of pacification on assult rate.,"We find that the program reduced the murder and robbery rates but strongly increased the assault and threat rates. 
The murder rate fell by about 7 percent after pacification (but only at the 10 percent significance level), while the robbery rate fell by 13 percent. On the contrary, the assault, rape, theft, and threat rates rose by 104 percent, 14 percent, 28 percent, and 124 percent, respectively.",1,Co-Primary,"Table 3, column 2, Panel A, coeff of pacified","positive, significant",,,OLS,Panel,xtreg,month,Pacifying Police Unit (UPP),,
1,bellego-2024,pacif-theft,1,Effect of pacification on theft rate.,"We find that the program reduced the murder and robbery rates but strongly increased the assault and threat rates. 
The murder rate fell by about 7 percent after pacification (but only at the 10 percent significance level), while the robbery rate fell by 13 percent. On the contrary, the assault, rape, theft, and threat rates rose by 104 percent, 14 percent, 28 percent, and 124 percent, respectively.",1,Co-Primary,"Table 3, column 4, Panel A, coeff of pacified","positive, significant",,,OLS,Panel,xtreg,month,Pacifying Police Unit (UPP),,
1,bellego-2024,pacif-threat,1,Effect of pacification on threat rate.,"We find that the program reduced the murder and robbery rates but strongly increased the assault and threat rates. 
The murder rate fell by about 7 percent after pacification (but only at the 10 percent significance level), while the robbery rate fell by 13 percent. On the contrary, the assault, rape, theft, and threat rates rose by 104 percent, 14 percent, 28 percent, and 124 percent, respectively.",1,Co-Primary,"Table 3, column 3, Panel A, coeff of pacified","positive, significant",,,OLS,Panel,xtreg,month,Pacifying Police Unit (UPP),,
1,ajzenman-2023,dmigr-concern,1,Effect of change in immigration rate on crime-related concerns,"positive and significant effects on crime-related concerns and on preventive behavioral responses, such as investing in home security. When aggregated into an index of personal concerns, these results remain large and
significant (doubling the share of the population of immigrant background triggers a
rise of 14percentage points",1,Co-Primary,"Table 6, last column (Principal Component -> IV), Δmigrmt","positive, significant ",,population,FE,Panel,areg ,year,municipality,,
1,ajzenman-2023,dmigr-crime,1,Effect of change in immigration rate on behavioral response,"positive and significant effects on crime-related concerns and on preventive behavioral responses, such as investing in home security. (doubling the share of the
population of immigrant background triggers a rise of 10percentage points, relative to
the mean of 23 percent",1,Co-Primary,"Table 8, column 4-2, IV on Δmigrmt ","positive, significant ",,population,IV,Panel,ivreg2,year,municipality,,
1,ajzenman-2023,media-crime,1,Effect of high media presence on crime-related concerns,"On mechanisms, we examine data on crime-related news on TV and in newspapers, and find a disproportionate coverage of immigrant-perpetrated homicides as well as a larger effect of immigration on crime perceptions in municipalities with a stronger media presence.",1,Secondary,"Table 13, column 2 (Concerns -> High media), coeff on Log Imm Rate","positive, significant",Yes,population,FE,Panel,areg,year,municipality,,
1,wang-2022,dtariff-emplmf,1,Effect of change of import tariff on the change of Male–Female employment rate difference ,"We find that increasing import competition kept more females in the workforce, reducing an otherwise growing gender employment gap in the long run. The difference in tariff coefficients amounts to 0.2 and is statistically significant at the 5 percent level. In a prefecture that has experienced average tariff reductions, the employment gap between males and females is reduced by about 6.0 percentage points (-30.09 · 0.20 = –6.02; see Online Appendix Table A1).",1,Primary,"Table2, column(2)-(3),  panel C Male–Female
Difference Δ Import tariffs","positive, significant",,"pop_f90, pop_m90",OLS,Panel,reg,year,Chinese prefecture,,
1,wang-2022,dtariff-female,1,Effect of import tariff exposure on size of female-intensive sectors,"The gendered employment effects of tradeinduced competitive pressures can be attributed to an expansion of femaleintensive industries, a reduction in gender discrimination, and technology upgrades through computerization.",1,Secondary,"Table 8, column 4, Panel A, coef on delta import tariffs","negative, significant",,"pop_f90, pop_m90",OLS,Panel,reg,year,Chinese prefecture,,
1,wang-2022,dtariff-dis,1,Effect of import tariff exposure on change in discrimination,"The gendered employment effects of tradeinduced competitive pressures can be attributed to an expansion of femaleintensive industries, a reduction in gender discrimination, and technology upgrades through computerization.",1,Secondary,"Table 8, column 4, Panel B, coef on delta import tariffs","positive, significant",,"pop_f90, pop_m90",OLS,Panel,reg,year,Chinese prefecture,,
1,wang-2022,dtariff-compsh,1,Effect of import tariff exposure on change in computer intensity,"The gendered employment effects of tradeinduced competitive pressures can be attributed to an expansion of femaleintensive industries, a reduction in gender discrimination, and technology upgrades through computerization.",1,Secondary,"Table 8, column 4, Panel C, coef on delta import tariffs","negative, significant",,"pop_f90, pop_m90",OLS,Panel,reg,year,Chinese prefecture,,
1,topalova-2010,tariff-ruralpoverty,1,Effect of tariff on poverty rate for rural india,"Rural districts, in which production sectors more exposed to liberalization were concentrated, experienced slower decline in poverty and lower consumption growth. Tables 3A and 3B present estimates of the effect of liberalization on poverty and average consumption in rural and urban India, respectively.",1,Co-Primary,"Table 3A, column 3, Panel A, coef on Tariff","negative, significant",,n,IV,Panel,ivreg,2 years,Indian district,,
1,topalova-2010,tariff-ruralexpense,1,Effect of tariff on per capita expenditure for rural india,"Rural districts, in which production sectors more exposed to liberalization were concentrated, experienced slower decline in poverty and lower consumption growth. Tables 3A and 3B present estimates of the effect of liberalization on poverty and average consumption in rural and urban India, respectively.",1,Co-Primary,"Table 3A, column 4, Panel B, coef on Tariff","positive, significant",,n,IV,Panel,ivreg,2 years,Indian district,,
1,topalova-2010,tariff-urbanpoverty,1,Effect of tariff on poverty rate for urban india,"Rural districts, in which production sectors more exposed to liberalization were concentrated, experienced slower decline in poverty and lower consumption growth. Tables 3A and 3B present estimates of the effect of liberalization on poverty and average consumption in rural and urban India, respectively.",1,Co-Primary,"Table 3B, column 3, Panel A, coef on Tariff","negative, significant",,n,IV,Panel,ivreg,2 years,Indian district,,
1,topalova-2010,tariff-urbanexpense,1,Effect of tariff on per capita expenditure for urban india,"Rural districts, in which production sectors more exposed to liberalization were concentrated, experienced slower decline in poverty and lower consumption growth. Tables 3A and 3B present estimates of the effect of liberalization on poverty and average consumption in rural and urban India, respectively.",1,Co-Primary,"Table 3B, column 4, Panel B, coef on Tariff","positive, significant",,n,IV,Panel,ivreg,2 years,Indian district,,
1,chodorow-2012,ivgov-fmap,1,"Effect of every $100,000 in FMAP on states’ employment in the government,
health, and education sectors","In our preferred specification, a state’s receipt of a marginal $100,000 in Medicaid outlays results in an additional 3.8 jobyears, 3.2 of which are outside the government, health, and education sectors. (JEL H75, I18, I38, R23)... The coefficient on
(6) suggests that for every $100,000 in FMAP outlays per individual 16+ that
a state received by June 30, 2010, that states’ employment in the government,
health, and education sectors increased by 1.17 per individual 16+ over the period
considered.",1,Co-Primary,"Table 4, column 6, Total FMAP payout per ","positive,significant",,pop16plus,IV,Panel,ivregress,,state,,
1,chodorow-2012,ivtotal-fmap,1,"Effect of every $100,000 in FMAP on total employment","In our preferred specification, a state’s receipt of a marginal $100,000 in Medicaid outlays results in an additional 3.8 jobyears, 3.2 of which are outside the government, health, and education sectors... The coefficient in (6), the preferred specification, suggests that for every $100,000 in FMAP outlays per individual 16+ that a state received by June 30, 2010, that states’ total employment increased by 2.83 per individual 16+ from December 2008 to July 2009. Section VI provides further discussion of how to interpret this magnitude.",1,Co-Primary,"Table 3, column 6, Total FMAP payout per","positive, significant",,pop16plus,IV,Panel,ivregress,,state,,
1,guzman-2022,edi-covidcase,1,Effect of EDI (ethnic diversity index) of COVID-19 cases,"United States counties with higher levels of ethnic divisions fared worse after lockdowns in COVID-19 cases and deaths. Consistent with the results of the federal policy, we find that following the CSOE, there were over 344 more cases and 16 more deaths of COVID-19 per 100,000 inhabitants in the highest EDI counties than in the lowest EDI counties",1,Co-Primary,"Table 1, Panel C, Column 3, Coeff of Post county emergency × EDI","positive, significant",,pop,DID,Panel,reghdfe,day,U.S. county,,
1,guzman-2022,edi-coviddeath,1,Effect of EDI of COVID-19 death,"United States counties with higher levels of ethnic divisions fared worse after lockdowns in COVID-19 cases and deaths. Consistent with the results of the federal policy, we find that following the CSOE, there were over 344 more cases and 16 more deaths of COVID-19 per 100,000 inhabitants in the highest EDI counties than in the lowest EDI counties",1,Co-Primary,"Table 1, Panel D, Column 3, Coeff of Post county emergency × EDI","positive, significant",,pop,DID,Panel,reghdfe,day,U.S. county,,
1,guzman-2022,edi_bmediancase,1,Effect of EDI of COVID-19 case for counties with below-median levels of residential segregation,"Ethnic diversity matters little for COVID-19 outcomes, except where racial residential segregation— which measures ethnic divisions—is present. Similarly, following the CSOE, EDI marginally increased COVID-19 cases and deaths by 282 and 12 per 100,000 inhabitants, respectively, in counties with below-median levels of residential segregation compared to 397 and 19 per 100,000 inhabitants, respectively, in counties with above-median levels of residential segregation",1,Co-Primary,"Table 1, Panel C, Column 5, Coeff of Post  county emergency declaration × EDI","positive, significant",,pop,DID,Panel,reghdfe,day,U.S. county,,
1,guzman-2022,edi_bmediandeath,1,Effect of EDI of COVID-19 death for counties with below-median levels of residential segregation,"Ethnic diversity matters little for COVID-19 outcomes, except where racial residential segregation— which measures ethnic divisions—is present. Similarly, following the CSOE, EDI marginally increased COVID-19 cases and deaths by 282 and 12 per 100,000 inhabitants, respectively, in counties with below-median levels of residential segregation compared to 397 and 19 per 100,000 inhabitants, respectively, in counties with above-median levels of residential segregation",1,Co-Primary,"Table 1, Panel D, Column 5, Coeff of Post  county emergency declaration × EDI","positive, significant",,pop,DID,Panel,reghdfe,day,U.S. county,,
1,guzman-2022,edi_amediancase,1,Effect of EDI of COVID-19 case for counties with above-median levels of residential segregation,"Ethnic diversity matters little for COVID-19 outcomes, except where racial residential segregation— which measures ethnic divisions—is present. Similarly, following the CSOE, EDI marginally increased COVID-19 cases and deaths by 282 and 12 per 100,000 inhabitants, respectively, in counties with below-median levels of residential segregation compared to 397 and 19 per 100,000 inhabitants, respectively, in counties with above-median levels of residential segregation",1,Co-Primary,"Table 1, Panel C, Column 7, Coeff of Post  county emergency declaration × EDI","positive, significant",,pop,DID,Panel,reghdfe,day,U.S. county,,
1,guzman-2022,edi_amediandeath,1,Effect of EDI of COVID-19 death for counties with above-median levels of residential segregation,"Ethnic diversity matters little for COVID-19 outcomes, except where racial residential segregation— which measures ethnic divisions—is present. Similarly, following the CSOE, EDI marginally increased COVID-19 cases and deaths by 282 and 12 per 100,000 inhabitants, respectively, in counties with below-median levels of residential segregation compared to 397 and 19 per 100,000 inhabitants, respectively, in counties with above-median levels of residential segregation",1,Co-Primary,"Table 1, Panel D, Column 7, Coeff of Post  county emergency declaration × EDI","positive, significant",,pop,DID,Panel,reghdfe,day,U.S. county,,
1,dhaliwal-2020,ruralremote-spend,1,The Distribution of Expenditures Between Districts in California,"Drawing on 15 years of financial data from California school districts, we find variation in the funding levels of rural districts but few differences in the ways resources are allocated and only modest evidence of constrained spending in rural areas. Our results suggest differences in overall spending levels, though primarily for remote rural districts. As seen in Table 3, column 1, consistent with previous literature, remote rural districts spend $22,665 per pupil overall",1,Co-Primary,"Table 3, column 1, Rural remote","positive, significant",,k12ada,OLS,Panel,regress,year,U.S. school district,,
1,dhaliwal-2020,ruraldistant-spend,1,The Distribution of Expenditures Between Districts in California,"Drawing on 15 years of financial data from California school districts, we find variation in the funding levels of rural districts but few differences in the ways resources are allocated and only modest evidence of constrained spending in rural areas. other rural districts spend considerably less—much closer to spending in nonrural districts. For example, total per-pupil expenditures in distant rural districts are $5,136 lower than in remote districts",1,Co-Primary,"Table 3, column 1, Rural distant","negative, significant",,k12ada,OLS,Panel,regress,year,U.S. school district,,
1,dhaliwal-2020,ruralfringe-spend,1,The Distribution of Expenditures Between Districts in California,"Drawing on 15 years of financial data from California school districts, we find variation in the funding levels of rural districts but few differences in the ways resources are allocated and only modest evidence of constrained spending in rural areas. other rural districts spend considerably less—much closer to spending in nonrural districts. For example, total per-pupil expenditures in distant rural districts are $5,136 lower than in remote districts while fringe districts spend 7643 less",1,Co-Primary,"Table 3, column 1, Rural fringe","negative, significant",,k12ada,OLS,Panel,regress,year,U.S. school district,,
1,dhaliwal-2020,ruralremote-change,0,Changes in per-ADA Expenditures in Total between 2017–2018 and 2012–2013 for rural remote,"Our results suggest that spending progressivity (i.e., spending advantage of higher-poverty districts) has increased since LCFF, although progressivity is lowest in rural districts by the end of the data panel.",1,Secondary,"Table 6, column 9, rural remote","positive, significant",,k12ada,OLS,Panel,regress,year,U.S. school district,,
1,maestas-2014,reform-applicate2007,1,Effect of Health Insurance Reform on Disability Application in 2007,"This paper uses Social Security Administration (SSA) administrative data to analyze changes in SSDI and SSI application rates in Massachusetts before and after the reform relative to comparison states with similar size, demographics, and geographic location. // Panel A of Table 1 shows that while controlling for common shocks and unemployment differences using state-level difference-in-differences data, the Massachusetts reform had little effect in FY 2007, increased disability applications by 0.08 per 1,000 working-age residents (3%) in FY 2008 compared to neighboring states, and showed no effect in FY 2009.",1,Co-Primary,"Table 1, column 1, Panel A, Coeff of MA × FY2007","positive, significant",,wapop,DID,Panel,reg,year,U.S. state,,
1,maestas-2014,reform-applicate2008,1,Effect of Health Insurance Reform on Disability Application in 2008,"This paper uses Social Security Administration (SSA) administrative data to analyze changes in SSDI and SSI application rates in Massachusetts before and after the reform relative to comparison states with similar size, demographics, and geographic location. // Panel A of Table 1 shows that while controlling for common shocks and unemployment differences using state-level difference-in-differences data, the Massachusetts reform had little effect in FY 2007, increased disability applications by 0.08 per 1,000 working-age residents (3%) in FY 2008 compared to neighboring states, and showed no effect in FY 2009.",1,Co-Primary,"Table 1, column 1, Panel A, Coeff of MA × FY2008","positive, significant",,wapop,DID,Panel,reg,year,U.S. state,,
1,maestas-2014,reform-applicate2009,1,Effect of Health Insurance Reform on Disability Application in 2009,"This paper uses Social Security Administration (SSA) administrative data to analyze changes in SSDI and SSI application rates in Massachusetts before and after the reform relative to comparison states with similar size, demographics, and geographic location. // Panel A of Table 1 shows that while controlling for common shocks and unemployment differences using state-level difference-in-differences data, the Massachusetts reform had little effect in FY 2007, increased disability applications by 0.08 per 1,000 working-age residents (3%) in FY 2008 compared to neighboring states, and showed no effect in FY 2009.",1,Co-Primary,"Table 1, column 1, Panel A, Coeff of MA × FY2009","positive, insignificant",,wapop,DID,Panel,reg,year,U.S. state,,
1,maestas-2014,reform-highcounty08,1,Effect of Health Insurance Reform on Disability application in High-insurance counties in FY2008,The total number of disability applications (SSDI and SSI combined) increased in high-health-insurance counties (consistent with employment lock release) and decreased in low-insurance counties (consistent with reduced SSI value).,1,Co-Primary,"Table 1, column 1, Panel D, Coeff of MA × FY2008","positive, significant",,wapop,DID,Panel,reg,year,U.S. county,,
1,maestas-2014,reform-lowcounty07,1,Effect of Health Insurance Reform on Disability application in Low-insurance counties in FY 2007,"With high-insurance counties mirroring overall estimates, low-insurance counties showing a net decrease in FY 2008 relative to neighbors, and an earlier effect in FY 2007 due to early Medicaid expansion, despite SSDI-only applications increasing in low-insurance counties with less prereform ESHI.",1,Co-Primary,"Table 1, column 1, Panel C, Coeff of MA × FY2007","negative, significant",,wapop,DID,Panel,reg,year,U.S. county,,
1,maestas-2014,reform-lowcounty08,1,Effect of Health Insurance Reform on Disability application in Low-insurance counties in FY 2008,"With high-insurance counties mirroring overall estimates, low-insurance counties showing a net decrease in FY 2008 relative to neighbors, and an earlier effect in FY 2007 due to early Medicaid expansion, despite SSDI-only applications increasing in low-insurance counties with less prereform ESHI.",1,Co-Primary,"Table 1, column 1, Panel C, Coeff of MA × FY2008","negative, significant",,wapop,DID,Panel,reg,year,U.S. county,,
1,maestas-2014,reform-lowssi07,1,Effect of Health Insurance Reform on SSI application in Low-insurance counties in FY 2007,The total number of disability applications (SSDI and SSI combined) increased in high-health-insurance counties (consistent with employment lock release) and decreased in low-insurance counties (consistent with reduced SSI value).,1,Secondary,"Table 1, column 3, Panel C, Coeff of MA × FY2007","negative, significant",,wapop,DID,Panel,reg,year,U.S. county,,
1,maestas-2014,reform-lowssi08,1,Effect of Health Insurance Reform on SSI application in Low-insurance counties in FY 2008,The total number of disability applications (SSDI and SSI combined) increased in high-health-insurance counties (consistent with employment lock release) and decreased in low-insurance counties (consistent with reduced SSI value).,1,Secondary,"Table 1, column 3, Panel C, Coeff of MA × FY2008","negative, significant",,wapop,DID,Panel,reg,year,U.S. county,,
1,maestas-2014,reform-lowssdi08,1,Effect of Health Insurance Reform on SSDI-only application in Low-insurance counties in FY 2008,"With high-insurance counties mirroring overall estimates, low-insurance counties showing a net decrease in FY 2008 relative to neighbors, and an earlier effect in FY 2007 due to early Medicaid expansion, despite SSDI-only applications increasing in low-insurance counties with less prereform ESHI.",1,Secondary,"Table 1, column 2, Panel C, Coeff of MA × FY2008","positive, significant",,wapop,DID,Panel,reg,year,U.S. county,,
1,dickstein-2015,bundle-insurer,1,Effect of Small County Bundled with One or More Populous Counties on number of health insurers,"In our first set of analyses, we investigate whether the number of insurers and the benchmark premium in less populous counties varies with the population of the region of which the county is a part. Our findings demonstrate that, controlling for the county’s population, the number of health insurers increases and premiums decrease when a small county is bundled with one or more populous counties. // As the estimates in the first two columns of panel B indicate, being grouped in a populous region increases the expected number of entrants by between 0.6 and 0.8 insurers. ",1,Co-Primary,"Table 1, column 2, Panel B, Coeff of Grouped with large region","positive, significant",,"persons1864yrs2010, logPop",FE,Panel,areg,,U.S. county,,
1,dickstein-2015,bundle-premium,1,Effect of Small County Bundled with One or More Populous Counties on premiums,"In our first set of analyses, we investigate whether the number of insurers and the benchmark premium in less populous counties varies with the population of the region of which the county is a part. Our findings demonstrate that, controlling for the county’s population, the number of health insurers increases and premiums decrease when a small county is bundled with one or more populous counties. // The bundling also leads to an average decrease in annual premiums of between $200 and $300. ",1,Co-Primary,"Table 1, column 2, Panel A, Coeff of Grouped with large region","negative, significant",,"persons1864yrs2010, logPop",FE,Panel,areg,,U.S. county,,
1,dickstein-2015,population-insurer,1,Effect of population with number of insurers,"In our next set of analyses, we explore the effects of region definition on both the number of insurers and on health insurance premiums using data at the coverage region level. Our findings reveal that, on average, the number of insurers increases and premiums decline with coverage region size. // The results of this region-level analysis appear in Table 2. The dependent variable in these regressions is either the number of unique entrants observed in the region or the premium for the benchmark silver plan available in the region. The coefficient on log population suggests a positive and significant effect of a region’s population on the number of entrants and a negative effect on premiums",1,Co-Primary,"Table 2, column 2, Coeff of log population","positive, significant",,"persons1864yrs2010, logPop",FE,Panel,areg,,Medicare coverage region,,
1,dickstein-2015,population-premium,1,Effect of population with premium,"In our next set of analyses, we explore the effects of region definition on both the number of insurers and on health insurance premiums using data at the coverage region level. Our findings reveal that, on average, the number of insurers increases and premiums decline with coverage region size. // The results of this region-level analysis appear in Table 2. The dependent variable in these regressions is either the number of unique entrants observed in the region or the premium for the benchmark silver plan available in the region. The coefficient on log population suggests a positive and significant effect of a region’s population on the number of entrants and a negative effect on premiums",1,Co-Primary,"Table 2, column 4, Coeff of log population","negative, significant",,"persons1864yrs2010, logPop",FE,Panel,areg,,Medicare coverage region,,
1,fitzpatrick-2014,teacheryear-number,0,Effect of one more teacher with 15 or more years of experience pre-ERI on the number of experienced teachers exiting in the ERI period,"Our estimates show that the ERI program had large effects on the composition of teachers in Illinois schools; for each teacher with 15 or more years of experience at a school in the pre-ERI period, exit rates increased, average experience declined, and the number of new teachers increased substantially post-ERI. // Having one more teacher with 15 or more years of experience pre-ERI increased the number of experienced teachers exiting in the ERI period by 0.08 overall, with estimates that vary little across grades",0,Secondary,"Table 3, column 1, row 1, Coeff of (Teachers ≥ 15)ig × Postt","positive, significant",,enroll,DID,Panel,xtreg,year,school,,
1,fitzpatrick-2014,teacheryear-experience,0,Effect of one more teacher with 15 or more years of experience pre-ERI on the average teacher experiencein the ERI period,"Our estimates show that the ERI program had large effects on the composition of teachers in Illinois schools; for each teacher with 15 or more years of experience at a school in the pre-ERI period, exit rates increased, average experience declined, and the number of new teachers increased substantially post-ERI. //increased exit among more experienced teachers was accompanied by declines in average teacher experience of 0.41 years, or 2.6 percent, for every teacher with 15 or more years of experience pre-ERI.",1,Co-Primary,"Table 3, column 1, row 3, Coeff of (Teachers ≥ 15)ig × Postt","negative, significant",,enroll,DID,Panel,xtreg,year,school,,
1,fitzpatrick-2014,teacheryear-new,0,Effect of one more teacher with 15 or more years of experience pre-ERI on the number of new teachers,"Our estimates show that the ERI program had large effects on the composition of teachers in Illinois schools; for each teacher with 15 or more years of experience at a school in the pre-ERI period, exit rates increased, average experience declined, and the number of new teachers increased substantially post-ERI. // Overall, for each teacher pre-ERI with 15 or more years of experience, the number of new teachers increases by 0.073, or 19.8 percent relative to baseline",1,Co-Primary,"Table 3, column 1, row 5, Coeff of (Teachers ≥ 15)ig × Postt","positive, significant",,enroll,DID,Panel,xtreg,year,school,,
1,fitzpatrick-2014,teacheryear-math,1,Effect of one more teacher with 15 or more years of experience pre-ERI on math score,"We find the program did not reduce test scores; likely, it increased them, with positive effects most pronounced in lower SES schools.... Our estimates suggest that the teacher retirements did little to reduce student math and English test scores; in fact, the point estimates are positive and in some cases are statistically significantly different from zero. // Thus, despite the fact that having one more experienced teacher pre-ERI leads to significant declines in the teacher experience profile and significant increases in exit at the school-grade level, test scores rise, or at the very least do not decline",1,Co-Primary,"Table 5, column 1, Coeff of Post × Number ≥ 15 years of experience, pre-ERI","positive, insignificant",,enroll,DID,Panel,xtreg,year,school,,
1,fitzpatrick-2014,teacheryear-read,1,Effect of one more teacher with 15 or more years of experience pre-ERI on reading score,"We find the program did not reduce test scores; likely, it increased them, with positive effects most pronounced in lower SES schools.... Our estimates suggest that the teacher retirements did little to reduce student math and English test scores; in fact, the point estimates are positive and in some cases are statistically significantly different from zero. // Thus, despite the fact that having one more experienced teacher pre-ERI leads to significant declines in the teacher experience profile and significant increases in exit at the school-grade level, test scores rise, or at the very least do not decline",1,Co-Primary,"Table 5, column 2, Coeff of Post × Number ≥ 15 years of experience, pre-ERI","positive, significant",,enroll,DID,Panel,xtreg,year,school,,
1,fitzpatrick-2014,teacheryear-read_lowincome,1,"Effect of ERI on reading scores, lowest income schools","We find the program did not reduce test scores; likely, it increased them, with positive effects most pronounced in lower SES schools... For reading, the low-income, high-minority and lowest-baseline schools experience larger increases in test scores post-ERI for each teacher with 15 or more years of experience pre-ERI than their wealthier, low-minority, higher performing counterparts. In math, such a difference only is evident for the lowest versus highest baseline score schools.",1,Secondary,"Table 7, column 2, Coeff on Lowest income schools",greater than coeff on all other schools,,enroll,DID,Panel,xtreg,year,school,,
1,fitzpatrick-2014,teacheryear-read_lowwhite,1,"Effect of ERI on reading scores, lowest income schools","We find the program did not reduce test scores; likely, it increased them, with positive effects most pronounced in lower SES schools... For reading, the low-income, high-minority and lowest-baseline schools experience larger increases in test scores post-ERI for each teacher with 15 or more years of experience pre-ERI than their wealthier, low-minority, higher performing counterparts. In math, such a difference only is evident for the lowest versus highest baseline score schools.",1,Secondary,"Table 7, column 2, Coeff on Lowest percent white schools",greater than coeff on all other schools,,enroll,DID,Panel,xtreg,year,school,,
1,fitzpatrick-2014,teacheryear-read_lowbaseline,1,"Effect of ERI on reading scores, lowest income schools","We find the program did not reduce test scores; likely, it increased them, with positive effects most pronounced in lower SES schools... For reading, the low-income, high-minority and lowest-baseline schools experience larger increases in test scores post-ERI for each teacher with 15 or more years of experience pre-ERI than their wealthier, low-minority, higher performing counterparts. In math, such a difference only is evident for the lowest versus highest baseline score schools.",1,Secondary,"Table 7, column 2, Coeff on Lowest baseline score schools",greater than coeff on all other schools,,enroll,DID,Panel,xtreg,year,school,,
1,bove-2017,military-crime,1,Effect of military aid on total number of crime,"We find that (i) military aid reduces street-level crime; Column 3 of Table 2 shows that military aid reduces the total number of crimes: a 10 percent increase in the total value of military aid leads to a decrease of 5.9 crimes per 100,000 population.",1,Co-Primary,"Table 2, Column 3, Coeff of Lagged total aid","negative, significant",,lpop,IV,Panel,xtivreg2,year,U.S. county,,
1,bove-2017,military-larceny,1,Effect of military aid on larceny,"The effect is very pronounced for street-level crime types, like larceny and vehicle theft",1,Co-Primary,"Table 2, Column 8, Coeff of Lagged total aid","negative, significant",,lpop,IV,Panel,xtivreg2,year,U.S. county,,
1,bove-2017,military-vehicle,1,Effect of military aid on vehicle theft,"The effect is very pronounced for street-level crime types, like larceny and vehicle theft",1,Co-Primary,"Table 2, Column 9, Coeff of Lagged total aid","negative, significant",,lpop,IV,Panel,xtivreg2,year,U.S. county,,
1,sosina-2019,segragation-bw,1,"regressing Black–White expenditure disparities on measures of Black–White socioeconomic segregation,",The first finding to note is the lack of a statistically significant relationship between Black–White socioeconomic segregation and expenditure disparities,0,Secondary,"Table 3, column 3, coeff of Racial Socioeconomic Segregation on Black–White, total",insignificant,,rut_pop517,FE,Panel,xtreg,year,state,,
1,sosina-2019,racial-bw,1,regressing Black–White expenditure disparities on measures of Black–White racial segregation,"changes in racial/ethnic segregation within a state from 1999 through 2013 are associated with racial/ethnic disparities in spending, even after accounting for disparities in poverty. A one-unit increase in Black–White racial segregation is associated with $4986.22 shift in total per pupil expenditures (for every $10,000 of total spending) disfavoring the typical Black student’s district relative to the typical White student’s district",1,Co-Primary,"Table 3, column 1, coeff of Racial Segregation on Black–White, total","negative, significant",,rut_pop517,FE,Panel,xtreg,year,state,,
1,sosina-2019,segragation-hw,1,"regressing Latino–White expenditure disparities on measures of Latino–White socioeconomic segregation,","As with the Black–White expenditure disparity models, we find that there is no statistically significant relationship between Latinx–White socioeconomic segregation and Latinx–White expenditure disparities",0,Secondary,"Table 3, column 3, coeff of Racial Socioeconomic Segregation on Latino–White, total",insignificant,,rut_pop517,FE,Panel,xtreg,year,state,,
1,sosina-2019,racial-hw-infra,1,"regressing Latino–White expenditure disparities on measures of Latino–White segregation,",Increases in Latinx–White segregation are significantly related to shifts in per pupil infrastructure expenditures that disfavor the typical Latinx student’s district relative to the typical White student’s district,1,Co-Primary,"Table 3, column 1, coeff of Racial Segregation on Latino–White, infra.","negative, significant",,rut_pop517,FE,Panel,xtreg,year,state,,
1,ferraz-2011,first-corruption,1,Effect of Mayor in first term on Share of audited resources involving corruption,We find significantly less corruption in municipalities where mayors can get reelected. Mayors with reelection incentives misappropriate 27 percent fewer resources than mayors without reelection incentives. ,1,Co-Primary,"Table 4, column 6, coeff of Mayor in first term","negative, significant",,lpop,OLS,cross-sectional,reg,,municipality,,
1,ferraz-2011,judiciary-difference,1,Effect of judiciary district on difference between first-term and second-term mayors,"These effects are more pronounced among municipalities with less access to information and where the likelihood of judicial punishment is lower. //In Table 10, we see that the presence of public prosecutors or local media reduces the corruption differential between first-term and second-term mayors.",1,Co-Primary,"Table 10, column 1, coeff of First term × judiciary district","positive, significant",,lpop,OLS,cross-sectional,areg,,municipality,,
1,ferraz-2011,first-media,1,Effect of media on difference between first-term and second-term mayors,"These effects are more pronounced among municipalities with less access to information and where the likelihood of judicial punishment is lower. // We also find that the presence of local media has a direct effect on corruption levels (column 2). In municipalities with a second-term mayor, the existence of media reduces corruption by 5.3 percentage points. But in municipalities with a first-term mayor, corruption is 3.3 percentage points higher in areas with media relative to those without.",1,Co-Primary,"Table 10, column 2, coeff of First term × media","positive, significant",,lpop,OLS,cross-sectional,areg,,municipality,,
1,ferraz-2011,media-corruption,1,Effect of media on share of audited resources involving corruption,"These effects are more pronounced among municipalities with less access to information and where the likelihood of judicial punishment is lower. // We also find that the presence of local media has a direct effect on corruption levels (column 2). In municipalities with a second-term mayor, the existence of media reduces corruption by 5.3 percentage points. But in municipalities with a first-term mayor, corruption is 3.3 percentage points higher in areas with media relative to those without.",1,Co-Primary,"Table 10, column 2, coeff of Media","negative, significant, greater than coeff -(first term x media)",,lpop,OLS,cross-sectional,areg,,municipality,,
1,campante-2019,distance-conflict,1,Effect of distance to capital on average probability of conflic,"We show evidence that (i) conflict is more likely to emerge (and dislodge incumbents) closer to the capital// However, column 2 shows that countries with an average Polity score below (or equal to) zero—a threshold meant to encompass “autocracies” and “closed anocracies” as defined by the Polity IV dataset—display a strong negative correlation: conflict is more likely in areas that are closer to the capital.",1,Co-Primary,"Table 3, column 2, coeff of log distance to capital","negative, significant",,avg_logpop,FE,Panel,areg,year,nation,,
1,campante-2019,distance-misgov,1,Effect of distance on WGI PC (indicator of quality of governance),"and (ii) isolated capitals are associated with misgovernance. // Columns 1–2 confirm the message from the raw correlation. The correlation is statistically significant, and robust to the inclusion of the vector Xc of control variables.",1,Co-Primary,"Table 8, column 2, coeff of AvgLogDistance","negative, significant",,avg_logpop,FE ,Panel,reg,year,nation,,
1,chalfin-2015,mexican-rape,1,Effect of foreign-born Mexican population share on rape,"In contrast, the 2SLS results lead to a dramatically different impression. Indeed, immigration can be shown to have a protective effect on several crime types. In particular, a 1 percentage point increase in the immigrant share leads to a 13 percent reduction in rape, an 11 percent reduction in larceny, and a 15 percent reduction in motor vehicle theft",0,Co-Primary,"Table 2, column 2, panel B","negative, significant",,population,FE ,Panel,ivreg2,year,MSA,,
1,chalfin-2015,mexican-larceny,1,Effect of foreign-born Mexican population share on larceny,"In contrast, the 2SLS results lead to a dramatically different impression. Indeed, immigration can be shown to have a protective effect on several crime types. In particular, a 1 percentage point increase in the immigrant share leads to a 13 percent reduction in rape, an 11 percent reduction in larceny, and a 15 percent reduction in motor vehicle theft",0,Co-Primary,"Table 2, column 6, panel B","negative, significant",,population,FE ,Panel,ivreg2,year,MSA,,
1,chalfin-2015,mexican-motor,1,Effect of foreign-born Mexican population share motor vehicle theft,"In contrast, the 2SLS results lead to a dramatically different impression. Indeed, immigration can be shown to have a protective effect on several crime types. In particular, a 1 percentage point increase in the immigrant share leads to a 13 percent reduction in rape, an 11 percent reduction in larceny, and a 15 percent reduction in motor vehicle theft",0,Co-Primary,"Table 2, column 7, panel B","negative, significant",,population,FE ,Panel,ivreg2,year,MSA,,
1,slattery-2020,emp-incentive,1,Effect of employment on per capita incentives increase by 20 percent,"Firms tend to accept subsidy deals from places that are richer, larger, and more urban than the average county, and poor places provide larger incentives and spend more per job. s. // Table 3 presents the results. We find that a 20 percent increase in state per capita incentive spending is less likely when previous-year employment is higher.",1,Co-Primary,"Table 3, column 6, coeff of Percent of population employed in t − 1","negative, significant",,pop,FE,Panel,reghdfe,year,state,,
1,slattery-2020,governor-incentive,1,Effect of incumbent governor and an election year on increases in incentive spending,"Firms tend to accept subsidy deals from places that are richer, larger, and more urban than the average county, and poor places provide larger incentives and spend more per job. // While these economic determinants are important, political factors are especially important. The interaction between an incumbent governor and an election year is highly correlated with increases in incentive spending, suggesting a strong role for political determinants of incentive provision. I",0,Secondary,"Table 3, column 6, coeff of Governor can run as incumbent × election year","positive, significant",,pop,FE,Panel,reghdfe,year,state,,
1,slattery-2020,win-emp,1,Effect of Winning a Firm-Specific Deal on 3D industry employment,"Comparing winning and runner-up locations for each deal, we find that average employment within the three-digit industry of the deal increases by roughly 1,500 jobs.// Table 4 shows difference-in-differences estimates for a broader set of local outcomes. The results are more mixed and weaker for effects on employment outside the three-digit industry as well as on countywide outcomes.",1,Co-Primary,"Table 4, column 1, coeff of Winner × post","positive, significant",,pop,DID,Panel,reg,year,U.S. county,,
1,brinkman-2018,under-population,1,Effect of percent owners under 55 on UAAL/population,"old agents prefer a pay-as-you go system,while young agents find a fully funded system optimal. Empiricalevidence based on cross-city comparisons of pension liabilities is consistent with these predictions. // To further investigate this correlation we run cross-city regressions where the dependent variable is one of the four measures of unfunded pension liabilities and the independent variable of interest is the share of homeowners under the age of 55.",1,Co-Primary,"Table 2, columns 2, coeff of Percent owners under 55, UAAL/population","negative, significant",,"city_pop, pop_1980",FE,Panel,reg,year,city,,
1,brinkman-2018,under-income,1,Effect of percent owners under 55 on UAAL/income,"old agents prefer a pay-as-you go system,while young agents find a fully funded system optimal. Empiricalevidence based on cross-city comparisons of pension liabilities is consistent with these predictions. // To further investigate this correlation we run cross-city regressions where the dependent variable is one of the four measures of unfunded pension liabilities and the independent variable of interest is the share of homeowners under the age of 55.",1,Co-Primary,"Table 2, columns 4, coeff of Percent owners under 55, UAAL/income","negative, significant",,"city_pop, pop_1980",FE,Panel,reg,year,city,,
1,brinkman-2018,under-revenue,1,Effect of percent owners under 55 on UAAL/revenues,"old agents prefer a pay-as-you go system,while young agents find a fully funded system optimal. Empiricalevidence based on cross-city comparisons of pension liabilities is consistent with these predictions. // To further investigate this correlation we run cross-city regressions where the dependent variable is one of the four measures of unfunded pension liabilities and the independent variable of interest is the share of homeowners under the age of 55.",1,Co-Primary,"Table 2, columns 2, coeff of Percent owners under 55, UAAL/revenues","negative, significant",,"city_pop, pop_1980",FE,Panel,reg,year,city,,
1,brinkman-2018,under-house,1,Effect of percent owners under 55 on UAAL/house values,"old agents prefer a pay-as-you go system,while young agents find a fully funded system optimal. Empiricalevidence based on cross-city comparisons of pension liabilities is consistent with these predictions. // To further investigate this correlation we run cross-city regressions where the dependent variable is one of the four measures of unfunded pension liabilities and the independent variable of interest is the share of homeowners under the age of 55.",1,Co-Primary,"Table 2, columns 4, coeff of Percent owners under 55, UAAL/house values","negative, significant",,"city_pop, pop_1980",FE,Panel,reg,year,city,,
1,jain-2017,total-lit,1,Estimation of total literacy rate in minority district versus majority district,"Linguistically mismatched districts have 18.0 percent lower literacy rates and 20.1 percent lower college graduation rates, driven by difficulty in acquiring education due to a different medium of instruction in schools.// In Table 4a, the coefficients for literacy rates are negative (-0.198 for total literacy and -0.225 for literacy in rural areas, p<0.01). Since the dependent variable is log transformed, taking the expo nential of these coefficients implies that the total and rural literacy rates in minority districts are 18.0 percent and 20.1 percent lower than the corre sponding rates in majority districts",1,Co-Primary,"Table 4a, column 1, coeff of Minority district","negative, significant",,record1_100,FE ,Panel,reg,decade,state,,
1,jain-2017,rural-lit,1,Estimation of literacy in rural areas in minority district versus majority district,"Linguistically mismatched districts have 18.0 percent lower literacy rates and 20.1 percent lower college graduation rates, driven by difficulty in acquiring education due to a different medium of instruction in schools.// In Table 4a, the coefficients for literacy rates are
 negative (-0.198 for total literacy and -0.225 for literacy in rural areas,
 p<0.01). Since the dependent variable is log transformed, taking the expo
 nential of these coefficients implies that the total and rural literacy rates in
 minority districts are 18.0 percent and 20.1 percent lower than the corre
 sponding rates in majority districts",1,Co-Primary,"Table 4a, column 2, coeff of Minority district","negative, significant",,"record1_100, record2_101",FE ,Panel,reg,decade,state,,
1,hoang-2021,I-nontif,1,Effect of Current-year incremental value (I) on districts’ total operating taxable value (V_G),"The study finds that TIF has mostly positive effects on rural school districts’ property tax base. // TIF induces a positive, though not statistically significant, effect on total non-TIF taxable property value (V). This finding suggests that TIF-induced benefits from positive spillover effects and reversed declining value trends in slum/blighted areas more than offset
depressed ABVs, negative spillover effects, and nonattributable counterfactual value losses, leaving rural school districts’ operating funds unaffected",1,Co-Primary,"Table 3 column 2, coeff of Current-year incremental value","positive, significant",,enrtot,DID,Panel,xtreg,year,U.S. school district,,
1,hoang-2021,N-nontif,1,Effect of the number of active TIF districts (N) on districts’ total non-TIF property taxable value (V),,0,Secondary,"Table 3 column 1, coeff of No. of active TIF districts (N)","positive, insignificant ",,enrtot,DID,Panel,xtreg,year,U.S. school district,,
1,hoang-2021,I10-resi,1,Effect of residential taxable property value on V in year 10,"TIF-induced increases in tax base come primarily from residential property and slightly from commercial property. // As in Table 4,
increases in both groups’ VG in Year 10 and onward are
driven by increases in residential value and supplemented by
commercial value increases (Columns 4 and 5).",1,Co-Primary,"Table 4 column 4, coeff of I10","positive, significant",,enrtot,DID,Panel,xtreg,year,U.S. school district,,
1,hoang-2021,I10-comm,1,Effect of commercial taxable property value on V in year 10,"TIF-induced increases in tax base come primarily from residential property and slightly from commercial property. // As in Table 4,
increases in both groups’ VG in Year 10 and onward are
driven by increases in residential value and supplemented by
commercial value increases (Columns 4 and 5).",1,Co-Primary,"Table 4 column 5, coeff of I10","positive, significant",,enrtot,DID,Panel,xtreg,year,U.S. school district,,
1,barbanchon-2021,attitude1-select,1,Effect of voters' attitude towards females being political leaders on selection of male/female candidates.,"Unfavorable voters’ attitudes toward women and local gender earnings gap correlate negatively with the share of female candidates in Parliamentary elections. //In panel A, we proxy for unfavorable attitudes toward women with the share of agreement with the statement “Men are better political leaders than women”. The coefficient is negative, statistically significant, and stable across specifications.  we find robust results. Finally, we further control in column (4) for the vote shares of candidates’ affiliated party obtained in the same electoral district during the previous Presidential election. The coefficient remains large and statistically significant",1,Co-Primary,"Table 2, column 4, Panel A, coeff of Men better political leaders: % agree","negative, significant",Yes,pop_tot_,FE ,Panel,reghdfe,year,French district,,
1,barbanchon-2021,attitude2-select,1,Effect of voters' attitude towards females work rights on selection of male/female candidates.,"Unfavorable voters’ attitudes toward women and local gender earnings gap correlate negatively with the share of female candidates in Parliamentary elections. /In panel B, we use the statement “When jobs are scarce, men should have more right to a job than women”, and find very similar results. ",1,Co-Primary,"Table 2, column 4, Panel B, coeff of Men more right to a job: % agree","negative, significant",Yes,pop_tot_,FE ,Panel,reghdfe,year,French district,,
1,barbanchon-2021,gap-vote,1,Effect of gender wage gap on vote shares,"Using within-candidate variation across the different polling stations of an electoral district in a given election year, we find that female candidates obtain fewer votes in municipalities with higher gender earnings gaps. // Table 3 reports estimates for our main parameter of interest β. The coefficient β on the interaction between gender earnings gaps and the dummy for female candidates is negative and statistically significant (at 1% confidence level) in all specifications. // Taking column (5) as our preferred specification, we obtain that a one standard deviation in gender earnings gap (7.2 percentage points at the municipality level) is associated with a decrease by 0.6 percentage points (0.072 * 0.078) in the vote share of female candidates (relative to male candidates).",1,Co-Primary,"Table 3, column 5, coeff of Female × gender earnings gap","negative, significant",No,pop_tot_,FE ,Panel,reghdfe,year,French district,,
1,barbanchon-2021,contest-select,1,Effect of contestable on selection of male/female candidates.,"We show theoretically that when voters are biased against women, parties facing gender quotas select male candidates in the most contestable districts. // We find that our parameter of interest—the coefficient β —is negative, stable across specifications, and statistically significant at least at the 5% confidence level. // In column (6), we further control for permanent unobserved characteristics of districts with the introduction of district fixed effects. Again we find robust results when we leverage within-district changes in contestability only. ",1,Co-Primary,"Table 4, column 6, coeff of Contestable","negative, significant",Yes,pop_tot_,FE ,Panel,reghdfe,year,French district,,
1,chu-2021,hometown-audit,1,Effect of Auditor Hometown and Government Audit Outcomes,"In city-fixed-effect specifications—in which the role of shared background is identified from auditor turnover—we show that hometown auditors find 38 percent less in questionable monies. // Across all specifications, the coefficient on Hometown is significant at least at the 5 percent level. In our favored specification, which includes controls for auditor and city characteristics, βˆ = 0.471, indicating that suspicious expenditures uncovered by a hometown auditor were 38 percent (i.e., 1 − e−0.471) lower than those found by nonhometown auditors",1,Co-Primary,"Table 3, column 4, coeff of Hometown","negative, significant, 1-e^x close to .38",Yes,pop,FE ,Panel,reghdfe,year,city,,
1,chu-2021,post2013-hometown,1,Effect of after year 2013 on Hometown Impact,"This hometown effect is similar throughout the auditor’s tenure and is diminished for audits ordered by the provincial Organization Department as a result of the departure of top city officials. // In both cases, the direct effect of Hometown is marginally more negative than in the preceding column, and the coefficient on Hometown × Post2013 is positive though smaller in magnitude and does not approach statistical significance. Overall, we cannot reject the existence of a comparable effect of Hometown before versus during the anti-corruption campaign.1// Overall, the results in Table 4 suggest that the hometown effect is reasonably stable across years—while we find suggestive between-year differences in the coefficient on Hometown, we are plausibly underpowered to detect systematic differences.",1,Co-Primary,"Table 4, column 2, coeff of Hometown × Post2013","positive, insignificant",Yes,pop,DID,Panel,reghdfe,year,city,,
1,chu-2021,firstyear-homwtown,1,Whether there is a differential effect of hometown auditors in their first year in the position,"This hometown effect is similar throughout the auditor’s tenure and is diminished for audits ordered by the provincial Organization Department as a result of the departure of top city officials. // In Table 5, we provide three specifications that assess the extent to which the deterrence story is likely to play a first-order role. In column 1, we add the interaction term FirstYear × Hometown (as well as the direct effect, FirstYear) to capture whether there is a differential effect of hometown auditors in their first year in the position. The coefficient on the interaction term is positive though small in magnitude. It is relatively imprecisely measured but still implies that one may reject that the coefficients on FirstYear × Hometown and Hometown sum to 0 (i.e., that the hometown effect when FirstYear = 1 is equal to 0) at the 1 percent level. // In neither of these cases is there any evidence that the hometown effect is stronger in the earlier years of an auditor’s tenure.",1,Co-Primary,"Table 5, column 1, coeff of FirstYear × Hometown","positive, insignificant",Yes,pop,DID,Panel,reghdfe,year,city,,
1,chu-2021,tenure-hometown,1,Whether there is a differential effect of hometown auditors' tenure,"This hometown effect is similar throughout the auditor’s tenure and is diminished for audits ordered by the provincial Organization Department as a result of the departure of top city officials. // In column 2, instead of focusing only on the first year, we allow the hometown effect to vary linearly as a function of the chief auditor’s tenure (Tenure × Hometown), and in column 3, we also introduce a quadratic interaction (Tenure2 × Hometown)  // In neither of these cases is there any evidence that the hometown effect is stronger in the earlier years of an auditor’s tenure.",1,Co-Primary,"Table 5, column 2, coeff of Tenure × Hometown",insignificant,Yes,pop,DID,Panel,reghdfe,year,city,,
1,chu-2021,tenure2-hometown,1,Whether there is a differential effect of hometown auditors' tenure's square,"This hometown effect is similar throughout the auditor’s tenure and is diminished for audits ordered by the provincial Organization Department as a result of the departure of top city officials. // In column 2, instead of focusing only on the first year, we allow the hometown effect to vary linearly as a function of the chief auditor’s tenure (Tenure × Hometown), and in column 3, we also introduce a quadratic interaction (Tenure2 × Hometown) // In neither of these cases is there any evidence that the hometown effect is stronger in the earlier years of an auditor’s tenure.",1,Co-Primary,"Table 5, column 3, coeff of Tenure2 × Hometown",insignificant,Yes,pop,DID,Panel,reghdfe,year,city,,
1,chu-2021,hometown-soe,0,Effect of hometown on Locally Owned SOE Real Activity Manipulation,"We complement these city-level findings with firmlevel analyses of earnings manipulation by state-owned enterprises (SOE) via real activity manipulation (a standard measure from the accounting literature), which we show is higher under hometown auditors. // In our preferred specification, we include firm fixed effects (ωf), which absorb the city fixed effects we employed in the preceding analyses. Standard errors are clustered at the city level to account for the level of identifying variation.",1,Secondary,"Table 8, column 4, coeff of Hometown","positive, significant",Yes,pop,FE ,Panel,reghdfe,year,city,,"Removed, not enough info for DP in this one"
1,howard-2021,manu-rent,1,Effect of Manufacture Changes on Rent,"The wide range is primarily due to a lack of consensus over the population elasticity to rents, so we estimate it by comparing the effects of demand shocks across cities of differing housing supply elasticities. We find that demand changes have similar effects across cities, suggesting a high population elasticity. // We check the robustness using two plausibly exogenous variables that affect local incomes. The decline in manufacturing was a widespread shock that decreased incomes in many regions, and so in columns (2) and (5) we use the manufacturing share as a proxy for the extent of this shock.",1,Co-Primary,"Table 2, column 2, coeff of Manufacturing Share","negative, significant",,totalemp,OLS,cross-sectional,reg,,city,,
1,howard-2021,manu-raw,1,Effect of Manufacture Changes on Raw Rent,"The wide range is primarily due to a lack of consensus over the population elasticity to rents, so we estimate it by comparing the effects of demand shocks across cities of differing housing supply elasticities. We find that demand changes have similar effects across cities, suggesting a high population elasticity. // Table 2 shows estimates of and. We check the robustness using two plausibly-exogenous variables that affect local incomes. The decline in manufacturing was a widespread shock that decreased incomes in many regions, and so in columns (2) and (5) we use the manufacturing share as a proxy for the extent of this shock.",1,Co-Primary,"Table 2, column 5, coeff of Manufacturing Share","negative, significant",,totalemp,OLS,cross-sectional,reg,,city,,
1,howard-2021,shock-rent,1,Effect of Bartik Shock on Rent,"The wide range is primarily due to a lack of consensus over the population elasticity to rents, so we estimate it by comparing the effects of demand shocks across cities of differing housing supply elasticities. We find that demand changes have similar effects across cities, suggesting a high population elasticity. // Columns (3) and (6) use a shift-share (or “Bartik”, following Bartik (1991)) shock that predicts local job growth using the interaction of local labor shares and industry-specific wage growth in other regions. The shift-share purges shocks that might affect income and housing costs contemporaneously. Using these variables, we show that rent decreased in manufacturing-exposed areas, and rents increased in areas exposed to growing industries, but that these effects were also not that heterogeneous by elasticity.",1,Co-Primary,"Table 2, column 3, coeff of Bartik Shock","positive, significant",,totalemp,OLS,cross-sectional,reg,,city,,
1,howard-2021,shock-raw,1,Effect of Bartik Shock on Raw Rent,"The wide range is primarily due to a lack of consensus over the population elasticity to rents, so we estimate it by comparing the effects of demand shocks across cities of differing housing supply elasticities. We find that demand changes have similar effects across cities, suggesting a high population elasticity. // Columns (3) and (6) use a shift-share (or “Bartik”, following Bartik (1991)) shock that predicts local job growth using the interaction of local labor shares and industry-specific wage growth in other regions. The shift-share purges shocks that might affect income and housing costs contemporaneously. Using these variables, we show that rent decreased in manufacturing-exposed areas, and rents increased in areas exposed to growing industries, but that these effects were also not that heterogeneous by elasticity.",1,Co-Primary,"Table 2, column 6, coeff of Bartik Shock","positive, significant",,totalemp,OLS,cross-sectional,reg,,city,,
1,eriksen-2015,voucher-rent,1,Effect of house voucher on housing rents,"We do not find that an increase in vouchers affected the overall price of rental housing but do estimate differences in effects based on an individual unit’s rent before the voucher expansion.//As reported in Table 4, we do not find that units located in MSAs with larger increases in housing vouchers between 2000 and 2002 experienced statistically significant or economically meaningful differences in rents. Our point estimate of the elasticity is 0.007 for all rental units with a standard error of 0.015.",1,Co-Primary,"Table 4, column 1, coeff of log of voucher",insignificant,,ltotpop,FE ,Panel,xtreg,year,MSA,,
1,eriksen-2015,voucher-cheap,1,Effect of voucher on relative cheap house,"Our results are consistent with voucher recipients renting more expensive units after receiving the subsidy. // For units with a prior rent below 80 percent of the FMR, we estimate a negative elasticity of 0.095, implying that a 10 percent increase in the supply of vouchers resulted in a 0.95 percent decrease in monthly rents. ",1,Co-Primary,"Table 5, column 1, coeff of log of voucher","negative, significant",,ltotpop,FE ,Panel,xtreg,year,MSA,,
1,eriksen-2015,voucher-expensive,1,Effect of voucher on relative expensive house,"Our results are consistent with voucher recipients renting more expensive units after receiving the subsidy. // When we restrict the sample to mediumquality units with a 1997 rent within 20 percent of the FMR ratio, we estimate a positive elasticity of 0.038.",1,Co-Primary,"Table 5, column 2, coeff of log of voucher","positive, significant",,ltotpop,FE ,Panel,xtreg,year,MSA,,
1,eriksen-2015,voucher-fmr,1,Effect of voucher on rent depends on whether the prior rent was below 80% of the FMR.,Our results are consistent with voucher recipients renting more expensive units after receiving the subsidy. // The third column of Table 5 pools the sample and uses an interaction term to test whether the coefficients are different from each other. The difference between the coefficients is statistically distinct from 0 at the 1 percent level of significance and is consistent with recipients occupying higher-quality rental housing after receiving a subsidy.,1,Co-Primary,"Table 5, column 3, coeff of Interaction of vouchers with indicator variable if rent < 80% of FMR","negative, significant",,ltotpop,FE ,Panel,xtreg,year,MSA,,
1,eriksen-2015,elasticity-effect,1,Effect of elasticity on voucher's effect on rents,"We also find that the largest price increases were for units near the maximum allowable voucher rent in cities with an inelastic housing supply.//In the final column of Table 7, we include interactions of the supply of housing vouchers with both the indicator that the estimated elasticity of supply of the MSA is greater than 1 and the indicator that a unit’s rent divided by the FMR before the voucher expansion is less than 80 percent to test if one effect dominates.24 We find the coefficient on both interaction terms to be negative and significantly different from 0 at the 5 percent level of significance.",1,Co-Primary,"Table 7, column 3, coeff of Interaction of Interaction of vouchers with indicator variable if supply elasticity ≥ 1","negative, significant",,ltotpop,FE ,Panel,xtreg,year,MSA,,
1,charles-2018,house-college,1,Effect of Housing demand change 2000–2006 on any college attainment,"We find that the boom lowered college enrollment, with effects concentrated at two-year colleges. // The results indicate that rising local housing demand during the national housing boom sharply lowered the fraction of 18–25-year-olds with “Any college,” with estimated effects that were very similar for men and women. The strongly statistically significant point estimates imply that a one standard deviation increase in local housing demand reduced the fraction of 18–25-year-olds who completed any amount of college training by about 1 percentage point: 0.9 for men and 1.0 for women.",1,Co-Primary,"Table 3, column 1, coeff of Housing demand change 2000–2006","negative, significant",,"pop_tot_00, pop_f_00",2SLS,cross-sectional,ivreg2,,state,,
1,charles-2018,house-bachelor,1,Effect of Housing demand change 2000–2006 on bachelor degree or higher education attainment,"We find that the boom lowered college enrollment, with effects concentrated at two-year colleges. // By contrast, the second column in the table shows that the growth in local housing demand had no effect on the fraction of 18–25-year-olds with at least a bachelor’s degree. It is not only that the effects are statistically insignificant; the point estimates are small compared to the point estimates in column 1.",1,Co-Primary,"Table 3, column 2, coeff of Housing demand change 2000–2006",insignificant,,"pop_tot_00, pop_f_00",2SLS,cross-sectional,ivreg2,,state,,
1,beach-2017,nonmodal-spend,1,Effect of  non-modal candidate wins and the level of per capita spending,"Using a regression discontinuity approach, we find that increased diversity on the council leads to less spending on public goods. // Turning to our parametric, panel-based approach, columns 3 and 6 formally estimate equation (2) and yield results consistent with the preceding estimates; per capita spending on public goods falls by approximately 13 percent (significant at the 1 percent level) following the election of a non-modal candidate",1,Co-Primary,"Table 3, column 3, coeff of Non-modal wins","negative, significant",,totpop,FE,Panel,areg,year,city,,
1,beach-2017,segregation-effect,1,Effect of Non-modal Victory Interacted with City segregation on log Public Good Spending per Capita,This is especially true in cities with high segregation and economic inequality. ,1,Secondary,"Table 5, column 1, coeff of Treat × High","negative, significant, greater than coeff on treat x low",,totpop,FE,Panel,areg,year,city,,
1,beach-2017,inequality-effect,1,Effect of Non-modal Victory Interacted with City inequality on log Public Good Spending per Capita,This is especially true in cities with high segregation and economic inequality. ,1,Secondary,"Table 5, column 2, coeff of Treat × High","negative, significant, greater than coeff on treat x low",,totpop,FE,Panel,areg,year,city,,
1,beach-2017,nonmodal-outcome,0,Effect of a Non-modal Win on Future Electoral Outcomes,"Those serving on councils that experience an increase in diversity also receive fewer votes when they run for reelection. // Because the number of candidates in the race mechanically impacts vote share, we include indicator variables that account for the number of candidates seeking election. Results (reported in column 1 of Table 7) indicate that for councils that experienced an increase in diversity (because the non-modal candidate won) council members have vote shares that are 4 percentage points smaller when they seek reelection.",1,Secondary,"Table 7, column 1, coeff of Non-modal wins","negative, significant",,,FE,Panel,areg,year,city,,Not enough info for DP
1,snow-2019,white_post,1,Impacts of School Desegregation on Outcomes for Whites,"We decompose the well documented decline in white public enrollment following desegregation into migration to suburban districts
and increased private school enrollment and find that migration
was the more prevalent response.  // Specification 5 presents a falsification exercise. A placebo treatment variable is
added to the model that equals one when a district is one or two years away from
being desegregated.",1,Co-Primary,"Table 2, column 5, Panel A, coeff of Desegregated forwhite public enrollment in central district","negative, significant",,"publicelem, publichs",FE,Panel,xtreg,year,MSA,,
1,snow-2019,white_south_post,1,"Impacts of School Desegregation on Outcomes for Whites, specifically to the southern areas","We decompose the well documented decline in white public enrollment following desegregation into migration to suburban districts
and increased private school enrollment and find that migration
was the more prevalent response.// In Table 3 we allow the effects of desegregation to vary by region. In the South, our baseline specification indicates a large public enrollment decline
of 14 percent (panel A) due to desegregation.",1,Co-Primary,"Table 3, column 4, Panel A, coeff of (Deseg)×(South)","negative, significant",,"publicelem, publichs",FE,Panel,xtreg,year,MSA,,
1,snow-2019,black_post,1,Impacts of School Desegregation on Outcomes for Blacks,"Desegregation caused black public enrollment to increase significantly outside of the South, mostly by slowing decentralization of black households to the suburbs, and large black private school enrollment declines in southern districts.// we do find evidence of a 14 percent increase in black enrollment in the long run, defined as at least five years after implementation of desegregation (Specifications 2 and 3).",1,Co-Primary,"Table 4 column 2, Panel A, coeff of Desegregated (5+)","positive, significant",,"publicelem, publichs",FE,Panel,xtreg,year,MSA,,
1,snow-2019,black_nonsouth_post,1,"Impacts of School Desegregation on Outcomes for Blacks, specifically to the southern areas",Desegregation caused black public enrollment to increase significantly outside of the South // We estimate that black public enrollment ultimately increased by 13 to 20 percent outside the South.,1,Co-Primary,"Table 5, column 4, Panel A, coeff of (Deseg 5+)×(non-South)","positive, significant",,"publicelem, publichs",FE,Panel,xtreg,year,MSA,,
1,drago-2014,news-turnout,1,Effect of newspaper on vote turnout,"we show that newspaper entry increases turnout in municipal elections, the reelection probability of the incumbent mayor, and the efficiency of the municipal government // Column 2 of Table 4 reports the estimate of model (3) where Δ yit represents the difference between the turnout rate in municipal election in city i and year t relative to the turnout rate in the same city and electoral year t − 1. Now, the units of observations are all 2,014 elections in our dataset. The results show that the entry of newspapers increases turnout by 0.45 percentage points (about 0.6 percent with respect to the average turnout).",1,Co-Primary,"Table 4, column 2, coeff of Newspapers","positive, significant",,turnout,FE,Panel,areg,year,city,,
1,drago-2014,news-reelected,1,Effect of newspaper on incumbent mayor being reelected,"we show that newspaper entry increases turnout in municipal elections, the reelection probability of the incumbent mayor, and the efficiency of the municipal government // Column 4 shows the effect of newspaper entry and exit on the probability of the incumbent mayor being reelected (conditional on rerunning for office). In this case, the effect of local news is not only positive, but also statistically different from zero. The entry of newspapers increases the difference in the incumbent’s probability of reelection by 10.76 percentage points, corresponding to a 14 percent increase relative to the average.",1,Co-Primary,"Table 4, column 4, coeff of Newspapers","positive, significant",,turnout,FE,Panel,areg,year,city,,
1,drago-2014,news-speed,1,Effect of newspaper on speed of collection,"we show that newspaper entry increases turnout in municipal elections, the reelection probability of the incumbent mayor, and the efficiency of the municipal government // Columns 1 and 2 in Table 6 report the estimation results for the two efficiency measures in the all sample. In particular, the speed of revenue collection increases by 2.16 percentage points, which represents a 3 percent increase with respect to the average value of this efficiency indicator. At the same time, it is not possible to make an inference on the effect of newspapers on the speed of payments, because the estimated coefficients are associated with very large standard errors.",1,Co-Primary,"Table 6, column 1, coeff of Newspapers","positive, significant",,turnout,FE,Panel,areg,year,city,,
1,combs-2021,tax-50m1,1,Estimates of Taxable share ratio using GMM to per-pupil current expenditure,Results suggest the exemption provides relatively generous tax relief without increasing resource and academic achievement gaps between rural and nonrural districts.// The extent to which the resulting property tax increases crowd out the tax relief provided to senior and disabled homeowners ranges from −0.55% to −12%.,1,Primary,"Table 2 column 4, coeff of Taxable share ratio","negative, significant ",,pop,GMM,Panel,xtreg,year,U.S. school district,,
1,combs-2021,taxshare-50m1,1,Estimates of median voter’s share of gross market value using GMM to per-pupil current expenditure,"The effect of the median voter’s share of gross market value, or the tax share price elasticity, is almost twice as large and is statistically significant at the 99% confidence level. A 10% increase in the median voter’s tax share leads to a 0.9% decrease in per-pupil current expenditure",0,Secondary,"Table 2 column 4, coeff of Median voter's tax share","negative, significant ",,pop,GMM,Panel,xtreg,year,U.S. school district,,
1,bordignon-2016,runoff-candidate,1,Effect of  runoff elections on political candidates,"Under runoff elections, the number of political candidates is larger, but the influence of extremist voters on equilibrium policy, and hence policy volatility, is smaller because the bargaining power of the political extremes is reduced compared to single round elections.// In Table 1, we report the main estimates of the impact of runoff elections on political outcomes. We implement both a spline polynomial approximation as in equation (1), with polynomials of three different orders, and a local linear regression as in equation (2), with three different bandwidths. In panel A we report the baseline results, while in panel B we also add city characteristics as control variables",1,Co-Primary,"Table 1, panel B, Column 1, Dependent variable Number of candidates","positive, significant",,pop_census,RDD,Panel,reg,year,municipality,,
1,bordignon-2016,runoff-pretreat,,Effect of  runoff elections on pre-treatment number of lists,"In Table 2, we run a falsification test on the only political outcome available for the pre-treatment period. As before 1993 a parliamentary system was in place, we can only run our falsification test on the number of electoral lists. Table 2 reports the RDD estimates for all mayoral terms elected from 1985 to 1992, and for municipalities between 10,000 and 20,000 inhabitants. No significant discontinuity is detected. // Altogether, these results strongly confirm the theoretical idea that runoff increases the number of (serious) candidates, compared to single round.",1,Co-Primary,"Table 2, panel B, Column 1, Dependent variable Number of lists",insignificant,,pop_census,RDD,Panel,reg,year,municipality,,
1,bordignon-2016,runoff-outcome,1,Effect of Runoff on Political Outcomes,"Finally, in Table 3, we implement difference-in-differences estimations on political outcomes as in equation (3). As discussed, the identifying variation comes from municipalities crossing the population threshold from the 1991 to the 2001 census, under the restriction that movements from above to below and vice versa have symmetric effects. //Altogether, these results strongly confirm the theoretical idea that runoff increases the number of (serious) candidates, compared to single round.",1,Co-Primary,"Table 3, column 2, Dependent variable Number of candidates","positive, significant",,pop_census,DID,Panel,xtreg,year,municipality,,
1,bordignon-2016,runoff-timevar,1,Effect of Runoff on Time variance of business property tax,"Under runoff elections, the number of political candidates is larger, but the influence of extremist voters on equilibrium policy, and hence policy volatility, is smaller because the bargaining power of the political extremes is reduced compared to single round elections// The RDD results are reported in Table 4, for both indicators of volatility. The intertemporal variance of the business property tax shows a sharp and negative discontinuity when moving from just below to just above the 15,000 threshold.",1,Co-Primary,"Table 4, panel B, Column 1, Dependent variable Time variance of business property tax","negative, significant ",,pop_census,RDD,Panel,reg,year,municipality,,
1,bordignon-2016,runoff-crossvar,1,Effect of Runoff on Cross-sectional variance of business property tax,"Under runoff elections, the number of political candidates is larger, but the influence of extremist voters on equilibrium policy, and hence policy volatility, is smaller because the bargaining power of the political extremes is reduced compared to single round elections// The RDD results are reported in Table 4, for both indicators of volatility. The intertemporal variance of the business property tax shows a sharp and negative discontinuity when moving from just below to just above the 15,000 threshold.",1,Co-Primary,"Table 4, panel B, Column 1, Dependent variable Cross-sectional variance of business property tax","negative, significant ",,pop_census,RDD,Panel,reg,year,municipality,,
1,acconcia-2014,add-out,1,Effect of local value added on local output,"Using these episodes as instruments, we estimate the output multiplier of spending cuts at provincial level—controlling for national monetary and fiscal policy, and holding the tax burden of local residents constant—to be 1.5. // In the second-stage regression, the coefficient on contemporaneous spending is statistically different from zero at the 1 percent significance level, with a point  estimate of 1.46 or 1.55, depending on whether we include lagged output growth among the controls (compare columns 4 and 6). Remarkably, the point estimate of this coefficient remains quite stable across the two versions of the model: an exogenous cut in local public infrastructure by 1 percent of local value added determines a contemporaneous reduction in local output of about 1.5 percent.",1,Co-Primary,"Table 4, column 6, coeff of G(t)","positive, significant, near 1.5",,Population,2SLS,IV,ivreg2,year,Italian province,,
1,acconcia-2014,lagadd-out,1,Effect of lagged local value added on local output,"Assuming that lagged spending is exogenous to current output brings the estimate of the overall multiplier up to 1.9 // Further dynamic multiplier effects can be derived under the maintained assumption that lagged spending is exogenous to current output. Under this assumption, we add up the coefficients on the contemporaneous spending growth and its one-year lagged value, which is significantly different from zero.",1,Co-Primary,"Table 4, column 6, coeff of G(t-1)","positive, significant",,Population,2SLS,IV,ivreg2,year,Italian province,,
1,acconcia-2014,lagout-out,1,Effect of lagged local value added on local value added,"Assuming that lagged spending is exogenous to current output brings the estimate of the overall multiplier up to 1.9 // After correcting for the impact of the first lag of the dependent variable, the point estimate of the overall multiplier is as high as 1.95. ",1,Co-Primary,"Table 4, column 6, coeff of Y(t − 1)","negative, significant, greater than 1- (G(t)+G(t-1))/1.5",,Population,2SLS,IV,ivreg2,year,Italian province,,
1,fisman-2017,nsnp-dc,1,"Effect of implementing “No safety, no promotion”
(NSNP) incentives for local officials on death ceiling","Provinces with safety incentives for municipal
officials experienced larger declines in accidental deaths, suggesting
complementarities between incentives at different levels of
governmentIn column 3, we include GDP py/GDPTarget py, which controls for the extent to which a province has met its GDP growth target. The coefficient on NNPpy increases to −0.098 ( p-value 0.09)",1,Co-Primary,"Table 2 column 3, coeff of NSNPpy ","negative, significant ",,reportedall,FE,Panel,areg,year,Italian province,,
1,fisman-2017,lnceil-dgc,1,"Effect of whether reported deaths exceed the mandated ceiling in year y − 1 on natural logarithm of province p’s assigned death ceiling in category c and year y
(NSNP) incentives for local officials on death ceiling","we observe no evidence that provinces manipulate deaths upward to avoid ratchet effects in the setting of death ceilings. The interaction term is small in magnitude (−0.006) and
statistically insignificant; we thus find no evidence that the relationship between
lagged deaths and current ceiling changes as lagged deaths move below the ceiling.",1,Co-Primary,"Table 3, column 4, coeff of (Deathscpy−1 > Ceilingcpy−1) × log(Deathscpy−1) ",insignificant,,reportedall,FE,Panel,areg,year,Italian province,,
1,sviatschi-2019,treat7x9-crime,1,Criminal Deportations from the United States and Years of Schooling in El Salvador,Column 1 shows that individuals who were exposed during childhood to gang leaders have less schooling than those who were older than 16 in 1996 when the law was passed.,0,Co-Primary,"Table 1 column 1, coeff of GangShockAge7x9m,c","negative, significant ",Yes,TOTAL,FE,Panel,areg,year,municipality,,
1,sviatschi-2019,treat7x9-crime1,1,Criminal Deportations from the United States and Years of Schooling in El Salvador,Column 2 shows the results of limiting the sample to individuals who lived in the same neighborhood all their life,0,Co-Primary,"Tabel 1, column 2, coeff of GangShockAge7x9m,c","negative, significant ",Yes,TOTAL,FE,Panel,areg,year,municipality,,
1,evans-2024,virtual-absent,1,Effect of virtual on chronic absenteeism rates ,"Students whose schools had 100% virtual instruction during the COVID-19 pandemic had chronic absenteeism rates that were 6.9 percentage points (95% CI, 4.8-8.9 percentage points) higher than those that were 100% in person.",1,Co-Primary,"Table 2, column 2, coeff of % Days virtual, coefficient (95% CI)","positive, significant between 4.8-8.9",,enroll_total,FE,Panel,areg,year,U.S. school district,,
1,evans-2024,virtual-lowq,1,Effect of virtual on chronic absenteeism rates for the lowest quintile of poverty,"The association between virtual learning and chronic absenteeism varied by socioeconomic status, with the conditional correlation much larger for at-risk students;//The results in Figure 2 from the model by quintiles of 2018-2019 district poverty rate are shown in Table 3. In the lowest quintile of poverty, virtual days were associated with a small but statistically significant decrease in chronic absenteeism. ",1,Co-Primary,"Table 3, column 1, coeff of % Days virtual","negative, significant",,enroll_total,FE,Panel,areg,year,U.S. school district,,
1,evans-2024,virtual-4q,1,Effect of virtual on chronic absenteeism rates for the the 4th quintile of poverty,"chronic absenteeism rates were 10.6 percentage points (95% CI, 7.2-14.1 percentage points) higher among students with 100% of days in virtual learning from districts in the top quintile of poverty rates compared with 100% in-person districts.// In the top 2 quintiles, the coefficient of virtual instruction is very large and statistically precise. In the top quartile, having 100% of school days held virtually in the 2020-2021 school year was correlated with a 10.6–percentage point (95% CI, 7.2-14.1 percentage points) increase in chronic absenteeism.",1,Co-Primary,"Table 3, column 4, coeff of % Days virtual","positive, significant, less than 5q",,enroll_total,FE,Panel,areg,year,U.S. school district,,
1,evans-2024,virtual-5q,1,Effect of virtual on chronic absenteeism rates for the the 5th quintile of poverty,"chronic absenteeism rates were 10.6 percentage points (95% CI, 7.2-14.1 percentage points) higher among students with 100% of days in virtual learning from districts in the top quintile of poverty rates compared with 100% in-person districts.// In the top 2 quintiles, the coefficient of virtual instruction is very large and statistically precise. In the top quartile, having 100% of school days held virtually in the 2020-2021 school year was correlated with a 10.6–percentage point (95% CI, 7.2-14.1 percentage points) increase in chronic absenteeism.",1,Co-Primary,"Table 3, column 5, coeff of % Days virtual","positive, significant between 7.2-14.1",,enroll_total,FE,Panel,areg,year,U.S. school district,,
1,cunningham-2018,uprise-death,1,Effects of the first racial uprising on nonwhite deaths due to legal intervention,"The results indicate that African American protests resulted in an immediate increase in police killings of civilians regardless of race. // Columns 1 and 4 report estimates from our baseline specification, which includes only county, year, and urban-by-year fixed effects. Columns 2 and 5 replace year fixed effects with state-by-year fixed effects. Lastly, columns 4 and 6 include covariates from the 1960 census interacted with a linear time trend. // The results show that nonwhite deaths by legal intervention increase in the years immediately following racial uprisings.",1,Co-Primary,"Table 1, column 3, coeff of Years 1 to 3","positive, significant, greater than years -4 to -1",,_popwgt_nw,FE,Event study,xtreg,year,state,,
1,cunningham-2018,uprise-4to6,1,Effects of the racial uprising on nonwhite deaths due to legal intervention after 4-6 years,"However, the increased killing of white Americans dissipates after a few years while the killing of African American civilians remains elevated into the future. The impact of these uprisings have resulted in several hundred additional African Americans killed each year by the police. // Rather than dissipating, the treatment effect grows to 1.0–1.9 additional nonwhites killed per year in years 4 through 6. ",1,Co-Primary,"Table 1, column 3, coeff of Years 4 to 6","positive, significant, greater than year 1 to 3",,_popwgt_nw,FE,Event study,xtreg,year,state,,
1,cunningham-2018,uprise-7to9,1,Effects of the racial uprising on nonwhite deaths due to legal intervention after 7-9 years,"However, the increased killing of white Americans dissipates after a few years while the killing of African American civilians remains elevated into the future. The impact of these uprisings have resulted in several hundred additional African Americans killed each year by the police. //In years 7–9, the effect remains elevated with between 1.2 and 1.9 additional nonwhites still killed per year by law enforcement.",1,Co-Primary,"Table 1, column 3, coeff of Years 7 to 9","positive, significant, greater than year 4 to 6",,_popwgt_nw,FE,Event study,xtreg,year,state,,
1,nguyen-2019,close-credit,1,Effect of Closings on Local Credit Supply,"Closings lead to a persistent decline in local small business lending. Annual originations fall by $453,000 after a closing, off a baseline of $4.7 million, and remain depressed for up to six years.  //Column 2 of Table 7 shows the post-closing decline in the number of new loans is mirrored by a decline in the dollar volume of new lending. The point estimates in panel C show closings are associated with an $871,000 decline in new small business loan originations. Given the baseline mean of roughly $4.7 million, this amounts to a 19 percent annual decline in the dollar volume of new lending. Over the 6 years following the closing, this amounts to over $5 million in forgone loans to local small businesses.",1,Primary,"Table 7, column 2, panel C, δIV, close to 871","negative, significant ",,poptot,IV,Panel,ivreghdfe,year,U.S. census tract,,
1,bai-2023,revo-industry,1,Effect of revolution on industrialization,"Using a newly assembled county-level panel dataset over five decades, we find worse-affected areas performed slightly better at baseline, but were slower to industrialize. This effect was large in the early 1980s before diminishing to become insignificant by 2000. ",1,Co-Primary,"Table 3, column 4, panel A, coeff of Death(% of county pop) X D1982","negative, significant ",,pop1964,DID,Panel,areg,year,U.S. county,,
1,bai-2023,,1,Effect of revolution on industrialization likelihood of obtain higher education degrees,"Using individual-level census data, we find more-exposed cohorts are less likely to obtain higher education degrees and to work in professional and entrepreneurial occupations.",1,Co-Primary,"Table 4, column 2, coeff of Death(% of county pop) X D1956-1960","negative, significant ",,pop1964,DID,Panel,areg,year,Chinese prefecture,,
1,bai-2023,,1,Effect of revolution on industrialization likelihood of work in professional and entrepreneurial occupations,"Using individual-level census data, we find more-exposed cohorts are less likely to obtain higher education degrees and to work in professional and entrepreneurial occupations.",1,Co-Primary,"Table 4, column 6, coeff of Death(% of county pop) X D1956-1960","negative, significant ",,pop1964,DID,Panel,areg,year,Chinese prefecture,,
1,furtado-2024,import-eng,1,Effect of Imports from China to US to the Change in Share Speaking English Very Well,"we find that a $1,000 increase in import exposure per worker in a local area led to an increase in the share of low-education immigrants speaking English very well in that area by about half a percentage point. The two stage
least squares estimate in column 5 suggests that for every $1,000 increase in import exposure per
worker, the share of low-education immigrants in the commuting zone speaking English very well
increased by 0.47 percentage points",1,Co-Primary,"Table 2, column 5, coeff of ∆ Imports from China to US/ Worker of IV results","positive, significant",,popczyr,IV,Panel,ivreg2,year ,state,,
1,furtado-2024,import-edu,1,Effect of Imports from China to US to the Change in Share Enrolled in School ,"As evidence that at least part of this is a result of actual improvements in English language speaking abilities, we show that low-education immigrants in trade-impacted areas became especially likely to be enrolled in school compared to similarly low-education natives. Column 1 of Table 6 shows that Chinese import exposure increases the likelihood that loweducation immigrants in the commuting zone are enrolled in schoo",1,Co-Primary,"Table 6, column 1, coeff of ∆ Imports from China to US/ Worker","positive, significant",,popczyr,IV,Panel,ivreg2,year ,state,,
1,bohn-2015,misde-poverty,1,"Effect of Enact × poverty rate on Arrest
rate of Misdemeanors","Our results suggest that failure to account for changes in the treatment of individuals by the criminal justice system can lead to a misinterpretation of estimates of the effects of public policies on crime. There was a statistically significant reduction in
the misdemeanor arrest rate in immigrant destinations (as measured by block groups with
higher poverty rates or percent immigrant) that
coincided with IRCA’s enactment. ",0,Co-Primary,"Table 1, column 1, Misdemeanors, coeff of Enact × poverty rate","negative, significant ",,pop,FE,Panel,areg,month,U.S. census block group,,
1,bohn-2015,misde-immigrant,1,"Effect of Enact × percent immigrant on Arrest
rate of Misdemeanors","Our results suggest that failure to account for changes in the treatment of individuals by the criminal justice system can lead to a misinterpretation of estimates of the effects of public policies on crime. There was a statistically significant reduction in
the misdemeanor arrest rate in immigrant destinations (as measured by block groups with
higher poverty rates or percent immigrant) that
coincided with IRCA’s enactment. ",0,Co-Primary,"Table 1, column 1, Misdemeanors, coeff of Enact × percent immigrant","negative, significant ",,pop,FE,Panel,areg,month,U.S. census block group,,
1,gonzalez-2013,bene-conception,1,Effect of child benefit on conceptions,"I exploit the unanticipated introduction of a sizable child benefit in Spain in 2007. Following a regression discontinuity-type design, I find that the benefit significantly increased fertility, in part through a reduction in abortions. // The first column uses the full sample of births between 2000 and 2009. It controls for a third-order polynomial in month of birth, as well as the number of days in each month. The result suggests that conceptions increased significantly, by about 5 log-points, in July 2007.",1,Co-Primary,"Table 2, column 1, Coeff of Conceptions","positive, significant",,n,RDD,Panel,reg,month,Mexican municipality,,
1,gonzalez-2013,bene-abortion,1,Effect of child benefit on abortions,"I exploit the unanticipated introduction of a sizable child benefit in Spain in 2007. Following a regression discontinuity-type design, I find that the benefit significantly increased fertility, in part through a reduction in abortions. // The bottom panel of Figure 1 displays the bimonthly number of abortions between 2005 and 2009, with separate linear fits for the periods before and after the benefit. An overall positive trend is apparent, as well as strong seasonality, with fewer abortions in the second half of the year than in the first. There may have been a larger drop in the incidence of abortions in July–August of 2007 compared to the same months in the surrounding years.",1,Co-Primary,"Table 2, column 1, Coeff of Abortions","negative, significant ",,n,RDD,Panel,reg,month,Mexican municipality,,
1,forman-2012,tech-highcounty,1,Effect of internet technology on wage growth for Advanced Internet and high income county,"Advanced internet technology is only associated with substantial wage growth in the 6 percent of counties that were already highly wealthy, educated, and populated and had IT-intensive industry. // Building toward equation (2), our regression results in Table 3 explore this pattern in several steps. Column 1 shows that advanced Internet is significantly associated with wage growth in counties in the top quartile of median income as of 1990. In contrast, counties in other quartiles with high levels of advanced Internet did not experience especially rapid wage growth. Advanced Internet therefore contributes to regional wage divergence.// Column 6 shows that in these 163 counties advanced Internet is strongly correlated with wage growth. ",1,Co-Primary,"Table 3, column 6, Coeff of Advanced Internet and high income, education, IT-intensity, and population county ","positive, significant",,pop,FE,Panel,reg,year,Country,,
1,forman-2012,tech-other,1,Effect of internet technology on wage growth for Advanced Internet and high income county,"Advanced internet technology is only associated with substantial wage growth in the 6 percent of counties that were already highly wealthy, educated, and populated and had IT-intensive industry. // Building toward equation (2), our regression results in Table 3 explore this pattern in several steps. Column 1 shows that advanced Internet is significantly associated with wage growth in counties in the top quartile of median income as of 1990. In contrast, counties in other quartiles with high levels of advanced Internet did not experience especially rapid wage growth. Advanced Internet therefore contributes to regional wage divergence.// Column 6 shows that in these 163 counties advanced Internet is strongly correlated with wage growth. ",1,Co-Primary,"Table 3, column 6, Coeff of Advanced Internet",insignificant,,pop,FE,Panel,reg,year,Country,,
1,dorn-2013,routine-emp,1,"Routine Employment Share and Growth of Service Employment within Commuting Zones, 1980–2005","Local labor markets that specialized in routine tasks differentially adopted information technology, reallocated low-skill labor into service occupations (employment polarization).Alongside routine task-intensity, a host of human capital, demographic, and local
labor market factors may explain differences across commuting zones in the growth
of service employment.These 2SLS estimates are precisely
estimated and are typically somewhat larger in magnitude than their OLS counterparts. In the most complete specification (column 7), the 2SLS point estimate is
0.149 versus 0.111 in the OLS model, and both are statistically significant.",1,Co-Primary,"Table 5, panel b, column 7, coeff of Share of routine","positive, significant",,l_popcount,2SLS,Panel,ivregress,year,state,,
1,dorn-2013,routine-clericretailemp,1,"Effect of Change in share of noncollege employment on Occupations with high routine content for Administrative support, retail sales",that noncollege employment differentially contracted in all of these occupational categories in routine-intensive commuting zones between 1980 and 2005.,0,Secondary ,"Table 7, panel a, column 4, coeff of All ","negative, significant",,l_popcount,2SLS,Panel,ivregress,year,U.S. commuting zone,,
1,dorn-2013,routine-productemp,1,Effect of Change in share of noncollege employment on Occupations with high routine content for precision production workers,that noncollege employment differentially contracted in all of these occupational categories in routine-intensive commuting zones between 1980 and 2005.,0,Secondary ,"Table 7, panel a, column 5, coeff of All ","negative, significant",,l_popcount,2SLS,Panel,ivregress,year,U.S. commuting zone,,
1,dorn-2013,routine-operatoremp,1,Effect of Change in share of noncollege employment on Occupations with high routine content for machine operators,that noncollege employment differentially contracted in all of these occupational categories in routine-intensive commuting zones between 1980 and 2005.,0,Secondary ,"Table 7, panel a, column 6, coeff of All ","negative, significant",,l_popcount,2SLS,Panel,ivregress,year,U.S. commuting zone,,
1,dorn-2013,routine-serviceemp,1,Effect of Change in share of noncollege employment on Occupations with high routine content for service occs,that noncollege employment differentially contracted in all of these occupational categories in routine-intensive commuting zones between 1980 and 2005.,0,Secondary ,"Table 7, panel a, column 1, coeff of All ","positive, significant",,l_popcount,2SLS,Panel,ivregress,year,U.S. commuting zone,,
1,dorn-2013,routine-transconstremp,1,"Effect of Change in share of noncollege employment on Occupations with high routine content for transport, construct",that noncollege employment differentially contracted in all of these occupational categories in routine-intensive commuting zones between 1980 and 2005.,0,Secondary ,"Table 7, panel a, column 2, coeff of All ","positive, significant",,l_popcount,2SLS,Panel,ivregress,year,U.S. commuting zone,,
1,redding-2008,division-growth,1,Impact of division on population growth,"In line with a standard new economic geography model, We find that, following division, cities in West Germany close to the East-West German border experienced a substantial decline in population growth relative to other West German cities.",1,Primary,"Table 2, column 1, coeff of Border x division","negative, significant",,pop,DID,Panel,reg,year,city,,
1,redding-2008,division-growth-small,1,Impact of division on population growth,"In line with a standard new economic geography model, We find that, following division, cities in West Germany close to the East-West German border experienced a substantial decline in population growth relative to other West German cities.// While the estimated treatment effect is negative for both subsamples of cities, the absolute magnitude of the negative treatment effect is substantially larger and more precisely estimated for small cities.",0,Secondary,"Table 2, column 4, coeff of Border x division","negative, significant, smaller than col 1",,pop,DID,Panel,reg,year,city,,
1,egger-2010,size-expenditure,1,The Effect of Council Size on Total Municipal Expenditure,"This paper presents empirical evidence of a positive effect of council size on government spending using a dataset of 2,056 municipalities in the German state of Bavaria over a period of 21 years. // The results in Table 3 suggest that municipality expenditures increase by approximately 11 percent (or 4 percentage points per council seat) when crossing the average threshold from below (see the results in the first column of Table 3 with a window of ±0.15)",1,Primary,"Table 3, column 1, coeff of Treatment: council size to the right versus to the left
of a threshold in election year t","positive, significant",,wpop,RD,Panel,reg,6 years,municipality,,
1,caselli-2013,oil-revenue,1,The Effect of Oil Output Per Capita on Municipality Revenues Per Capita,"Oil-rich municipalities experience increases in revenues and report corresponding increases in spending on public goods and services. // One shortcoming of the results in column 1 is that there are missing values for municipal revenue in 2000 for about 18 percent of the AMCs. In column 2, we use 2001 values to impute the missing observations for 2000 (so we are now missing only about 6 percent of AMCs), with no change in results.",1,Primary,"Table 4, column 2, coeff of Oil output per capita in 2000","positive, significant",,population2000,OLS,cross-sectional,areg,,Brazilian AMCs,,
1,caselli-2013,revenue-house,1,The Effect of Municipal Revenues from Oil on Housing and urban development expenditure,"Oil-rich municipalities experience increases in revenues and report corresponding increases in spending on public goods and services. //Our IV results show that the largest reported beneficiary of the increase in government revenues from oil is housing and urban development, with about 18 cents of the marginal “oil real.” ",1,Secondary,"Table 5, column 3, Levels in 2000, Coeff of Panel B: IV","positive, significant",,population2000,IV,cross-sectional,ivreg,,Brazilian AMCs,,
1,caselli-2013,revenue-education,1,The Effect of Municipal Revenues from Oil on Education and culture expenditure,"Oil-rich municipalities experience increases in revenues and report corresponding increases in spending on public goods and services. //Education and transportation share  second place, with 14 and 13 cents, respectively",1,Secondary,"Table 5, column 1, Levels in 2000, Coeff of Panel B: IV","positive, significant",,population2000,IV,cross-sectional,ivreg,,Brazilian AMCs,,
1,caselli-2013,revenue-transportation,1,The Effect of Municipal Revenues from Oil on Transportation expenditure,"Oil-rich municipalities experience increases in revenues and report corresponding increases in spending on public goods and services. //Education and transportation share  second place, with 14 and 13 cents, respectively",1,Secondary,"Table 5, column 4, Levels in 2000, Coeff of Panel B: IV","positive, significant",,population2000,IV,cross-sectional,ivreg,,Brazilian AMCs,,
1,caselli-2013,revenue-social,1,The Effect of Municipal Revenues from Oil on Social transfers,"Oil-rich municipalities experience increases in revenues and report corresponding increases in spending on public goods and services. //Health receives about 10 cents, and transfers to households, 5 cents.",1,Secondary,"Table 5, column 5, Levels in 2000, Coeff of Panel B: IV","positive, significant",,population2000,IV,cross-sectional,ivreg,,Brazilian AMCs,,
1,brollo-2013,fpm-board,1,The Effect of actual FPM transfers on board corruption,"The empirical evidence shows that larger transfers increase observed corruption and reduce the average education of candidates for mayor. // Table 5 estimates the baseline IV regressions—as in equation (7)—where theoretical transfers are used as instruments for actual transfers; // As expected, they are also all positive and statistically different from zero in the pooled estimations for the two corruption dummies and for the normalized measure of narrow corruption.1",1,Co-Primary,"Table 5, column 1, Coeff of Overall effect","positive, significant",,pop,IV,Panel,ivreg2,,,,
1,brollo-2013,fpm-narrow,1,The Effect of actual FPM transfers on narrow corruption,"The empirical evidence shows that larger transfers increase observed corruption and reduce the average education of candidates for mayor. // Table 5 estimates the baseline IV regressions—as in equation (7)—where theoretical transfers are used as instruments for actual transfers; // As expected, they are also all positive and statistically different from zero in the pooled estimations for the two corruption dummies and for the normalized measure of narrow corruption.1",1,Co-Primary,"Table 5, column 2, Coeff of Overall effect","positive, significant",,pop,IV,Panel,ivreg2,,,,
1,brollo-2013,fpm-college,1,The Effect of actual FPM transfers on the fraction of opponents with a college degree,"The empirical evidence shows that larger transfers increase observed corruption and reduce the average education of candidates for mayor // ; Table 9 reports the IV estimates, where the coefficients refer to actual FPM transfers. In all of these tables, larger (theoretical or actual) transfers lead to a deterioration in the average quality of the opponents—as measured by their education—and to an increase in the probability that the incumbent is reelected. In particular, according to the IV estimates in Table 9 for the entire sample (thresholds 1–7), an increase in actual FPM transfers equal to one standard deviation (R$12.64 hundred thousand in this large sample on political selection) translates into a 23 percent reduction in the fraction of opponents with a college degree, an 8 percent reduction in their average years of schooling",1,Co-Primary,"Table 9, column 2, Coeff of Overall effect","negative, significant",,pop,IV,Panel,ivreg2,,,,
1,brollo-2013,fpm-school,1,The Effect of actual FPM transfers on the fraction of opponents average years of schooling,"The empirical evidence shows that larger transfers increase observed corruption and reduce the average education of candidates for mayor // ; Table 9 reports the IV estimates, where the coefficients refer to actual FPM transfers. In all of these tables, larger (theoretical or actual) transfers lead to a deterioration in the average quality of the opponents—as measured by their education—and to an increase in the probability that the incumbent is reelected. In particular, according to the IV estimates in Table 9 for the entire sample (thresholds 1–7), an increase in actual FPM transfers equal to one standard deviation (R$12.64 hundred thousand in this large sample on political selection) translates into a 23 percent reduction in the fraction of opponents with a college degree, an 8 percent reduction in their average years of schooling",1,Co-Primary,"Table 9, column 3, Coeff of Overall effect","negative, significant",,pop,IV,Panel,ivreg2,,,,
1,lundqvist-2014,grant-publicemp,1,The Effect of grants on local public employment,"Our robust conclusion is that grants do not stimulate local public employment. // To start with the results for total personnel, it is clear from the first three rows of Table 3 that there is, in fact, no overall effect of grants.",1,Primary,"Table 3, column 1, coeff of Total personnel",insignificant,,pop,2SLS,Panel,ivreg2,year,municipal,,
1,lundqvist-2014,grant-adminemp,1,The Effect of grants on * personnel,"When disaggregating the total effect by sector, we find that personnel in the traditional welfare sectors are unaffected, a conclusion which applies to both publicly and privately employed in these sectors. The only positive and statistically significant effect of grants is that on administrative personnel // The only positive, statistically significant effect is the one on administrative personnel, for which the estimates are around 0.03–0.04.",1,Secondary,"Table 3, column 1, coeff of Administrative personnel","positive, significant",,pop,2SLS,Panel,ivreg2,year,municipal,,
1,lundqvist-2014,grant-childcareemp,1,The Effect of grants on * personnel,"When disaggregating the total effect by sector, we find that personnel in the traditional welfare sectors are unaffected, a conclusion which applies to both publicly and privately employed in these sectors. The only positive and statistically significant effect of grants is that on administrative personnel // The only positive, statistically significant effect is the one on administrative personnel, for which the estimates are around 0.03–0.04.",1,Secondary,"Table 3, column 1, coeff of Child care personnel",insignificant,,pop,2SLS,Panel,ivreg2,year,municipal,,
1,lundqvist-2014,grant-schoolemp,1,The Effect of grants on * personnel,"When disaggregating the total effect by sector, we find that personnel in the traditional welfare sectors are unaffected, a conclusion which applies to both publicly and privately employed in these sectors. The only positive and statistically significant effect of grants is that on administrative personnel // The only positive, statistically significant effect is the one on administrative personnel, for which the estimates are around 0.03–0.04.",1,Secondary,"Table 3, column 1, coeff of School personnel",insignificant,,pop,2SLS,Panel,ivreg2,year,municipal,,
1,lundqvist-2014,grant-elderlycareemp,1,The Effect of grants on * personnel,"When disaggregating the total effect by sector, we find that personnel in the traditional welfare sectors are unaffected, a conclusion which applies to both publicly and privately employed in these sectors. The only positive and statistically significant effect of grants is that on administrative personnel // The only positive, statistically significant effect is the one on administrative personnel, for which the estimates are around 0.03–0.04.",1,Secondary,"Table 3, column 1, coeff of Edlerly care personnel",insignificant,,pop,2SLS,Panel,ivreg2,year,municipal,,
1,lundqvist-2014,grant-welfareemp,1,The Effect of grants on * personnel,"When disaggregating the total effect by sector, we find that personnel in the traditional welfare sectors are unaffected, a conclusion which applies to both publicly and privately employed in these sectors. The only positive and statistically significant effect of grants is that on administrative personnel // The only positive, statistically significant effect is the one on administrative personnel, for which the estimates are around 0.03–0.04.",1,Secondary,"Table 3, column 1, coeff of Socail welfare personnel",insignificant,,pop,2SLS,Panel,ivreg2,year,municipal,,
1,lundqvist-2014,grant-technicalemp,1,The Effect of grants on * personnel,"When disaggregating the total effect by sector, we find that personnel in the traditional welfare sectors are unaffected, a conclusion which applies to both publicly and privately employed in these sectors. The only positive and statistically significant effect of grants is that on administrative personnel // The only positive, statistically significant effect is the one on administrative personnel, for which the estimates are around 0.03–0.04.",1,Secondary,"Table 3, column 1, coeff of Technical personnel",insignificant,,pop,2SLS,Panel,ivreg2,year,municipal,,
1,ortagus-2024,fund-totalrevenue,1,The Effect of local funding on total institutional revenue for  all public community colleges,"We show that local funding is positively related to total institutional revenue for the pooled sample including all public community colleges, suggesting that local appropriations can supplement state appropriations in ways that benefit a historically underfunded sector of higher education. //  Table 3 includes the pooled sample of public community colleges, rural community colleges, and community colleges serving a below- or above-average share of racially minoritized or low-income students, respectively. In our analyses, we found a positive relationship between community colleges’ level of reliance on local funding and various measures of total institutional revenue; however, these findings did not hold for all types of community colleges. // In the pooled sample including all public community colleges in the United States, a community college’s level of reliance on local funding was positively associated with total institutional revenue. When a community college’s level of reliance on local funding increased by 10 percentage points, its total institutional revenue increased between 2.5% and 3.6%.",1,Primary,"Table 3, column 4, coeff of local funding, for All community colleges","positive, significant",,"pop, fteug",FE,Panel,reghdfe,year,college,,
1,ortagus-2024,fund-ruralrevenue,1,The Effect of local funding on total institutional revenue for  rural community colleges,"However, we also show that community colleges’ level of reliance on local funding is negatively related to their total institutional revenue for rural community colleges and community colleges serving an above-average share of low-income students. //  Table 3 includes the pooled sample of public community colleges, rural community colleges, and community colleges serving a below- or above-average share of racially minoritized or low-income students, respectively. In our analyses, we found a positive relationship between community colleges’ level of reliance on local funding and various measures of total institutional revenue; however, these findings did not hold for all types of community colleges. // For rural community colleges, their level of reliance on local funding was negatively related to total institutional revenue. Specifically, rural community colleges experienced a decrease between 3.8% and 5.4% in total institutional revenue when their level of reliance on local funding increased by 10 percentage points.",1,Secondary,"Table 3, column 4, coeff of local funding, for Rural community colleges","negative, significant",,"pop, fteug",FE,Panel,reghdfe,year,college,,
1,antecol-2018,clock-mentenure,1,The effect of tenure clock stopping policies on male tenure rates,"Using a unique dataset on the universe of assistant professor hires at top-50 economics departments from 1980–2005, we show that the adoption of gender-neutral tenure clock stopping policies substantially reduced female tenure rates while substantially increasing male tenure rates. // Panel B shows that men whose first job was at a top-50 university with a gender-neutral tenure clock stopping policy in place for more than three years have a 17.6 percentage point tenure rate advantage over men at the same university prior to the implementation of any policy",1,Co-Primary,"Table 2, Column 1, Panel B, Coeff of Men GNCS","positive, significant",Yes,faculty,FE,Panel,reg,year,university,,
1,antecol-2018,clock-womentenure,1,The effect of tenure clock stopping policies on female tenure rates,"Using a unique dataset on the universe of assistant professor hires at top-50 economics departments from 1980–2005, we show that the adoption of gender-neutral tenure clock stopping policies substantially reduced female tenure rates while substantially increasing male tenure rates. // In contrast, the adoption of a gender-neutral policy negatively affects women in our sample. ",1,Co-Primary,"Table 2, Column 1, Panel B, Coeff of Women GNCS","negative, significant",Yes,faculty,FE,Panel,reg,year,university,,
1,antecol-2018,clock-gendergap,1,The effect of tenure clock stopping policies on gender tenure gap,"Using a unique dataset on the universe of assistant professor hires at top-50 economics departments from 1980–2005, we show that the adoption of gender-neutral tenure clock stopping policies substantially reduced female tenure rates while substantially increasing male tenure rates. //Column 2 shows that the gender gap in tenure attainment at the typical policy university increased by 37 percentage points after implementation of the policy",1,Co-Primary,"Table 2, Column 2, Panel B, Coeff of Men GNCS","positive, significant",Yes,faculty,FE,Panel,reg,year,university,,
1,shores-2019,recession-math,1,The effect of recession on math score,"Employing a difference-in-differences strategy that leverages both cross-county variation in the economic shock of the recession and within-county, cross-cohort variation in school-age years of exposure to the recession, we find that declines in student math and ELA achievement were greater for cohorts of students attending school during the Great Recession in communities most adversely affected by recession-induced employment shocks. //Controlling for changes in achievement following the end of recession-induced spending declines among cohorts with different years of exposure and recessionary intensity (Table 5, Panel A, columns 2 and 4), we find that students most adversely affected by the recession (i.e., β) realized lower math and ELA achievement, on average, on the order of −0.026 and −0.025 standard deviations, respectively, for each additional school-age year of exposure.",1,Co-Primary,"Table 5, column 2, Coeff of RIq = 4 * Exposure","negative, significant",,tot2007,DID,Panel,reg,year,U.S. county,,
1,shores-2019,recession-english,1,The effect of recession on english language art score,"Employing a difference-in-differences strategy that leverages both cross-county variation in the economic shock of the recession and within-county, cross-cohort variation in school-age years of exposure to the recession, we find that declines in student math and ELA achievement were greater for cohorts of students attending school during the Great Recession in communities most adversely affected by recession-induced employment shocks. //Controlling for changes in achievement following the end of recession-induced spending declines among cohorts with different years of exposure and recessionary intensity (Table 5, Panel A, columns 2 and 4), we find that students most adversely affected by the recession (i.e., β) realized lower math and ELA achievement, on average, on the order of −0.026 and −0.025 standard deviations, respectively, for each additional school-age year of exposure.",1,Co-Primary,"Table 5, column 4, Coeff of RIq = 4 * Exposure","negative, significant",,tot2007,DID,Panel,reg,year,U.S. county,,
1,bostwick-2022,switch-graduate,1,The effect of switching from quarters to semesters on graduation rate,"Using panel data on the near universe of four-year nonprofit institutions and leveraging quasi-experimental variation in calendars across institutions and years, we show that switching from quarters to semesters negatively impacts on-time graduation rates. // The results from the main specification (column 4), which include the full set of controls, indicate that switching from a quarter system to a semester system reduces four-year graduation rates by 3.7 pp, on average, for the fully treated cohorts. ",1,Primary,"Table 3A, column 4, Panel A, coeff of G2 - fully treated","negative, significant",,totcohortsize,DID,Panel,areg,,,,
1,grier-2024,reform-lf,1,The effects of reform on labor force % female,I find that these jumps have a positive and significant effect in both cases--economic freedom is good for women’s labor force opportunities and female education.,1,Co-Primary,"Table 5, column Labor force % female, coeff of PS: nearest neighbor","positive, significant",,pop,propensity score matching,Panel,psmatch2,year,country,,
1,grier-2024,reform-schooling,1,The effects of reform on schooling,I find that these jumps have a positive and significant effect in both cases--economic freedom is good for women’s labor force opportunities and female education.,1,Co-Primary,"Table 5, column Primary schooling, coeff of PS: normal kernel","positive, significant",,pop,propensity score matching,Panel,psmatch2,year,country,,
1,abouk-2013,strong-accident,1,"The Effect of strong texting bans on single-vehicle, single-occupant accidents","Using vehicular fatality data from across the United States and standard difference-in-differences techniques, bans appear moderately successful at reducing single-vehicle, single-occupant accidents if bans are universally applied and enforced as a primary offense // In column 2, we separate the effects by “weak” and “strong” bans with the simplest set of controls used from column 1. The strong ban effects are negative and significant, suggesting an 8.1 percent reduction in accidents. Given there were 16.1 single-vehicle, single-occupant accidents a month in states before a ban was put in place, this suggests that accidents are reduced by about 1.3 per month per state or roughly 800 lives per year nationally if there were a national ban with universal coverage and primary enforcement",1,Co-Primary,"Table 3, column 2, coeff of Texting ban in place × universally applied, primarily enforced","negative, significant",,pop,DID,Panel,reg,year,state,,
1,abouk-2013,weak-accident,1,"The Effect of weak texting bans on single-vehicle, single-occupant accidents","Using vehicular fatality data from across the United States and standard difference-in-differences techniques, bans appear moderately successful at reducing single-vehicle, single-occupant accidents if bans are universally applied and enforced as a primary offense // On the other hand, column 2 reports an estimated effect of the weak texting bans that is positive. This means a poorly enforced ban might be worse than no ban at all. This finding is consistent with anecdotes of law enforcement officials being frustrated with bans that are difficult to enforce because of limited coverage.",1,Co-Primary,"Table 3, column 2, coeff of Texting ban in place × limited coverage/enforcement","positive, significant",,pop,DID,Panel,reg,year,state,,
1,kumar-2024,hel-labor,1,The Effects of HEL on LFPR,"Using state-level as well as micro data, we find that easier access to housing credit led to a notably lower labor force participation rate between 1997 and 2007 // Panel A of Table 3 reports results for the conventional DID specification in equation (1). Column 1 shows estimates from the basic DID model with just state and time fixed effects, without other covariates. Relative to the pretreatment period (1992–1997), the LFPR in Texas declined about 1 percentage point more than in the remaining states (β̂<sub>HEL</sub> = −1.08) after the 1997 amendment allowing HELs. The combined impact of HELs and HELOC after 2003 (β̂<sub>HELOC</sub> = −2.07) was roughly twice that of HELs. Although conventional standard errors reflect significance, Conley-Taber 90 percent confidence intervals for β̂<sub>HEL</sub> include zero. // Finally, the specification in column 6 addresses the concern that Texas followed a different timeline from most other states in easing bank branching restrictions following the Interstate Banking and Branching Efficiency Act of 1994. //Column 6 of Table 3 suggests that accounting for differences in bank branching restrictions raises the size of the estimated treatment effects for both HELs and HELOC.",1,Co-Primary,"Table 3, column 6, Panel A, coeff of Texas × 1998–2003","negative, significant",,beapop,DID,Panel,reg,year,state,,
1,kumar-2024,heloc-labor,1,The Effects of HEL and HELOC on LFPR,"Using state-level as well as micro data, we find that easier access to housing credit led to a notably lower labor force participation rate between 1997 and 2007 // Panel A of Table 3 reports results for the conventional DID specification in equation (1). Column 1 shows estimates from the basic DID model with just state and time fixed effects, without other covariates. Relative to the pretreatment period (1992–1997), the LFPR in Texas declined about 1 percentage point more than in the remaining states (β̂<sub>HEL</sub> = −1.08) after the 1997 amendment allowing HELs. The combined impact of HELs and HELOC after 2003 (β̂<sub>HELOC</sub> = −2.07) was roughly twice that of HELs. Although conventional standard errors reflect significance, Conley-Taber 90 percent confidence intervals for β̂<sub>HEL</sub> include zero. // Finally, the specification in column 6 addresses the concern that Texas followed a different timeline from most other states in easing bank branching restrictions following the Interstate Banking and Branching Efficiency Act of 1994. //Column 6 of Table 3 suggests that accounting for differences in bank branching restrictions raises the size of the estimated treatment effects for both HELs and HELOC.",1,Co-Primary,"Table 3, column 6, Panel A, coeff of Texas × post 2003","negative, significant",,beapop,DID,Panel,reg,year,state,,
1,martinez-2017,school-health,1,The effect of School Construction on Primary health center in the village,"The results show that the program led to important increases in the provision of public goods. //Each panel of Table 3 presents the results for one of the three main public good outcomes. As we can see, the interaction coefficients of the post dummy and the measures of INPRES intensity are positive and statistically significant. //In this section, I explore whether the results are robust to alternative econometric specifications and different sets of controls. Table 5 displays the robustness checks on the results presented in Table 3. Column 1 includes controls for log population. The results are highly robust, hence, reducing the concern that different sizes of villages could affect the results.",1,Co-Primary,"Table 5, column 1, Panel A, coeff of post × num. INPRES schools","positive, significant",,population,DID,Panel,reg,year,village,,
1,martinez-2017,school-doctor,1,The effect of School Construction on Doctors in the village,"The results show that the program led to important increases in the provision of public goods. //Each panel of Table 3 presents the results for one of the three main public good outcomes. As we can see, the interaction coefficients of the post dummy and the measures of INPRES intensity are positive and statistically significant. //In this section, I explore whether the results are robust to alternative econometric specifications and different sets of controls. Table 5 displays the robustness checks on the results presented in Table 3. Column 1 includes controls for log population. The results are highly robust, hence, reducing the concern that different sizes of villages could affect the results.",1,Co-Primary,"Table 5, column 1, Panel B, coeff of post × num. INPRES schools","positive, significant",,population,DID,Panel,reg,year,village,,
1,martinez-2017,school-water,1,The effect of School Construction on Access to safe drinking water,"The results show that the program led to important increases in the provision of public goods. //Each panel of Table 3 presents the results for one of the three main public good outcomes. As we can see, the interaction coefficients of the post dummy and the measures of INPRES intensity are positive and statistically significant. //In this section, I explore whether the results are robust to alternative econometric specifications and different sets of controls. Table 5 displays the robustness checks on the results presented in Table 3. Column 1 includes controls for log population. The results are highly robust, hence, reducing the concern that different sizes of villages could affect the results.",1,Co-Primary,"Table 5, column 1, Panel C, coeff of post × num. INPRES schools","positive, significant",,population,DID,Panel,reg,year,village,,
1,anderson-2015,mld-all,1,The effect of MLD on all social programs,"Elite minorities undermine policies that would redistribute income toward the majority poor. We explore the means by which elites use their dominance of land ownership and traditional social superiority to achieve political control in light of successful majoritarian institutional reforms// The model also predicts that MPROP, represented by β2 (of (12)), should have no effect on the level of programs once MLD and the interaction between MLD and MPROP are included in the regression // As can be seen from Table 2, the results are consistent with these predictions of the model. Programs (1) and BPL programs (1), from the household surveys are, on average, 1.01 and 0.42 lower, respectively, in MLD villages",1,Co-Primary,"Table 2, column 1, Programs (village data), coeff of All programs (1)","negative, significant",,gppop,FE,cross-sectional,dprobit,,village,,
1,anderson-2015,mld-poor,1,The effect of MLD on all programs directly targeted to individuals below the poverty line,"Elite minorities undermine policies that would redistribute income toward the majority poor. We explore the means by which elites use their dominance of land ownership and traditional social superiority to achieve political control in light of successful majoritarian institutional reforms// The model also predicts that MPROP, represented by β2 (of (12)), should have no effect on the level of programs once MLD and the interaction between MLD and MPROP are included in the regression // As can be seen from Table 2, the results are consistent with these predictions of the model. Programs (1) and BPL programs (1), from the household surveys are, on average, 1.01 and 0.42 lower, respectively, in MLD villages",1,Co-Primary,"Table 2, column 1, Programs (village data), coeff of BPL programs (1)","negative, significant",,gppop,FE,cross-sectional,dprobit,,village,,
1,anderson-2015,mld-income,1,The effect of MLD on income programs,"Elite minorities undermine policies that would redistribute income toward the majority poor.  // We predict clientelism leading to fewer programs, more insurance, but lower wages when vote trading occurs—this is precisely what we find. // Income Programs are 0.98 lower in MLD villages, implying a decline of around 9 percent in the average village when accounting for the interaction term. As also expected, we find no significant effects of MLD on Non-Income Programs.",1,Co-Primary,"Table 2, column 1, Programs (village data), coeff of income programs (1)","negative, significant",,gppop,FE,cross-sectional,dprobit,,village,,
1,anderson-2015,mld-nonincome,1,The effect of MLD on non-income programs,"Elite minorities undermine policies that would redistribute income toward the majority poor.  // We predict clientelism leading to fewer programs, more insurance, but lower wages when vote trading occurs—this is precisely what we find. // Income Programs are 0.98 lower in MLD villages, implying a decline of around 9 percent in the average village when accounting for the interaction term. As also expected, we find no significant effects of MLD on Non-Income Programs.",1,Co-Primary,"Table 2, column 1, Programs (village data), coeff of non-income programs (1)",insignificant,,gppop,FE,cross-sectional,dprobit,,village,,
1,he-2017,cgvo-poor,1,The effect of Lag CGVOs on the Registration of poor households,We find that introducing CGVOs into the village governance system improves the targeting and implementation of the central government’s social assistance programs.// The regression results in columns 1 to 4 show that both current CGVO and lagged CGVO are positively associated with a higher number of registered poor households.,1,Co-Primary,"Table 4, column 2, coeff of L.CGVO","positive, significant",,nc3_16,FE,Panel,reg,year,village,,
1,he-2017,lcgvo-poor,1,The effect of Lag CGVOs on the Registration of poor households,We find that introducing CGVOs into the village governance system improves the targeting and implementation of the central government’s social assistance programs.// The regression results in columns 1 to 4 show that both current CGVO and lagged CGVO are positively associated with a higher number of registered poor households.,1,Co-Primary,"Table 4, column 4, coeff of L.CGVO","positive, significant",,nc3_16,FE,Panel,reg,year,village,,
1,he-2017,cgvo-disable,1,"The effect of CGVOs on the Registration of People with disabilities (per 1000, log)","We find that introducing CGVOs into the village governance system improves the targeting and implementation of the central government’s social assistance programs.// In columns 5 to 8, we complement this analysis by providing results for another relevant variable: the number of residents with disabilities in a village. Once a villager’s disability is registered in the government system, he/she automatically becomes a potential beneficiary for relevant social assistance programs. We see that the number of residents with disabilities increases in villages with CGVOs, and this effect is larger for the one-year lagged CGVO indicator. Since CGVOs are unlikely to cause more villagers to become disabled, the only reasonable explanation for this pattern is their registration of villagers with existing disabilities.",1,Co-Primary,"Table 4, column 6, coeff of CGVO","positive, insignificant",,village_pop,FE,Panel,reg,year,village,,
1,he-2017,lcgvo-disable,1,"The effect of Lag CGVOs on the Registration of People with disabilities (per 1000, log)","We find that introducing CGVOs into the village governance system improves the targeting and implementation of the central government’s social assistance programs.// In columns 5 to 8, we complement this analysis by providing results for another relevant variable: the number of residents with disabilities in a village. Once a villager’s disability is registered in the government system, he/she automatically becomes a potential beneficiary for relevant social assistance programs. We see that the number of residents with disabilities increases in villages with CGVOs, and this effect is larger for the one-year lagged CGVO indicator. Since CGVOs are unlikely to cause more villagers to become disabled, the only reasonable explanation for this pattern is their registration of villagers with existing disabilities.",1,Co-Primary,"Table 4, column 8, coeff of L.CGVO","positive, significant",,village_pop,FE,Panel,reg,year,village,,
1,he-2017,cgvo-subsidize,1,"The effect of CGVOs on Subsidized population (per 1000, log)","Having confirmed that CGVOs help register poor households for social assistance programs, we test whether poor households indeed benefit from these programs in Table 5. // In columns 1 to 4, we find that CGVOs have a positive impact on the subsidized population. The estimated coefficients range from 0.19 to 0.21. The magnitude of the estimated coefficient of the lagged CGVO dummy is slightly larger than that of the original CGVO dummy",1,Co-Primary,"Table 5, column 2, coeff of CGVO","positive, significant",,village_pop,FE,Panel,reg,year,village,,
1,he-2017,lcgvo-subsidize,1,"The effect of Lag CGVOs on Subsidized population (per 1000, log)","Having confirmed that CGVOs help register poor households for social assistance programs, we test whether poor households indeed benefit from these programs in Table 5. // In columns 1 to 4, we find that CGVOs have a positive impact on the subsidized population. The estimated coefficients range from 0.19 to 0.21. The magnitude of the estimated coefficient of the lagged CGVO dummy is slightly larger than that of the original CGVO dummy",1,Co-Primary,"Table 5, column 4, coeff of L.CGVO","positive, significant",,village_pop,FE,Panel,reg,year,village,,
1,dellavigna-2014,radio-vote,1,The effect of Serbian Radio on Vote for Extreme Nationalists,"As a result, the vote for extreme nationalist parties is higher and ethnically offensive graffiti are more common in Croatian villages with Serbian radio reception.// Table 3 presents the results of the estimation of equation (2) for the vote share of extreme nationalistic parties in the baseline sample with only county fixed effects as controls (column 1), with geographic and Census demographic controls (column 2), and with all controls (column 3). In the specification with most controls (column 3), the availability of Serbian radio increases the vote share for the extreme nationalist parties by 2.6 percentage points relative to a baseline vote share of 7 percentage points a statistically and economically significant effect.",1,Co-Primary,"Table 3, column 3, coeff of At least one Serbian (RTS) radio available","positive, significant",,population,OLS,cross-sectional,reg,,village,,
1,dellavigna-2014,radio-graffiti,1,The effect of Serbian Radio on offensive graffiti,"As a result, the vote for extreme nationalist parties is higher and ethnically offensive graffiti are more common in Croatian villages with Serbian radio reception.//// Using a probit specification with equal weighting (Table 5 and online Appendix Figure 6e), we find that in villages with Serbian radio the probability of ethnically offensive graffiti in the streets is 35 to 40 percentage points larger, that is, about double as compared to the villages with no Serbian radio, a statistically significant difference.",1,Co-Primary,"Table 5, column 3, coeff of At least one Serbian (RTS) radio available","positive, significant",,,,,,,,,
1,weber-2025,spend-virtual,1,Effect of school spending on days of virtual instruction,"We find that spending adequacy significantly and substantially predicts time spent in virtual instruction: for every $1,000 positive change in adequacy (closing a gap and/or adding to a surplus), the time spent in virtual schooling decreases 0.9 percentage points. A one standard deviation positive change in adequacy, therefore, results in 12.8 fewer days of virtual instruction. ",1,Primary,"Table 2, column 4, coeff of NECM Adequacy Gap/Surplus per Pupil ($1,000s)","negative, significant",,,FE,Panel,reg,year,U.S. school district,,
1,baron-2022,spend-dropout,1,Effect of increases in operational spending on dropout rate,"Leveraging close elections in a dynamic regression discontinuity framework, I find that increases in operational spending have substantial positive effects on test scores, dropout rates, and postsecondary enrollment. // The estimates across all three specifications in Table  5 show that narrowly passing an operational referendum decreases the district’s dropout rate by an average of 0.07 to 0.11 percentage points across all 10 postelection years. This effect corresponds to roughly a 7 percent to 11 percent decline relative to the average rate in the sample",1,Co-Primary,"Table 5, Panel B, column 1, coeff of Dropout rate","negative, significant",,student_count,RD,Panel,areg,year,U.S. school district,,
1,baron-2022,spend-score,1,Effect of increases in operational spending on average math score,"Leveraging close elections in a dynamic regression discontinuity framework, I find that increases in operational spending have substantial positive effects on test scores, dropout rates, and postsecondary enrollment. // The estimates across all three specifications in Table 5 show that across all postelection years, the percent of students who score advanced or proficient is roughly 4 to 6 percentage points higher in districts that narrowly passed an operational referendum",1,Co-Primary,"Table 5, Panel B, column 1, coeff of Average tenth grade math score","positive, significant",,num_takers_math10,RD,Panel,areg,year,U.S. school district,,
1,baron-2022,spend-postenroll,1,Effect of increases in operational spending on postsecondary enrollment,"Leveraging close elections in a dynamic regression discontinuity framework, I find that increases in operational spending have substantial positive effects on test scores, dropout rates, and postsecondary enrollment. // Across all three specifications, the estimates in Table 5 indicate that narrowly passing an operational referendum increases postsecondary enrollment within Wisconsin by 7 percent to 14 percent across all postelection years.",1,Co-Primary,"Table 5, Panel B, column 1, coeff of log(postsecondary enrollment)","positive, significant",,student_count,RD,Panel,areg,year,U.S. school district,,
1,fernandez-2021,hurr-health,1,Effect of hurricane on the number of health-care providers,"Maria reduced the number of health-care providers by 6.5 percent, as seen in panel A, Table 2",0,Co-Primary,"Table 2, Panel A, column 1, coeff of Act14/hurricane","negative, significant",,i_pop,FE,Panel,xtpoisson,year,state,,
1,fernandez-2021,hur-phy,1,Effect of hurricane on the number of physician-office counts,"Next, I use county-level data on the number of physician-office counts, where I can use quarter-year fixed effects in conjunction with county fixed effects to control for more unobserved differences between areas. I find that the number of physician offices per county reported by the QCEW declined by 2.5 percent",0,Co-Primary,"Table 2, Panel A, column 7, coeff of Act14/hurricane","negative, significant",,i_pop,FE,Panel,xtpoisson,Quarter,U.S. county,,
1,fernandez-2021,hur-phyrate,1,Effect of hurricane on the per capita ratio of physician,but the per capita ratio increased by 5.7 percent.,0,Co-Primary,"Table 2, Panel B, column 7, coeff of Act14/hurricane","positive, significant",,i_pop,FE,Panel,xtpoisson,Quarter,U.S. county,,
1,jacob-2024,covid-turnout,1,Effect of COVID-19 on Voter Turnout,"I find that school board elections following the onset of the COVID-19 pandemic were more likely to be contested and that voter turnout in contested elections increased. // To control for extraneous factors that may be correlated with turnout, I estimate a series of OLS regressions. The results are presented in Table 5. Note that because the outcome is a logarithm, I will interpret the coefficients as approximate percent changes in turnout. Column 1 shows that turnout is 25% higher in elections taking place after March 10, 2020. This differential shrinks to 21% when I control for district and election characteristics (column 2).",1,Primary,"Table 5, column 2, coeff of After March 2020","positive, significant",,tot_enroll,OLS,cross-sectional,reg,,U.S. school district,,
1,gonzalez-2025,punish-drugcrime,1,Effect of Punishments for Medium Probability of Detection,"Using increases in punishment severity in drug-free school zones along with changes in the probability of detection resulting from a community crime-monitoring program, we demonstrate that drug-related crime drops in blocks just within the drug-free school zones, where punishments are more severe, but only if the monitoring intensity – and hence the probability of detection – is at intermediate levels.//Column (2) of Table 1 presents results in which we allow the effect of severe punishments to depend on the probability of detection. Consistent with our conceptual framework, we find significant evidence of this dependence: namely, an increase in the severity of punishments has a negative and significant effect on drug-related crime when the probability of detection is at moderate levels (i.e., in SPP-adjacent blocks) but not when the probability of detection is high (SPP blocks) or low (non-monitored blocks). Specifically, our estimate of  indicates that when the probability of detection is at intermediate levels, an increase in the severity of punishments leads to 0.132 fewer annual drug-related crimes per block per year. Compared to the baseline mean (i.e., the average number of drug-related crimes in non-drug-free blocks prior to the introduction of SPP), this represents a 25 percent decline (the baseline mean is 0.525). That is, for every 10 drug crimes, there is a decrease of 2.5 drug crimes. ",1,Co-Primary,"Table 1, column 2, coeff of Drug-free ×Adj. block","negative, significant",,drug_AM,OLS,Panel,reghdfe,year,U.S. census block,,
1,gonzalez-2025,punishspp-drugcrime,1,Effect of Punishments for High Probability of Detection,"Using increases in punishment severity in drug-free school zones along with changes in the probability of detection resulting from a community crime-monitoring program, we demonstrate that drug-related crime drops in blocks just within the drug-free school zones, where punishments are more severe, but only if the monitoring intensity – and hence the probability of detection – is at intermediate levels.//Column (2) of Table 1 presents results in which we allow the effect of severe punishments to depend on the probability of detection. Consistent with our conceptual framework, we find significant evidence of this dependence: namely, an increase in the severity of punishments has a negative and significant effect on drug-related crime when the probability of detection is at moderate levels (i.e., in SPP-adjacent blocks) but not when the probability of detection is high (SPP blocks) or low (non-monitored blocks). Specifically, our estimate of  indicates that when the probability of detection is at intermediate levels, an increase in the severity of punishments leads to 0.132 fewer annual drug-related crimes per block per year. Compared to the baseline mean (i.e., the average number of drug-related crimes in non-drug-free blocks prior to the introduction of SPP), this represents a 25 percent decline (the baseline mean is 0.525). That is, for every 10 drug crimes, there is a decrease of 2.5 drug crimes. In contrast, in blocks where the probability of detection is high or low, we do not find any evidence to suggest that crimes respond to increases in the severity of punishments.",1,Co-Primary,"Table 1, column 2, coeff of Drug-free ×SPP",insignificant,,drug_AM,OLS,Panel,reghdfe,year,U.S. census block,,
1,pandey-2010,landlord-governance1,1,Effect of being landlord districts on Village meetings,"This paper provides microlevel evidence of how past institutions impact present economic outcomes. It looks at the impact of colonial land tenure institutions on local governance and education outcomes in northern India. // Village meetings are held less often (17 percent fewer meetings, p-value = 0.00) in GPs in landlord districts. The education and health committees and PTAs also meet less often (p-value ≤ 0.03) in these GPs. // We add controls for GP population: population size, density, and shares of mid- and low-caste populations. The coefficient on the variable landlord remains significant and is larger in magnitude. Results remain similar when we control for other observed GP characteristics (Table 4). ",1,Co-Primary,"Table 4, column 3, coeff of Landlord, dependent variable Village meetings","negative, significant",Yes,"totpop, toenr",OLS,cross-sectional,reg,,Indian district,,
1,pandey-2010,landlord-governance2,1,Effect of being landlord districts on Village education committee meetings,"This paper provides microlevel evidence of how past institutions impact present economic outcomes. It looks at the impact of colonial land tenure institutions on local governance and education outcomes in northern India. // Village meetings are held less often (17 percent fewer meetings, p-value = 0.00) in GPs in landlord districts. The education and health committees and PTAs also meet less often (p-value ≤ 0.03) in these GPs. // We add controls for GP population: population size, density, and shares of mid- and low-caste populations. The coefficient on the variable landlord remains significant and is larger in magnitude. Results remain similar when we control for other observed GP characteristics (Table 4). ",1,Co-Primary,"Table 4, column 3, coeff of Landlord, dependent variable Village education committee meetings","negative, significant",Yes,"totpop, toenr",OLS,cross-sectional,reg,,Indian district,,
1,pandey-2010,landlord-governance3,1,Effect of being landlord districts on Parent teacher association meetings,"This paper provides microlevel evidence of how past institutions impact present economic outcomes. It looks at the impact of colonial land tenure institutions on local governance and education outcomes in northern India. // Village meetings are held less often (17 percent fewer meetings, p-value = 0.00) in GPs in landlord districts. The education and health committees and PTAs also meet less often (p-value ≤ 0.03) in these GPs. // We add controls for GP population: population size, density, and shares of mid- and low-caste populations. The coefficient on the variable landlord remains significant and is larger in magnitude. Results remain similar when we control for other observed GP characteristics (Table 4). ",1,Co-Primary,"Table 4, column 3, coeff of Landlord, dependent variable Parent teacher association meetings","negative, significant",Yes,"totpop, toenr",OLS,cross-sectional,reg,,Indian district,,
1,pandey-2010,landlord-governance4,1,Effect of being landlord districts on If health committee met,"This paper provides microlevel evidence of how past institutions impact present economic outcomes. It looks at the impact of colonial land tenure institutions on local governance and education outcomes in northern India. // Village meetings are held less often (17 percent fewer meetings, p-value = 0.00) in GPs in landlord districts. The education and health committees and PTAs also meet less often (p-value ≤ 0.03) in these GPs. // We add controls for GP population: population size, density, and shares of mid- and low-caste populations. The coefficient on the variable landlord remains significant and is larger in magnitude. Results remain similar when we control for other observed GP characteristics (Table 4). ",1,Co-Primary,"Table 4, column 3, coeff of Landlord, dependent variable If health committee met","negative, significant",Yes,"totpop, toenr",OLS,cross-sectional,reg,,Indian district,,
1,pandey-2010,landlord-teacherattend,1,Effect of being landlord districts on teacher attendance,Teacher effort is significantly higher in villages in nonlandlord districts compared to landlord districts. Attendance is 18 percent higher and teacher activity is 31 percent higher in villages on the nonlandlord side of the border (Table 5).,1,Co-Primary,"Table 5, column 3, dependent variable Teacher attendance, coeff of Landlord","negative, significant",Yes,"totpop, toenr",OLS,cross-sectional,reg,,Indian district,,
1,pandey-2010,landlord-teacheractivity,1,Effect of being landlord districts on teacher activity,Teacher effort is significantly higher in villages in nonlandlord districts compared to landlord districts. Attendance is 18 percent higher and teacher activity is 31 percent higher in villages on the nonlandlord side of the border (Table 5).,1,Co-Primary,"Table 5, column 3, dependent variable Teacher activity, coeff of Landlord","negative, significant",Yes,"totpop, toenr",OLS,cross-sectional,reg,,Indian district,,
1,pandey-2010,landlord-studentscore,1,Effect of being landlord districts on student score,"OLS regressions similar to (2) are run using student test score and student attendance as dependent variables for student i in GP j and district k. Zjk includes controls for the district’s soil, topography, and climate, as in (2). Table 5 presents the results. Student test score and attendance are significantly higher (0.27 standard deviation and 21 percent, respectively) in villages belonging to nonlandlord districts compared to those in landlord districts. ",1,Co-Primary,"Table 5, column 3, dependent variable student score, coeff of Landlord","negative, significant",Yes,"totpop, toenr",OLS,cross-sectional,reg,,Indian district,,
1,pandey-2010,landlord-studentattend,1,Effect of being landlord districts on student attendance,"OLS regressions similar to (2) are run using student test score and student attendance as dependent variables for student i in GP j and district k. Zjk includes controls for the district’s soil, topography, and climate, as in (2). Table 5 presents the results. Student test score and attendance are significantly higher (0.27 standard deviation and 21 percent, respectively) in villages belonging to nonlandlord districts compared to those in landlord districts. ",1,Co-Primary,"Table 5, column 3, dependent variable student attendance, coeff of Landlord","negative, significant",Yes,"totpop, toenr",OLS,cross-sectional,reg,,Indian district,,
1,pandey-2010,landlord-studentinfra,1,Effect of being landlord districts on student infrastructure,"OLS regressions similar to (2) are run using student test score and student attendance as dependent variables for student i in GP j and district k. Zjk includes controls for the district’s soil, topography, and climate, as in (2). Table 5 presents the results. Student test score and attendance are significantly higher (0.27 standard deviation and 21 percent, respectively) in villages belonging to nonlandlord districts compared to those in landlord districts. ",1,Co-Primary,"Table 5, column 3, dependent variable student infrastructure, coeff of Landlord","negative, significant",Yes,"totpop, toenr",OLS,cross-sectional,reg,,Indian district,,
1,pandey-2010,landlord-stipend,1,Effect of being landlord districts on stipend to SC students,Stipend received is significantly lower (by 42 percent) in GPs in landlord districts (Table 5).,1,Co-Primary,"Table 5, column 3, dependent variable stipend, coeff of Landlord","negative, significant",Yes,"totpop, toenr",OLS,cross-sectional,reg,,Indian district,,
1,jensenius-2015,lit-sc,1,"Interaction between percentage SC in constituency and Literacy Rate among
SCs in 2001s for the SC community","Matching constituencies on pretreatment variables from 1971, I find that 30 years of quotas had no detectable constituency-level effect on overall development or redistribution to SCs. // The coefficients for the percentages of SCs and the interaction terms are also insignificant across the models. In other words, there is no evidence of a heterogeneous treatment effect based on the percentage of SCs in constituencies.",1,Co-Primary,"Table 4 column 2, coeff of Percentage SC",insignificant,,SC_pop71_true,OLS,cross-sectional,,,state,,
1,jensenius-2015,emp-sc,1,Interaction between percentage SC in constituency and the Employment Rate for SCs for the SC community,"Matching constituencies on pretreatment variables from 1971, I find that 30 years of quotas had no detectable constituency-level effect on overall development or redistribution to SCs. // The coefficients for the percentages of SCs and the interaction terms are also insignificant across the models. In other words, there is no evidence of a heterogeneous treatment effect based on the percentage of SCs in constituencies.",1,Co-Primary,"Table 4 column 4, coeff of Percentage SC",insignificant,,SC_pop71_true,OLS,cross-sectional,,,state,,
1,jensenius-2015,agr-sc,1,Interaction between percentage SC in constituency and percentage of Agricultural Labor ers among SCs in 2001 for the SC community,"Matching constituencies on pretreatment variables from 1971, I find that 30 years of quotas had no detectable constituency-level effect on overall development or redistribution to SCs. // The coefficients for the percentages of SCs and the interaction terms are also insignificant across the models. In other words, there is no evidence of a heterogeneous treatment effect based on the percentage of SCs in constituencies.",1,Co-Primary,"Table 4 column 6, coeff of Percentage SC",insignificant,,SC_pop71_true,OLS,cross-sectional,,,state,,
1,ahmed-2024,rml-compcol,1,Effect of RML on undergraduate college completion rate,"I find that RML increases enrollments by approximately up to 9%, without compromising degree completion or graduation rate, and it boosts college competitiveness by offering a positive amenity, as evidenced by the rise in out-of-state enrollments relative to neighboring states. //Table 2 shows that RML hasan approximately 10%–13% significant effect on undergraduate degree completions (bachelor and associate degrees)",1,Co-Primary,"Table 2, Lead 5, Panel A, coeff of Bachelor degrees RM ","positive, significant",,AGE1824_TOT,Event study,panel,,,college,,
1,ahmed-2024,rml-compasso,1,Effect of RML on associate degree completion rate,"I find that RML increases enrollments by approximately up to 9%, without compromising degree completion or graduation rate, and it boosts college competitiveness by offering a positive amenity, as evidenced by the rise in out-of-state enrollments relative to neighboring states. //Table 2 shows that RML hasan approximately 10%–13% significant effect on undergraduate degree completions (bachelor and associate degrees)",1,Co-Primary,"Table 2, Lead 4, Panel A, coeff of Associate degrees RM","positive, significant",,AGE1824_TOT,Event study,panel,,,college,,
1,ahmed-2024,rml-gradcol,1,Effect of RML on Bachelor degrees graduation rate,"I find that RML increases enrollments by approximately up to 9%, without compromising degree completion or graduation rate, and it boosts college competitiveness by offering a positive amenity, as evidenced by the rise in out-of-state enrollments relative to neighboring states. //Inaddition, RML exhibits a notable positive impact on graduation rates, contributing to increases of up to 2.7% points for bachelor's degrees and 5.6% points for associate degree",1,Co-Primary,"Table 2, Lead 3, Panel B, coeff of Bachelor degrees, 150% of normal time","positive, significant",,AGE1824_TOT,Event study,panel,,,college,,
1,ahmed-2024,rml-gradasso,1,Effect of RML on Associate degrees graduation rate,"I find that RML increases enrollments by approximately up to 9%, without compromising degree completion or graduation rate, and it boosts college competitiveness by offering a positive amenity, as evidenced by the rise in out-of-state enrollments relative to neighboring states. //Inaddition, RML exhibits a notable positive impact on graduation rates, contributing to increases of up to 2.7% points for bachelor's degrees and 5.6% points for associate degree",1,Co-Primary,"Table 2, Lead 6, Panel C, coeff of Associate degrees, 100% of normal time","positive, significant",,AGE1824_TOT,Event study,panel,,,college,,