,,,,,FILL THESE COLUMNS FOR ALL VARIABLES,,,,,,ONLY NEEDED FOR NOISED VARIABLES,,,,,
Implemented,study-id,result-ids,variable-id,desc,query type,query notes,noised,reg-role,interaction variable?,constructed from microdata by authors,data-dependent-bounds,component-variables,data domain,data type,dataset publisher,dataset
1,autor-2013,d_tradeusch_pw-empl,l_shind_manuf_cbp,"% employment in manufacturing, lagged",count / count,,1,control,0,1,,"count_l_shind_manuf_cbp, l_popcount",employment/occupation,Survey,Census Bureau,"PUMS, ACS"
1,autor-2013,d_tradeusch_pw-empl,d_sh_empl_mfg,first differences in 10 × annual change in manufacturing emp/working-age pop (in % pts),complex,,0,dep,1,1,,,employment/occupation,Survey,Census Bureau,"PUMS, ACS"
1,autor-2013,d_tradeusch_pw-empl,l_sh_popedu_c,"% pop with college degree, lagged",count / count,,1,control,0,1,,"count_l_sh_popedu_c, l_popcount",education,Survey,Census Bureau,"PUMS, ACS"
1,autor-2013,d_tradeusch_pw-empl,l_sh_popfborn,"% foreign born, lagged",count / count,,1,control,0,1,,"count_l_sh_popfborn, l_popcount",birth nation,Survey,Census Bureau,"PUMS, ACS"
1,autor-2013,d_tradeusch_pw-empl,l_sh_empl_f," % female, lagged",count / count,"can't noise, # women not available",0,control,0,1,,"count_l_sh_empl_f, l_popcount",sex/gender,Survey,Census Bureau,"PUMS, ACS"
1,autor-2013,d_tradeusch_pw-empl,l_sh_routine33,"% employment in routine occupation, lagged",count / count,,1,control,0,1,,"count_l_sh_routine33, l_no_workers_totcbp",employment/occupation,Blended,Census Bureau,County Business Patterns
1,autor-2013,d_tradeusch_pw-empl,l_popcount,CZ population,count,,1,weights,0,1,,l_popcount,population,Survey,Census Bureau,"PUMS, ACS"
1,autor-2013,d_tradeusch_pw-empl,l_no_workers_totcbp,No. workers total in CZ,count,,1,dep,0,1,,l_no_workers_totcbp,employment/occupation,Blended,Census Bureau,County Business Patterns
1,autor-2013,d_tradeusch_pw-empl,d_tradeusch_pw,change in imports from china to US per worker,invariant / count,,1,instrumented,0,1,,l_no_workers_totcbp,employment/occupation,Blended,Census Bureau,County Business Patterns
1,autor-2013,d_tradeusch_pw-empl,d_tradeotch_pw_lag,"change in imports from china to other per worker, lagged",invariant / count,,1,instrument,0,1,,l_no_workers_totcbp,employment/occupation,Blended,Census Bureau,County Business Patterns
1,guidetti-2021,pm10-resp,hrate_resp,,count / count,,1,dep,0,0,,"count_hrate_resp, population",medical,Administrative,Brazilian Hospital Data System,
1,guidetti-2021,,hrate_asthma,,count / count,,1,dep,0,0,,"count_hrate_asthma, population",medical,Administrative,Brazilian Hospital Data System,
1,guidetti-2021,,hrate_pneu,,count / count,,1,dep,0,0,,"count_hrate_pneu, population",medical,Administrative,Brazilian Hospital Data System,
1,guidetti-2021,,hrate_influ,,count / count,,1,dep,0,0,,"count_hrate_influ, population",medical,Administrative,Brazilian Hospital Data System,
1,guidetti-2021,pm10-appendicitis,hrate_append,,count / count,,1,dep,0,0,,"count_hrate_append, population",medical,Administrative,Brazilian Hospital Data System,
1,guidetti-2021,pm10-epilepsy,hrate_epilep,,count / count,,1,dep,0,0,,"count_hrate_epilep, population",medical,Administrative,Brazilian Hospital Data System,
1,guidetti-2021,pm10-phimosis,hrate_phimo,,count / count,,1,dep,0,0,,"count_hrate_phimo, population",medical,Administrative,Brazilian Hospital Data System,
1,guidetti-2021,pm10-fracture,hrate_bonefrac,,count / count,,1,dep,0,0,,"count_hrate_bonefrac, population",medical,Administrative,Brazilian Hospital Data System,
1,guidetti-2021,all,population,,count,,1,weights,0,0,,population,population,Administrative,Brazilian Hospital Data System,
1,wilson-2012,,obl_lessDOL_mill_cap,ARRA obligations per capita,invariant / count,,1,instrumented,0,0,,StatePopulation,population,,?,
1,wilson-2012,ann_lessDOL_mill_cap-ivreg_T_Emp_Rate_Ann__cer,ann_lessDOL_mill_cap,ARRA spending announcements per capita,invariant / count,,1,instrumented,0,0,,StatePopulation,population,,?,
1,wilson-2012,pay_lessDOL_mill_cap-ivreg_T_Emp_Rate_Pay__cer,pay_lessDOL_mill_cap,ARRA payments per capita,invariant / count,,1,instrumented,0,0,,StatePopulation,population,,?,
1,wilson-2012,all,taxbenefits_cap,taxbenefits/(1000000*(StatePopulation*1000)),invariant / count,,1,control,0,0,,StatePopulation,population,,?,
1,wilson-2012,all,change_emp_rate,change in total nonfarm employment per capita 2009,change in count / count,could not reconstruct accurately,0,dep,0,0,,,employment/occupation,Survey,Bureau of Labor Statistics,Current Employment Statistics (CES)
1,wilson-2012,all,RealAnnualPI_3yrMADifference,difference in 3yr avg of real personal income per capita 2005-2006,complex,"ASSUMPTION: 1,000,000 max personal income",1,control,0,0,,AnnualStatePI,income,,?,
1,wilson-2012,all,ED_instrument,state's school-aged population share,count / count,,1,instrument,0,0,,hhs_school_age,age,,?,
1,wilson-2012,all,DOT_predict_instrument,"per paper, constructed by regressing DOT ARRA obls on total lane miles of federal highways, total vehicle miles, estimated tax payments attributable to highway users, and FHWA obl limitations",,tax payments the only personal variable; but can't deconstruct,0,instrument,0,0,,,taxes,,?,
1,wilson-2012,all,HHS_instrument,pre-ARRA state Medicaid expenditures per capita,invariant / count,does not reconstruct accurately,0,instrument,0,0,,,population,,?,
1,cascio-2010,arhisesl_sdf-ivvar3a1_b,arDm_tot2_good1976,"total enrollment in secondary boundary, 1976",count,,1,custom computation,0,0,,arDm_tot2_good1976,age,Survey,"U.S. Dep Ed, Office for Civil Rights",Elementary and Secondary School Civil Rights Surveys
1,cascio-2010,arhisesl_sdf-ivvar3a1_b,sch1ageshindnh_df2,"delta share of MSA's non-Hispanic population in district, 1970-2000",complex,"not derived in authors' code, not enough component vars to deconstruct",0,dep,0,0,,,race/ethnicity,Census,"U.S. Dep Ed, National Center for Education Statistics","US Census of Population, School District Tabulation"
1,cascio-2010,arhisesl_sdf-ivvar3a1_b,ppexptot72,"per pupil expenditure, 1972",invariant / count,"not derived in authors' code, not enough component vars to deconstruct",0,control,0,0,,,age,Administrative,Census Bureau,Census of Governments
1,cascio-2010,arhisesl_sdf-ivvar3a1_b,arhisesl_sdf,"change in hispanic esl enrollment share, 1976 to 2000",change in count / count,"ASSUMPTION: 2000 share is invariant, since not enough vars to reconstruct",1,instrumented,0,0,,arDm_his_esl1976,"age, race/ethnicity",Survey,"U.S. Dep Ed, Office for Civil Rights",Elementary and Secondary School Civil Rights Surveys
1,cascio-2010,arhisesl_sdf-ivvar3a1_b,inst_sca,((arDm_his_esl_good1976+instca)/(arDm_tot2_good1976+instca))-arhisesl_s1976,complex,,1,instrument,0,0,,"arDm_his_esl_good1976, arDm_tot2_good1976","age, race/ethnicity",Survey,"U.S. Dep Ed, Office for Civil Rights",Elementary and Secondary School Civil Rights Surveys
1,cascio-2010,arhisesl_sdf-ivvar3a1_b,sch1ageshindnh1970,"district share of msa's non-hispanics in age group, 1970",count / sum(count),"not derived in authors' code, not enough component vars to deconstruct",0,custom computation,0,0,,,"age, race/ethnicity",Survey,"U.S. Dep Ed, Office for Civil Rights",Elementary and Secondary School Civil Rights Surveys
1,cascio-2010,arhisesl_sdf-ivvar3a1_b,arDm_his_esl1976,"hispanic esl enrollment in secondary boundary, 1976",count,,1,custom computation,0,0,,arDm_his_esl1976,"age, race/ethnicity",Survey,"U.S. Dep Ed, Office for Civil Rights",Elementary and Secondary School Civil Rights Surveys
1,cascio-2010,arhisesl_sdf-ivvar3a1_b,hhkidsnh,"non-hispanic families with kids, 1970",count,,1,custom computation,0,0,,hhkidsnh,"age, race/ethnicity",Survey,"U.S. Dep Ed, Office for Civil Rights",Elementary and Secondary School Civil Rights Surveys
1,anderson-2014,all3-arrests,total_crime1_rate,"arrests per 1000 people in age group, per the paper",sum / count,,1,dep,0,0,,"total_crime1, county_pop, count1315, count1618",crime,Administrative,Federal Bureau of Investigation,Uniform Crime Reports (UCR)
1,anderson-2014,property3-arrests,property1_rate,"arrests per 1000 people in age group, per the paper",sum / count,,1,dep,0,0,,"property1, county_pop, count1315, count1618",crime,Administrative,Federal Bureau of Investigation,Uniform Crime Reports (UCR)
1,anderson-2014,violent3-arrests,violent1_rate,"arrests per 1000 people in age group, per the paper",sum / count,,1,dep,0,0,,"violent1, county_pop, count1315, count1618",crime,Administrative,Federal Bureau of Investigation,Uniform Crime Reports (UCR)
1,anderson-2014,all,popratio1315,,count / count,,1,control,0,0,,"count1315, county_pop",age,Census,U.S. Census Bureau,?
1,anderson-2014,all,popratio1618,,count / count,,1,control,0,0,,"count1618, county_pop",age,Census,U.S. Census Bureau,?
1,anderson-2014,all,popratio_male,,count / count,,1,control,0,0,,"count_male, county_pop",sex/gender,Census,U.S. Census Bureau,?
1,anderson-2014,all,popratio_black,,count / count,,1,control,0,0,,"count_black, county_pop",race/ethnicity,Census,U.S. Census Bureau,?
1,anderson-2014,all,log_income,log real personal income per capita in 2000 dollars,log sum / count,"assumption on max income for an individual: $500,000",1,control,0,0,,total_income,income,Blended,Bureau of Economic Analysis,?
1,anderson-2014,all,pop_dense_thou,population / (area * 1000),count / invariant,,1,control,0,0,,county_pop,population,Census,U.S. Census Bureau,?
1,charles-2019,all,nadults,,count,,1,weights,0,0,,nadults,age,Estimates,Census Bureau,Population Estimates
1,charles-2019,"gov_d_lper_earn-turnout, gov_d_lper_emp-turnout",gov_d_gov_turnout,turnout = number of votes cast / census estimate of number of individuals age 20 and over,count / count,,1,dep,0,0,,gov_total,ballot,Administrative,ICPSR,study no. 13 General Election Data for the United States (1995)
1,charles-2019,"pres_d_lper_earn-turnout, pres_d_lper_emp-turnout",pres_d_pres_turnout,turnout = number of votes cast / census estimate of number of individuals age 20 and over,count / count,,1,dep,0,0,,pres_total,ballot,Administrative,ICPSR,study no. 13 General Election Data for the United States (1995)
1,charles-2019,"sen6_d_lper_earn-turnout, sen6_d_lper_emp-turnout",sen6_d_senate_turnout,turnout = number of votes cast / census estimate of number of individuals age 20 and over,count / count,,1,dep,0,0,,senate_total,ballot,Administrative,ICPSR,study no. 13 General Election Data for the United States (1995)
1,charles-2019,"congr4_d_lper_earn-turnout, congr4_d_lper_emp-turnout",congr4_d_congr_turnout,turnout = number of votes cast / census estimate of number of individuals age 20 and over,count / count,,1,dep,0,0,,congr_total,ballot,Administrative,ICPSR,study no. 13 General Election Data for the United States (1995)
1,charles-2019,"st4_d_lper_earn-turnout, st4_d_lper_emp-turnout",st4_d_sthouse_turnout,turnout = number of votes cast / census estimate of number of individuals age 20 and over,count / count,,1,dep,0,0,,state_house_total,ballot,Administrative,ICPSR,study no. 13 General Election Data for the United States (1995)
1,charles-2019,gov_d_lper_earn-turnout,gov_d_lper_earn,earn = total earnings in the county; lper_earn = ln(earn / pop),log sum / count,ASSUMPTION: max earnings 1000000,1,instrumented,0,0,,"pop, earn",income,Blended,Bureau of Economic Analysis,Regional Economic Information System
1,charles-2019,pres_d_lper_earn-turnout,pres_d_lper_earn,earn = total earnings in the county; lper_earn = ln(earn / pop),log sum / count,ASSUMPTION: max earnings 1000000,1,instrumented,0,0,,"pop, earn",income,Blended,Bureau of Economic Analysis,Regional Economic Information System
1,charles-2019,sen6_d_lper_earn-turnout,sen6_d_lper_earn,earn = total earnings in the county; lper_earn = ln(earn / pop),log sum / count,ASSUMPTION: max earnings 1000000,1,instrumented,0,0,,"pop, earn",income,Blended,Bureau of Economic Analysis,Regional Economic Information System
1,charles-2019,congr4_d_lper_earn-turnout,congr4_d_lper_earn,earn = total earnings in the county; lper_earn = ln(earn / pop),log sum / count,ASSUMPTION: max earnings 1000000,1,instrumented,0,0,,"pop, earn",income,Blended,Bureau of Economic Analysis,Regional Economic Information System
1,charles-2019,st4_d_lper_earn-turnout,st4_d_lper_earn,earn = total earnings in the county; lper_earn = ln(earn / pop),"pop, earn",ASSUMPTION: max earnings 1000000,1,instrumented,0,0,,"pop, earn",income,Blended,Bureau of Economic Analysis,Regional Economic Information System
1,charles-2019,gov_d_lper_emp-turnout,gov_d_lper_emp,lper_emp = log (emp / nadults),log (count / count),,1,instrumented,0,0,,emp,employment/occupation,Blended,Bureau of Economic Analysis,Regional Economic Information System
1,charles-2019,pres_d_lper_emp-turnout,pres_d_lper_emp,lper_emp = log (emp / nadults),log (count / count),,1,instrumented,0,0,,emp,employment/occupation,Blended,Bureau of Economic Analysis,Regional Economic Information System
1,charles-2019,sen6_d_lper_emp-turnout,sen6_d_lper_emp,lper_emp = log (emp / nadults),log (count / count),,1,instrumented,0,0,,emp,employment/occupation,Blended,Bureau of Economic Analysis,Regional Economic Information System
1,charles-2019,congr4_d_lper_emp-turnout,congr4_d_lper_emp,lper_emp = log (emp / nadults),log (count / count),,1,instrumented,0,0,,emp,employment/occupation,Blended,Bureau of Economic Analysis,Regional Economic Information System
1,charles-2019,st4_d_lper_emp-turnout,st4_d_lper_emp,lper_emp = log (emp / nadults),log (count / count),,1,instrumented,0,0,,emp,employment/occupation,Blended,Bureau of Economic Analysis,Regional Economic Information System
1,charles-2019,all,shfemale,numfemale_adults/nadults,count / count,,1,control,0,0,,numfemale_adults ,sex/gender,Survey,American National Election Studies,Cumulative Data File
1,charles-2019,all,shblack,numblack_adults/nadults,count / count,,1,control,0,0,,numblack_adults,race/ethnicity,Survey,American National Election Studies,Cumulative Data File
1,charles-2019,all,shothrace,numothrace_adults/nadults,count / count,,1,control,0,0,,numothrace_adults,race/ethnicity,Survey,American National Election Studies,Cumulative Data File
1,charles-2019,all,sh30s,num30s/nadults,count / count,,1,control,0,0,,num30s,age,Survey,American National Election Studies,Cumulative Data File
1,charles-2019,all,sh40s,num40s/nadults,count / count,,1,control,0,0,,num40s,age,Survey,American National Election Studies,Cumulative Data File
1,charles-2019,all,sh50s,num50s/nadults,count / count,,1,control,0,0,,num50s,age,Survey,American National Election Studies,Cumulative Data File
1,charles-2019,all,sh60s,num60s/nadults,count / count,,1,control,0,0,,num60s,age,Survey,American National Election Studies,Cumulative Data File
1,charles-2019,all,sh7080s,num7080s/nadults,count / count,,1,control,0,0,,num7080s,age,Survey,American National Election Studies,Cumulative Data File
1,bell-2022,all,log_arrest_rate_tot,Log Arrest Rate Total Across Crime Types,log sum / count,"ASSUMPTION: individual can have at most one arrest (or, protecting arrest record-level",1,dep,0,0,,arrests,crime,Administrative,Federal Bureau of Investigation,Uniform Crime Reports (UCR)
1,bell-2022,all,population_est_cell,"population cell (age, year, county)",count,,1,weights,0,0,,population_est_cell,age,Administrative,Bureau of Economic Analysis,Local Area Personal Income
1,bell-2022,all,log_pop,Log Population Cell,log count,,1,control,0,0,,population_est_cell,age,Administrative,Bureau of Economic Analysis,Local Area Personal Income
1,bell-2022,all,log_police,Log Police Officers,log count,,1,control,0,0,,police,employment/occupation,Administrative,Federal Bureau of Investigation,Law Enforcement Officers Killed and Assaulted
1,bell-2022,all,pop_share_black,Share Black Population,count / count,,1,control,0,0,,"black, population_est_cell",race/ethnicity,Administrative,Bureau of Economic Analysis,Local Area Personal Income
1,bell-2022,all,share_female_pop,Share Female Population,count / count,,1,control,0,0,,"female, population_est_cell",sex/gender,Administrative,Bureau of Economic Analysis,Local Area Personal Income
1,bell-2022,all,pop_share_other, Share Other Population,count / count,,1,control,0,0,,"other, population_est_cell",race/ethnicity,Administrative,Bureau of Economic Analysis,Local Area Personal Income
1,crane-2024,all,incum_d,incum_share - incum_share_last,count / count,,1,dep,0,0,,"income, income_l4",ballot,Administrative,CQ Press,Voting and Elections Collection
1,crane-2024,all,dividend_ratio,dividend/adjusted_gross_income,sum / sum,skipped these because units for gross income and dividend are unclear,0,ind,0,0,,,income,Administrative,Internal Revenue Service,IRS Dividend Income Data
1,crane-2024,all,ipc_d,income per capita; ipc/ipc_l4-1,(sum / count) - (sum / count),"ASSUMPTION: 500,000 max income per capita",1,control,0,0,,"income, income_l4",income,Blended,Bureau of Economic Analysis,County Income and Population
1,crane-2024,all,ipc_l4_ln,,log sum / count,"ASSUMPTION: 500,000 max income per capita",1,control,0,0,,"income_l4, pop_l4",income,Blended,Bureau of Economic Analysis,County Income and Population
1,crane-2024,all,wage_d,average_weekly_wage/average_weekly_wage_l4-1,(sum / count) - (sum / count),ASSUMPTION: max wage is 3 STD (228) above the mean (629),1,control,0,0,1,"weekly_wage, weekly_wage_l4",income,Blended,Bureau of Labor Statistics,Employment and Wage by Industry &/or County
1,crane-2024,all,wage_l4_ln,ln(average_weekly_wage_l4),log sum / count,ASSUMPTION: max wage is 3 STD (198) above the mean (553),1,control,0,0,1,"weekly_wage, weekly_wage_l4",income,Blended,Bureau of Labor Statistics,Employment and Wage by Industry &/or County
1,crane-2024,all,unemp_rate_l4,,count / count,ASSUMPTION labor force is the entire county pop,1,control,0,0,,"pop_l4, unemp_l4 ",employment/occupation,Blended,Bureau of Labor Statistics,County Unemployment
1,crane-2024,all,white_ratio_d,white_ratio-white_ratio_l4,count / count - count / count,,1,control,0,0,,"tot_pop, tot_pop_l4, pop_white, pop_white_l4",race/ethnicity,Census,Census Bureau,County Age and Race
1,crane-2024,all,white_ratio_l4,pop_white/tot_pop,count / count,,1,control,0,0,,"pop_white_l4, tot_pop_l4",race/ethnicity,Census,Census Bureau,County Age and Race
1,crane-2024,all,hispanic_ratio_d,hispanic_ratio-hispanic_ratio_l4,count / count - count / count,,1,control,0,0,,"tot_pop, tot_pop_l4, pop_hispanic, pop_hispanic_l4",race/ethnicity,Census,Census Bureau,County Age and Race
1,crane-2024,all,hispanic_ratio_l4,pop_hispanic/tot_pop,count / count,,1,control,0,0,,"tot_pop_l4, pop_hispanic_l4",race/ethnicity,Census,Census Bureau,County Age and Race
1,crane-2024,all,black_ratio_d,black_ratio-black_ratio_l4,count / count - count / count,,1,control,0,0,,"tot_pop, tot_pop_l4, pop_black, pop_black_l4",race/ethnicity,Census,Census Bureau,County Age and Race
1,crane-2024,all,black_ratio_l4,pop_black/tot_pop,count / count,,1,control,0,0,,"tot_pop_l4, pop_black_l4",race/ethnicity,Census,Census Bureau,County Age and Race
1,crane-2024,all,under20_ratio_l4,,count / count,,1,control,0,0,,"tot_pop_l4, pop_under20_l4",age,Census,Census Bureau,County Age and Race
1,crane-2024,all,under20_ratio_d,under20_ratio-under20_ratio_l4,count / count - count / count,,1,control,0,0,,"tot_pop, tot_pop_l4, pop_under20, pop_under20_l4",age,Census,Census Bureau,County Age and Race
1,crane-2024,all,above65_ratio_l4,,count / count,,1,control,0,0,,"tot_pop_l4, pop_above65_l4",age,Census,Census Bureau,County Age and Race
1,crane-2024,all,above65_ratio_d,above65_ratio-above65_ratio_l4,count / count - count / count,,1,control,0,0,,"tot_pop, tot_pop_l4, pop_above65, pop_above65_l4",age,Census,Census Bureau,County Age and Race
1,crane-2024,all,poppct_urban1990,,count / count,,1,subset,0,0,,pop_urban1990,urban/suburban/rural,Census,Census Bureau,Urban & Rural Population
1,crane-2024,all,poppct_urban2010,,count / count,,1,subset,0,0,,pop_urban2010,urban/suburban/rural,Census,Census Bureau,Urban & Rural Population
1,crane-2024,all,pop_d,,count - count,,1,control,0,0,,"pop, pop_l4",population,Blended,Bureau of Economic Analysis,County Income and Population
1,crane-2024,all,pop_l4_ln,,log count,,1,control,0,0,,pop_l4,population,Blended,Bureau of Economic Analysis,County Income and Population
1,williams-2022,"lynchcapitamob-Blackrate_regvoters, lynchcapitamob-Blackrate_regvoters2",Blackrate_regvoters,Blackrate_regvoters = register_black/Black_POP*100,count / count,,1,dep,0,0,,"Black_POP, register_black","ballot, race/ethnicity",Blended,"Secretaries of State in AL, FL, GA, LA, NC, SC; National Cancer Institute","Surveillance, Epidemiology, and End Results Program (SEER)"
1,williams-2022,lynchcapitawhite-Whiterate_regvoters,Whiterate_regvoters,Whiterate_regvoters = register_white/White_POP*100,count / count,,1,dep,0,0,,"White_POP, register_white","ballot, race/ethnicity",Blended,"Secretaries of State in AL, FL, GA, LA, NC, SC; National Cancer Institute","Surveillance, Epidemiology, and End Results Program (SEER)"
1,williams-2022,lynchcapitamob-Blackrate_regvoters2,incarceration_2010,incarceration rate of blacks per 10k pop,,"can't do this one, black pop doesn't exist in this file",0,,0,0,,,"crime, race/ethnicity",Blended,Vera Institute of Justice,Incarceration Trends
1,williams-2022,lynchcapitamob-Blackrate_regvoters2,pollscapita,(polls/Total_POP_2010)*10000,count / count,,1,control,0,0,,"h7x002, h7x003, polls",ballot,Blended,"Secretaries of State in AL, FL, GA, LA, NC, SC; National Cancer Institute","Surveillance, Epidemiology, and End Results Program (SEER)"
1,williams-2022,lynchcapitamob-Blackrate_regvoters2,Black_beyondhs,proportion with some college,sum of counts / sum of counts,,1,control,0,0,,"grw018, grw019, grw020, grw021, grw022, grw023, grw024, grw025, grw026, grw027, grw028","race/ethnicity, education",Survey,IPUMS,National Historical Geographic Information System (NHGIS)
1,williams-2022,lynchcapitamob-Blackrate_regvoters2,Black_avgage,median age of blacks,median,NOTE: assuming age can be at most 120; then median has global sensitivity 60,1,control,0,0,,Black_avgage,"race/ethnicity, age",Survey,IPUMS,National Historical Geographic Information System (NHGIS)
1,williams-2022,lynchcapitamob-Blackrate_regvoters2,Black_Earnings,monthly earnings of Blacks,,"can't do this one, black pop doesn't exist in this file",0,control,0,0,,,"race/ethnicity, income",Blended,Census Bureau,Earnings Quarterly Workforce Indicators
1,williams-2022,lynchcapitamob-Blackrate_regvoters2,share_maritalblacks,(j0ye004 + j0ye005 + j0ye010 + j0ye011)/j0ye001;,sum of counts / count,,1,control,0,0,,"j0ye004, j0ye005, j0ye010, j0ye011, j0ye001",,Blended,IPUMS,National Historical Geographic Information System (NHGIS)
1,williams-2022,"lynchcapitamob-Blackrate_regvoters, lynchcapitamob-Blackrate_regvoters2",lynchcapitamob,,,"1900 census, not considered necessary to implement",0,ind,0,0,,"POP_1900_NHGIS, lynchingmob",,,Historical American Lynching Data Collection Project,
1,williams-2022,lynchcapitawhite-Whiterate_regvoters,lynchcapitawhite,,,"1900 census, not implemented",0,ind,0,0,,lynchingmobwhite,,,Historical American Lynching Data Collection Project,
1,williams-2022,all,Black_share_illiterate,,,"1910 census, not implemented",0,control,0,0,,"Black_illiterate, Black_votingage",,,IPUMS,National Historical Geographic Information System (NHGIS)
1,jack-2023,all,participate_denom,denominator used to calculate participation rate (Grades 3-8 enrollment counts),count,,1,control,0,0,,participate_denom,age,Administrative,Multiple state sources,
1,jack-2023,all,participation,test participation rate,count / count,,1,control,0,0,,participation_num,"age, education",Administrative,Multiple state sources,
1,jack-2023,all,pass,average pass rate across grades weighted by enrollment,count / count,,1,dep,0,0,,"pass_num, participation_num","age, education",Administrative,Multiple state sources,
1,jack-2023,all,share_white,share of students who are white calculated from NCES data,count / count,,1,control,0,0,,"white, EnrollmentTotal","age, race/ethnicity",Administrative,National Center for Education Statistics,Common Core of Data
1,jack-2023,all,share_black,share of students who are Black calculated from NCES data,count / count,,1,control,0,0,,"black, EnrollmentTotal","age, race/ethnicity",Administrative,National Center for Education Statistics,Common Core of Data
1,jack-2023,all,share_hisp,share of students who are Hispanic calculated from NCES data,count / count,,1,control,0,0,,"hisp, EnrollmentTotal","age, race/ethnicity",Administrative,National Center for Education Statistics,Common Core of Data
1,jack-2023,all,share_lunch_updated,share of students who received free and reduced price lunch (FRPL),count / count,,1,control,0,0,,"lunch_updated, EnrollmentTotal","age, income",Administrative,National Center for Education Statistics,Common Core of Data
1,jack-2023,all,share_ELL_updated,share of students who are english language learners (ELL) calculated from NCES,count / count,,1,control,0,0,,"ELL_updated, EnrollmentTotal","age, race/ethnicity",Administrative,National Center for Education Statistics,Common Core of Data
1,jack-2023,all,EnrollmentTotal,student enrollment counts from the NCES data,count,,1,weights,0,0,,EnrollmentTotal,age,Administrative,National Center for Education Statistics,Common Core of Data
1,jack-2023,all,unemployment,county-level unemployment rates from the Bureau of Labor Statistics,count / count,"missing county pop, so can't do sensitivity analysis",0,control,0,0,,,employment/occupation,Blended,Bureau of Labor Statistics,County-level Unemployment Data
1,jack-2023,"black_yr_ip-math, black_yr_ip-ela",c_black_yr_ip,share_`var'*inperson_2021,count / count * count / count,,1,control,1,0,,"black, EnrollmentTotal","age, race/ethnicity",Administrative,National Center for Education Statistics,Common Core of Data
1,jack-2023,"black_yr_ip-math, black_yr_ip-ela",c_black_yr_hybrid,share_`var'*hybrid_2021,count / count * count / count,,1,control,1,0,,"black, EnrollmentTotal","age, race/ethnicity",Administrative,National Center for Education Statistics,Common Core of Data
1,jack-2023,"black_yr_ip-math, black_yr_ip-ela",c_black_ip,share_`var' * share_inperson,count / count * count / count,,1,control,1,0,,"black, EnrollmentTotal","age, race/ethnicity",Administrative,National Center for Education Statistics,Common Core of Data
1,jack-2023,"black_yr_ip-math, black_yr_ip-ela",c_black_hybrid,share_`var'*share_hybrid,count / count * count / count,,1,control,1,0,,"black, EnrollmentTotal","age, race/ethnicity",Administrative,National Center for Education Statistics,Common Core of Data
1,jack-2023,"hisp_yr_ip-math, hisp_yr_ip-ela",c_hisp_yr_ip,share_`var'*inperson_2021,count / count * count / count,,1,control,1,0,,"hisp, EnrollmentTotal","age, race/ethnicity",Administrative,National Center for Education Statistics,Common Core of Data
1,jack-2023,"hisp_yr_ip-math, hisp_yr_ip-ela",c_hisp_yr_hybrid,share_`var'*hybrid_2021,count / count * count / count,,1,control,1,0,,"hisp, EnrollmentTotal","age, race/ethnicity",Administrative,National Center for Education Statistics,Common Core of Data
1,jack-2023,"hisp_yr_ip-math, hisp_yr_ip-ela",c_hisp_ip,share_`var' * share_inperson,count / count * count / count,,1,control,1,0,,"hisp, EnrollmentTotal","age, race/ethnicity",Administrative,National Center for Education Statistics,Common Core of Data
1,jack-2023,"hisp_yr_ip-math, hisp_yr_ip-ela",c_hisp_hybrid,share_`var'*share_hybrid,count / count * count / count,,1,control,1,0,,"hisp, EnrollmentTotal","age, race/ethnicity",Administrative,National Center for Education Statistics,Common Core of Data
1,dieterle-2020,ln_ui-ln_unemp,ln_unemp,ln_unemp=ln(unemp_r),log (count / count),,1,dep,0,0,,"emppop, unemp",employment/occupation,Estimates,Bureau of Labor Statistics,Local Area Unemployment Statistics (LAUS)
1,dieterle-2020,ln_ui_res_1-ln_unemp,ln_unemp_res_1,wgt=POP10_TOTAL/_b[POP10_TOTAL],regression,,1,dep,0,0,,"emppop, unemp",employment/occupation,Estimates,Bureau of Labor Statistics,Local Area Unemployment Statistics (LAUS)
1,dieterle-2020,all,wgt,wgt=POP10_TOTAL/_b[POP10_TOTAL],regression,"POP10 not provided, can't compute sensitivity",0,weights,0,0,,,population,,,
1,martinez-2014,all,perc_ruralHH_1996,percentage of HH whose main occupation is in aggriculture,count / count,"assumption: protecting at household level, not individual level",1,control,0,0,,"num_HH_1996, num_HH_rural_1996",employment/occupation,Census,Potensi Desa,Census of Villages
1,martinez-2014,all,perc_ruralHH_1996_2,perc_ruralHH_1996^2,(count / count) ** 2,"assumption: protecting at household level, not individual level",1,control,0,0,,"num_HH_1996, num_HH_rural_1996",employment/occupation,Census,Potensi Desa,Census of Villages
1,martinez-2014,all,perc_ruralHH_1996_3,perc_ruralHH_1996^3,(count / count) ** 3,"assumption: protecting at household level, not individual level",1,control,0,0,,"num_HH_1996, num_HH_rural_1996",employment/occupation,Census,Potensi Desa,Census of Villages
1,martinez-2014,all,perc_ruralHH_1996_4,perc_ruralHH_1996^4,(count / count) ** 4,"assumption: protecting at household level, not individual level",1,control,0,0,,"num_HH_1996, num_HH_rural_1996",employment/occupation,Census,Potensi Desa,Census of Villages
1,martinez-2014,all,lpopulation_1996,log number of population in the village 1996,log count,,1,control,0,0,,population_1996,population,Census,Potensi Desa,Census of Villages
1,martinez-2014,all,lpopulation_1996_2,lpopulation_1996^2,(log count) ** 2,,1,control,0,0,,population_1996,population,Census,Potensi Desa,Census of Villages
1,martinez-2014,all,lpopulation_1996_3,lpopulation_1996^3,(log count) ** 3,,1,control,0,0,,population_1996,population,Census,Potensi Desa,Census of Villages
1,martinez-2014,all,lpopulation_1996_4,lpopulation_1996^4,(log count) ** 4,,1,control,0,0,,population_1996,population,Census,Potensi Desa,Census of Villages
1,martinez-2014,all,popdensity_1996,population density (# people/ha),count / invariant,,1,control,0,0,,population_1996,population,Census,Potensi Desa,Census of Villages
1,martinez-2014,all,mosqueph_1996,"number of mosques per 1,000 people",invariant / count,,1,control,0,0,,population_1996,population,Census,Potensi Desa,Census of Villages
1,martinez-2014,all,prayerhouseph_1996,"number of prayer houses per 1,000 people",invariant / count,,1,control,0,0,,population_1996,population,Census,Potensi Desa,Census of Villages
1,martinez-2014,all,churchesph_1996,"number of churches per 1,000 people",invariant / count,,1,control,0,0,,population_1996,population,Census,Potensi Desa,Census of Villages
1,martinez-2014,all,viharaph_1996,"number of Buddhist temples per 1,000 people",invariant / count,,1,control,0,0,,population_1996,population,Census,Potensi Desa,Census of Villages
1,martinez-2014,all,num_TVs_1996_pc,"number of TVs per 1,000 people",invariant / count,,1,control,0,0,,population_1996,population,Census,Potensi Desa,Census of Villages
1,martinez-2014,all,num_hospitals_1996_pc,"number of hospitals per 1,000 people",invariant / count,,1,control,0,0,,population_1996,population,Census,Potensi Desa,Census of Villages
1,martinez-2014,all,num_maternhosp_1996_pc,"number of maternity hospitals per 1,000 people",invariant / count,,1,control,0,0,,population_1996,population,Census,Potensi Desa,Census of Villages
1,martinez-2014,all,num_polyclinic_1996_pc,"number of polyclinic per 1,000 people",invariant / count,,1,control,0,0,,population_1996,population,Census,Potensi Desa,Census of Villages
1,martinez-2014,all,num_puskesmas_1996_pc,"number of puskesmas per 1,000 people",invariant / count,,1,control,0,0,,population_1996,population,Census,Potensi Desa,Census of Villages
1,martinez-2014,all,num_kindgarden_1996_pc,"number of kinder garten per 1,000 people",invariant / count,,1,control,0,0,,population_1996,population,Census,Potensi Desa,Census of Villages
1,martinez-2014,all,num_primarysch_1996_pc,"number of primary School per 1,000 people",invariant / count,,1,control,0,0,,population_1996,population,Census,Potensi Desa,Census of Villages
1,martinez-2014,all,num_HS_1996_pc,"number of High School per 1,000 people",invariant / count,,1,control,0,0,,population_1996,population,Census,Potensi Desa,Census of Villages
1,dias-2023,glyph_soy_upstream-IMR,IMR,infant mortality rate,count / count,,1,dep,0,0,,"baby_death, births",medical,Administrative,Brazilian Ministry of Health,Birth and Mortality Database
1,dias-2023,glyph_soy_upstream-IMR,l_gdppc,Log of GDP per capita,log (invariant / count),,1,control,0,0,,population,population,Census,Brazilian Institute of Geography and Statistics,
1,dias-2023,glyph_soy_upstream-IMR,hospital_beds_pc,Hospital beds per capita?,invariant / count,,1,control,0,0,,population,population,Census,Brazilian Institute of Geography and Statistics,
1,dias-2023,glyph_soy_upstream-IMR,coverage_psf,Covered by family health program,count / count,,1,control,0,0,,"population, psf",medical,Administrative,Brazilian Ministry of Health,DataSUS
1,dias-2023,glyph_soy_upstream-IMR,coverage_pbf,Covered by family health program,count / count,,1,control,0,0,,"population, pbf",medical,Administrative,Brazilian Ministry of Health,DataSUS
1,dias-2023,glyph_soy_upstream-IMR,weight,mean number of births over entire sample period,count / sum(count),,1,weights,0,0,,births,medical,Census,Brazilian Institute of Geography and Statistics,
1,kofi-2018,"earnings-SSDI, employment-SSDI",log_real_ssdi,social security disability benefits payments,log (sum / invariant),assuming ssdi payments per person capped at 10970 annually https://evansdisability.com/blog/social-security-disability-benefits-pay-chart/,1,dep,0,0,,ssdisab,income,Administrative,Social Security Administration,OASDI Beneficiaries by State and County
1,kofi-2018,"earnings-SSI, employment-SSI",log_real_ssi,supplemental security income payments,log (sum / invariant),"assuming max monthly ssi payment was 750 for an individual, times 12 months https://www.ssa.gov/oact/cola/SSIamts.html",1,dep,0,0,,ssi,income,Administrative,Social Security Administration,OASDI Beneficiaries by State and County
1,kofi-2018,"earnings-SSDI, earnings-SSI",log_real_earn,log real total county earnings in thousands of dollars?,log (sum / invariant),,1,instrumented,0,0,,earn,income,Blended,Bureau of Economic Analysis,Regional Economic Information System
1,kofi-2018,"employment-SSDI, employment-SSI",log_emp,log count of employees?,log count,,1,instrumented,0,0,,emp,employment/occupation,Blended,Bureau of Economic Analysis,Regional Economic Information System
1,kofi-2018,all,manufact_earn_share_1969,fraction of earnings from manufacturing in 1969,sum / sum,"assuming units of thousands of dollars (usually what BEA uses); assuming earnings capped at 500,000",1,control,0,0,,manearn,income,Blended,Bureau of Economic Analysis,Regional Economic Information System
1,kofi-2018,all,pop,population,count,,1,weights,0,0,,pop,population,Blended,Bureau of Economic Analysis,Regional Economic Information System
1,kofi-2018,all,log_pop,log population,log count,,1,control,0,0,,pop,population,Blended,Bureau of Economic Analysis,Regional Economic Information System
1,boulware-2019,all,race_rate,Number of race-based discrimination charges / 1000 workers,count / count,,1,dep,0,0,,"race, lf7, lf13",race/ethnicity,Administrative,US Equal Employment Opportunity Commission,
1,bernecker-2021,all,pop_1000,population /1000,count,,1,control,0,0,,pop_1000,population,Blended,Census Bureau,Statistical Abstract of the United States
1,bernecker-2021,all,aged,%population 65 and older,count / count,,1,control,0,0,,"n_aged, pop_1000",age,Blended,Census Bureau,Statistical Abstract of the United States
1,bernecker-2021,all,kids,%population under 18,count / count,,1,control,0,0,,"n_kids, pop_1000",age,Blended,Census Bureau,Statistical Abstract of the United States
1,mocan-2010,"recession_property, recovery_property",rpropert,"property crime rate per 100,000 population",count / count,,1,dep,0,0,,"n_rpropert, pop",crime,Administrative,Federal Bureau of Investigation,Uniform Crime Reports (UCR)
1,mocan-2010,"recession_violent, recovery_violent",violent,"violent crime rate per 100,000 population",count / count,,1,dep,0,0,,"n_violent, pop",crime,Administrative,Federal Bureau of Investigation,Uniform Crime Reports (UCR)
1,mocan-2010,all,prisrat,prisoners/population,count / count,,1,control,0,0,,"n_prisrat, pop",crime,Administrative,Bureau of Justice Statistics,
1,mocan-2010,all,perwhite,,count / count,,1,control,0,0,,"n_perwhite, pop",race/ethnicity,Census,Census Bureau,
1,mocan-2010,all,perblack,,count / count,,1,control,0,0,,"n_perblack, pop",race/ethnicity,Census,Census Bureau,
1,mocan-2010,all,perhisp,,count / count,,1,control,0,0,,"n_perhisp, pop",race/ethnicity,Census,Census Bureau,
1,mocan-2010,all,perpopurban,,count / count,,1,control,0,0,,"n_perpopurban, pop",population,Census,Census Bureau,
1,mocan-2010,all,beerrat,per capita beer consumption in the state,invariant / count,,1,control,0,0,,pop,population,Census,Census Bureau,
1,mocan-2010,all,ppop15_19,% 15-19 year olds,count / count,,1,control,0,0,,"n_ppop15_19, pop",age,Census,Census Bureau,
1,mocan-2010,all,ppop20_24,% 20-24 year,count / count,,1,control,0,0,,"n_ppop20_24, pop",age,Census,Census Bureau,
1,mocan-2010,all,ppop25_34,% 25-34,count / count,,1,control,0,0,,"n_ppop25_34, pop",age,Census,Census Bureau,
1,mocan-2010,all,ppop35_44,% 35-44,count / count,,1,control,0,0,,"n_ppop35_44, pop",age,Census,Census Bureau,
1,mocan-2010,all,ppop45_54,% 45-54,count / count,,1,control,0,0,,"n_ppop45_54, pop",age,Census,Census Bureau,
1,mocan-2010,all,pop,population,count,,1,weights,0,0,,pop,population,Census,Census Bureau,
1,mocan-2010,all,urplus,unemployment rate if greater than last year; otherwise 0,count / count,,0,ind,0,0,,,employment/occupation,Survey,Census Bureau,
1,mocan-2010,all,urminus,unemployment rate if less than last year; otherwise 0,count / count,,0,ind,0,0,,,employment/occupation,Survey,Census Bureau,
1,chodorow-2012,all,gdp_pc,GDP per capita divided by 10000,invariant / count,,1,control,0,0,,pop16plus,population,Blended,BLS,Current Employment Statistics
1,chodorow-2012,all,per_empl_manu_10000,per_empl_manu/10000,count / count,not enough information for DP --- missing total # employees,0,control,0,0,,,,Survey,BLS,Current Employment Statistics
1,chodorow-2012,all,popestimate2008_bil,population estimate 2008 in billions,count,,1,control,0,0,,pop16plus,population,Blended,BLS,Current Employment Statistics
1,bove-2017,all,PovertyPercentAllAges,Poverty Rate,count / count,created var poverty_denominator = PoveryEstimateAllAges / PovertyPercentAllAges * 100,1,control,0,0,,"poverty_denominator, PovertyEstimateAllAges",income,Blended,Census Bureau,
1,bove-2017,all,lMedian,Log Median Income,log count,"reconstructing lMedian = log (MedianHouseholdIncome); assuming household income clipped at 1,000,000",1,control,0,0,,MedianHouseholdIncome,income,Blended,Census Bureau,
1,bove-2017,all,Unempl_Rate,Unemployment rate,count / count,created var Unemployment = Unempl_Rate * Laborforce / 100,1,control,0,0,,"Unemployment, Laborforce",employment/occupation,Survey,Department of Labor,
1,bove-2017,all,lpop,log population,log count,reconstructed lpop = log (pop),1,control,0,0,,pop,population,Blended,Census Bureau,
1,bove-2017,all,sharemale,Share Males,count / count,reconstructing share* = * / pop_age_sum,1,control,0,0,,"pop_age_sum, male",race/ethnicity,Blended,Census Bureau,
1,bove-2017,all,shareblack,Share Blacks,count / count,reconstructing share* = * / pop_age_sum,1,control,0,0,,"pop_age_sum, black",race/ethnicity,Blended,Census Bureau,
1,bove-2017,all,shareage1519,Share Age 15-19,count / count,reconstructing share* = * / pop_age_sum,1,control,0,0,,"pop_age_sum, age1519",age,Blended,Census Bureau,
1,bove-2017,all,shareage2024,Share Age 20-24,count / count,reconstructing share* = * / pop_age_sum,1,control,0,0,,"pop_age_sum, age2024",age,Blended,Census Bureau,
1,bove-2017,all,shareage2529,Share Age 25-29,count / count,reconstructing share* = * / pop_age_sum,1,control,0,0,,"pop_age_sum, age2529",age,Blended,Census Bureau,
1,bove-2017,all,shareage3034,Share Age 30-34,count / count,reconstructing share* = * / pop_age_sum,1,control,0,0,,"pop_age_sum, age3034",age,Blended,Census Bureau,
1,bove-2017,military-crime,crime,Crime Rate per 100k,count / count,reconstructed crime = sum(subcrimes) / pop * 100000,1,dep,0,0,,"rmurder, rrobbery, rassault, rburglary, rlarceny, rmvtheft ",crime,Administrative,Federal Bureau of Investigation,Uniform Crime Reports (UCR)
1,bove-2017,military-crime,murder,Murder Rate per 100k,count / count,reconstructed * = r* / pop,1,dep,0,0,,"rmurder, pop",crime,Administrative,Federal Bureau of Investigation,Uniform Crime Reports (UCR)
1,bove-2017,military-crime,robbery,Robbery Rate per 100k,count / count,reconstructed * = r* / pop,1,dep,0,0,,"rrobbery, pop",crime,Administrative,Federal Bureau of Investigation,Uniform Crime Reports (UCR)
1,bove-2017,military-crime,assault,Assault Rate per 100k,count / count,reconstructed * = r* / pop,1,dep,0,0,,"rassault, pop",crime,Administrative,Federal Bureau of Investigation,Uniform Crime Reports (UCR)
1,bove-2017,military-crime,burglary,Burglary Rate per 100k,count / count,reconstructed * = r* / pop,1,dep,0,0,,"rburglary, pop",crime,Administrative,Federal Bureau of Investigation,Uniform Crime Reports (UCR)
1,bove-2017,"military-crime, military-larceny",larceny,Larceny Rate  per 100k,count / count,reconstructed * = r* / pop,1,dep,0,0,,"rlarceny, pop",crime,Administrative,Federal Bureau of Investigation,Uniform Crime Reports (UCR)
1,bove-2017,"military-crime, military-vehicle",mvtheft,Motor vehicle theft rate per 100k,count / count,reconstructed * = r* / pop,1,dep,0,0,,"rmvtheft, pop",crime,Administrative,Federal Bureau of Investigation,Uniform Crime Reports (UCR)
1,maestas-2014,all,wapop,working age population?,count,,1,weights,0,0,,wapop,employment/occupation,Blended,Census Bureau,
1,maestas-2014,all,allapps,Applications per 1000 working age residents,count / count,NOTE: created var allapps_total = allapps * wapop / 1000,1,dep,0,0,,"allapps_total, wapop",income,Administrative,Social Security Administration,
1,maestas-2014,all,ue,local unemployment rate * 100,count / count,NOTE: created var unemployed = ue * wapop / 100,1,control,0,0,,"unemployed, wapop",employment/occupation,Survey,BLS,
1,maestas-2014,"reform-highcounty08, reform-lowcounty07, reform-lowcounty08, reform-lowssi07, reform-lowssi08, reform-lowssdi08",DIonly,DI applications per 1000 working age residents,count / count,NOTE: created var DIonly_total = DIonly * wapop / 1000,1,dep,0,0,,"DIonly_total, wapop",income,Administrative,Social Security Administration,
1,maestas-2014,"reform-highcounty08, reform-lowcounty07, reform-lowcounty08, reform-lowssi07, reform-lowssi08, reform-lowssdi08",SSItotal,SSI applications per 1000 working age residents,count / count,NOTE: created var SSItotal = SSIonly * wapop / 1000,1,dep,0,0,,"SSItotal_total, wapop",income,Administrative,Social Security Administration,
1,maestas-2014,"reform-highcounty08, reform-lowcounty07, reform-lowcounty08, reform-lowssi07, reform-lowssi08, reform-lowssdi08",SSDItotal,SSDI applications per 1000 working age residents,count / count,NOTE: created var SSDItotal = SSDIonly * wapop / 1000,1,dep,0,0,,"SSDItotal_total, wapop",income,Administrative,Social Security Administration,
1,maestas-2014,"reform-highcounty08, reform-lowcounty07, reform-lowcounty08, reform-lowssi07, reform-lowssi08, reform-lowssdi08",lowHI,health insurance coverage rate < 88%,,"NOTE: cannot noise, don't know the county population",0,subset,0,0,,,medical,Estimates,Census Bureau,Small Area Health Insurance Estimates
1,dickstein-2015,"bundle-insurer, bundle-premium",Median,"Median HH income ($1,000)",median,"assuming max household income 500,000",1,control,0,0,,Median,income,Blended,Census Bureau,Area Health Resource Files (AHRF)
1,dickstein-2015,"population-insurer, population-premium",MedianIncome,"Median HH income ($1,000)",median,"assuming max household income 500,000",1,control,0,0,,MedianIncome,income,Blended,Census Bureau,Area Health Resource Files (AHRF)
1,dickstein-2015,all,Inc_25k_100k,% of HH with income between $25k and $100k,count / count,"# of HHs not provided, not enough info for DP",0,control,0,0,,Inc_25k_100k,,Blended,Census Bureau,Area Health Resource Files (AHRF)
1,dickstein-2015,all,relold,Fraction of 18-64 year-old population aged 40-64,count / count,created var persons1864yrs2010_n = persons1864yrs2010 * 1000; created var old = persons1864yrs2010_n * relold,1,control,0,0,,"old, persons1864yrs2010_n",age,Blended,Census Bureau,Area Health Resource Files (AHRF)
1,dickstein-2015,"bundle-insurer, bundle-premium",smallem,% Working for Small Employer,count / count,"not noised, we don't know # employees",0,control,0,0,,,,Survey,Census Bureau,County Business Patterns
1,dickstein-2015,"bundle-insurer, bundle-premium",Gr,Counties grouped by demographics,categorical,"could not noise; not constructed, could not reconstruct",0,ind,0,0,,,,Blended,Census Bureau,Area Health Resource Files (AHRF)
1,dickstein-2015,"population-insurer, population-premium",logPop,Log Population in thousands,log count,created var pop = exp(logPop) * 1000,1,ind,0,0,,pop,population,Blended,Census Bureau,Area Health Resource Files (AHRF)
1,dickstein-2015,"population-insurer, population-premium",Urban,Proportion population Urban,count / count,created var Urban_n = Urban * pop,1,control,0,0,,"Urban_n, pop",urban/surburban/rural,Blended,Census Bureau,Area Health Resource Files (AHRF)
1,dickstein-2015,"population-insurer, population-premium",Urbsq,Urban squared,(count / count) ^ 2,reconstructed from Urban,1,control,0,0,,"Urban_n, pop",urban/surburban/rural,Blended,Census Bureau,Area Health Resource Files (AHRF)
1,dickstein-2015,"population-insurer, population-premium",smallfirm,Proportion of employees in small establishments,count / count,"not noised, we don't know # employees",0,control,0,0,,,,Survey,Census Bureau,County Business Patterns
1,topalova-2010,all,n,Number of households in district,count,,1,weights,0,0,,n,population,Survey,Indian Ministry of Statistics and Program Implementation,Indian National Sample Surveys (NSS)
1,topalova-2010,"tariff-ruralexpense, tariff-urbanexpense",logmean,Log Per Capita Consumption,log (count / count),assuming household expenditure max mean + 3*std,1,dep,0,0,1,"consumption, n",income,Survey,Indian Ministry of Statistics and Program Implementation,Indian National Sample Surveys (NSS)
1,topalova-2010,"tariff-ruralpoverty, tariff-urbanpoverty",inpov,Poverty rate,count / count,created var inpov_n = n * inpov,1,dep,0,0,,"inpov_n, n",income,Survey,Indian Ministry of Statistics and Program Implementation,Indian National Sample Surveys (NSS)
1,topalova-2010,"tariff-ruralexpense, tariff-urbanexpense",pcnt_litpost,Share employment,count / count,"# employees not available, so can't add DP noise",0,control,0,0,,,,Census,Census of India,Indian Census of 1991
1,topalova-2010,"tariff-ruralexpense, tariff-urbanexpense",pcnt_scstpost,Share employment,count / count,"# employees not available, so can't add DP noise",0,control,0,0,,,,Census,Census of India,Indian Census of 1991
1,topalova-2010,"tariff-ruralexpense, tariff-urbanexpense",pcnt_mfgpost,Share employment,count / count,"# employees not available, so can't add DP noise",0,control,0,0,,,,Census,Census of India,Indian Census of 1991
1,topalova-2010,"tariff-ruralexpense, tariff-urbanexpense",pcnt_farmpost,Share employment,count / count,"# employees not available, so can't add DP noise",0,control,0,0,,,,Census,Census of India,Indian Census of 1991
1,topalova-2010,"tariff-ruralexpense, tariff-urbanexpense",pcnt_tradepost,Share employment,count / count,"# employees not available, so can't add DP noise",0,control,0,0,,,,Census,Census of India,Indian Census of 1991
1,topalova-2010,"tariff-ruralexpense, tariff-urbanexpense",pcnt_tranpost,Share employment,count / count,"# employees not available, so can't add DP noise",0,control,0,0,,,,Census,Census of India,Indian Census of 1991
1,topalova-2010,"tariff-ruralexpense, tariff-urbanexpense",pcnt_minpost,Share employment,count / count,"# employees not available, so can't add DP noise",0,control,0,0,,,,Census,Census of India,Indian Census of 1991
1,topalova-2010,"tariff-ruralexpense, tariff-urbanexpense",pcnt_servpost,Share employment,count / count,"# employees not available, so can't add DP noise",0,control,0,0,,,,Census,Census of India,Indian Census of 1991
1,guzman-2022,"edi-covidcase, edi_bmediancase, edi_amediancase",_case,Cumulative covid cases per county-day,count,,1,dep,0,0,,_case,medical,Blended,CDC (through USA Facts),
1,guzman-2022,"edi-coviddeath, edi_bmediandeath, edi_amediandeath",death,Cumulative covid deaths per county-day,count,,1,dep,0,0,,"death, pop",medical,Blended,CDC (through USA Facts),
1,guzman-2022,all,EHI,county-level ethnic diversity,complex,could not noise; my construction is slightly off,0,ind,0,0,,note:could not noise; my construction is slightly off,race/ethnicity,Survey,Census Bureau,American Community Survey
1,guzman-2022,"edi_bmediancase, edi_bmediandeath, edi_amediancase, edi_amediandeath",seg_index,White/non-white segregation index,??,not enough info about construction for DP sensitivity,0,subset,0,0,,note: not enough info about construction for DP sensitivity,race/ethnicity,Survey,Census Bureau,American Community Survey
1,bellego-2024,pacif-murder,ln2_p1_murder,log ((crime + 0.5) per capita),log (count / count),author constructed,1,dep,0,0,,"homicideintentional, bodyinjurydeathfollowed, robberydeathfollowed",crime,Administrative,Instituto de Seguranca Pública (ISP),
1,bellego-2024,pacif-robbery,ln2_p1_totalrobbery,log ((crime + 0.5) per capita),log (count / count),author constructed,1,dep,0,0,,totalrobbery,crime,Administrative,Instituto de Seguranca Pública (ISP),
1,bellego-2024,pacif-assult,ln2_p1_violencenokill,log ((crime + 0.5) per capita),log (count / count),author constructed,1,dep,0,0,,"bodyinjuryintentional, attemptedmurder",crime,Administrative,Instituto de Seguranca Pública (ISP),
1,bellego-2024,pacif-theft,ln2_p1_totaltheft,log ((crime + 0.5) per capita),log (count / count),author constructed,1,dep,0,0,,totaltheft,crime,Administrative,Instituto de Seguranca Pública (ISP),
1,bellego-2024,pacif-threat,ln2_p1_threat,log ((crime + 0.5) per capita),log (count / count),author constructed,1,dep,0,0,,threat,crime,Administrative,Instituto de Seguranca Pública (ISP),
1,luca-2015,all,pop,state population,count,,1,weights,0,0,,pop,population,Survey,Indian Ministry of Health and Family Welfare,Indian National Family Health Survey (NFHS)
1,luca-2015,prohibit-nonfatal,women_indexnf,"Reported non-fatal violence per 10,000 pop",count / count,created var n_women_indexnf = women_indexnf * pop / 10000,1,dep,0,0,,"n_women_indexnf, pop",crime,Administrative,Indian National Crime Records Bureau,
1,luca-2015,prohibit-fatal,women_indexf,"Reported fatal violence per 10,000 pop",count / count,created var n_women_indexf = women_indexf * pop / 10000,1,dep,0,0,,"n_women_indexf, pop",crime,Administrative,Indian National Crime Records Bureau,
1,luca-2015,prohibit-all,women_index,"Reported violence per 10,000 pop",count / count,created var n_women_index = women_index * pop / 10000,1,dep,0,0,,"n_women_index, pop",crime,Administrative,Indian National Crime Records Bureau,
1,luca-2015,all,literacy,literacy rate,count / count,created var n_literacy = literacy / 100 * pop,1,control,0,0,,"n_literacy, pop",literacy,Survey,Indian Ministry of Health and Family Welfare,Indian National Family Health Survey (NFHS)
1,luca-2015,all,urban,% of state pop in urban areas,count / count,created var n_urban = urban / 100 * pop,1,control,0,0,,"n_urban, pop",urban/surburban/rural,Survey,Indian Ministry of Health and Family Welfare,Indian National Family Health Survey (NFHS)
1,luca-2015,all,pcgdp,per capita GDP,invariant / count,created var n_pcgdp = pcgdp * pop,1,control,0,0,,"gdp, pop",population,Survey,Indian Ministry of Health and Family Welfare,Indian National Family Health Survey (NFHS)
1,luca-2015,all,unemp,unemployment rate,count / count,"labor force size missing, not enough info for DP",0,control,0,0,,unemp,employment/occupation,Survey,Indian Ministry of Health and Family Welfare,Indian National Family Health Survey (NFHS)
1,luca-2015,all,pcpolice,total police officers per 1000 state pop,count / count,created var n_pcpolice = pcpolice * pop / 1000,1,control,0,0,,"n_pcpolice, pop",employment/occupation,Administrative,Indian National Crime Records Bureau,
1,perez-2018,all,ann_unempl,annual unemployment,count,constructed by authors,1,ind,0,0,,value,employment/occupation,Blended,Census Bureau,Current Population Survey (CPS)
1,perez-2018,all,sim_mcd_elig,% Medicaid eligible,,"constructed from microdata, to complex to noise",0,,0,0,,,,Blended,Census Bureau,Current Population Survey (CPS)
1,glenn-2009,all,torder,orders of computer module,count,,1,dep,0,0,,torder,purchases,Administrative,Pricewatch,
1,glenn-2009,all,lpop00,log (Population),log count,reconstructing from pop00,1,control,0,0,,pop00,population,Census,Census Bureau,2000 Decennial Census
1,glenn-2009,all,homeintf,% households with home internet,count / count,"# hhs not included, not enough noise for DP",0,control,0,0,,homeintf,internet access,Survey,Census Bureau,
1,allison-2023,all,population,Population,count,,1,control,0,0,,population,population,Survey,Census Bureau,American Community Survey
1,allison-2023,all,pop2,Population squared,count ^ 2,reconstructed from population,1,control,0,0,,population,population,Survey,Census Bureau,American Community Survey
1,allison-2023,"arr_pblackxhprime, arr_pblack",arr_drugsale_spread,Drug sale arrest rate distance,(count - count) / (count - count),created vars arr_drugsale_* = arr_drugsale_*_p1k * population / 1000,1,dep,0,0,,"arr_drugsale_b, arr_drugsale_w, population",crime,Administrative,Federal Bureau of Investigation,Uniform Crime Reports (UCR)
1,allison-2023,all,phispanic,% hispanic,count / count,created vars arr_drugsale_* = arr_drugsale_*_p1k * population / 1000,1,control,0,0,,"nhispanic, population",race/ethnicity,Survey,Census Bureau,American Community Survey
1,allison-2023,all,pblack,% black,count / count,created vars arr_drugsale_* = arr_drugsale_*_p1k * population / 1000,1,ind,0,0,,"nblack, population",race/ethnicity,Survey,Census Bureau,American Community Survey
1,allison-2023,all,pwhite,% white,count / count,created vars arr_drugsale_* = arr_drugsale_*_p1k * population / 1000,1,subset,0,0,,"nwhite, population",race/ethnicity,Survey,Census Bureau,American Community Survey
1,allison-2023,all,pasian,% asian,count / count,created vars arr_drugsale_* = arr_drugsale_*_p1k * population / 1000,1,control,0,0,,"nasian, population",race/ethnicity,Survey,Census Bureau,American Community Survey
1,allison-2023,all,paian,% AI/AN,count / count,created vars arr_drugsale_* = arr_drugsale_*_p1k * population / 1000,1,control,0,0,,"naian, population",race/ethnicity,Survey,Census Bureau,American Community Survey
1,allison-2023,all,punemployed,% unemployed,count / count,created vars arr_drugsale_* = arr_drugsale_*_p1k * population / 1000,1,control,0,0,,"nunemployed, population",employment/occupation,Survey,Census Bureau,American Community Survey
1,allison-2023,all,pnohisdiploma,% no high school diploma,count / count,created vars arr_drugsale_* = arr_drugsale_*_p1k * population / 1000,1,control,0,0,,"nnohsdiploma, population",education,Survey,Census Bureau,American Community Survey
1,allison-2023,all,pbachelors,% bachelor's degree,count / count,created vars arr_drugsale_* = arr_drugsale_*_p1k * population / 1000,1,control,0,0,,"nbachelors, population",education,Survey,Census Bureau,American Community Survey
1,allison-2023,all,page65_up, % age 65 and up,count / count,created vars arr_drugsale_* = arr_drugsale_*_p1k * population / 1000,1,control,0,0,,"nage65_up, population",age,Survey,Census Bureau,American Community Survey
1,allison-2023,all,page0_24,% age 0-24,count / count,created vars arr_drugsale_* = arr_drugsale_*_p1k * population / 1000,1,control,0,0,,"nage0_24, population",age,Survey,Census Bureau,American Community Survey
1,allison-2023,all,pfemale,% female,count / count,created vars arr_drugsale_* = arr_drugsale_*_p1k * population / 1000,1,control,0,0,,"nfemale, population",sex/gender,Survey,Census Bureau,American Community Survey
1,allison-2023,all,medhhinc,"Median HH income ($1,000)",median,"assuming clipping at 500,000",1,control,0,0,,medhhinc,income,Survey,Census Bureau,American Community Survey
1,allison-2023,all,povertyrate,Poverty rate,count / count,assuming denominator is population; created var poverty = povertyrate * population,1,control,0,0,,"poverty, population",income,Survey,Census Bureau,American Community Survey
1,allison-2023,all,seg_thiel,Thiel segregation index,complex,tract-level data not included; not enough info for DP,0,control,0,0,,seg_thiel,race/ethnicity,Survey,Census Bureau,American Community Survey
1,allison-2023,all,hprime,(50th income %tile Black - 10th income %tile Black) / (50th income %tile White - 10th income %tile White),(count - count) / (count - count),not enough info to determine 10th percentiles; not enough info for DP,0,control,0,0,,"medhhinc_b, medhhinc_w","income, race/ethnicity",Survey,Census Bureau,American Community Survey
1,duquette-2018,all,lnpop,ln population (looks like in 1000s),count,created var pop = exp(lnpop),1,control,0,0,,pop,population,,,
1,duquette-2018,all,ln_c_styear,ln inflation-adjusted total itemized contributions divided by state population,log sum / count,created var c_styear = exp(ln_c_styear) * 1000 * pop; so let's assume income clipped at 500k; itemized contributions usually max 60%,1,dep,0,0,,"c_styear, pop",taxes,Administrative,Internal Revenue Service,Public Use Files
1,duquette-2018,all,ln_sht01_frank,ln_sht01_frank: ln Frank’s state-level share of income to top 1%,complex,not enough info for DP; need total income,0,ind,0,0,,ln_sht01_frank,income,Administrative,Internal Revenue Service,Statistics of Income
1,duquette-2018,all,lnur,ln unemployment rate,log (count / count),"labor force not available, not enough info for DP",0,control,0,0,,lnur,employment/occupation,,,
1,duquette-2018,all,lnrpcpi,ln real per capita personal income,log sum / count,"created var rpc = exp(lnrpcpi) * pop; assuming personal income at most 500,000",1,control,0,0,,"rpc, pop",income,Administrative,Internal Revenue Service,Public Use Files
1,duquette-2018,all,ln_gov,ln share of total government employees,log (count / count),"labor force not available, not enough info for DP",0,control,0,0,,ln_gov,employment/occupation,,,
1,duquette-2018,all,ln_t01,income of top 1% in that state-year in 2016 dollars,log sum / count,not sure how to privatize; heavy tail,0,control,0,0,,ln_t01,income,Administrative,Internal Revenue Service,Statistics of Income
1,duquette-2018,all,popsh,"could not reconsturct exaclty, not noised",count / sum,reconstructing from pop,0,weights,0,0,,pop,population,,,
1,dhaliwal-2020,all,k12ada,Total K-12 ADA (average daily attendance) in 2017-2018 school year,count / invariant,"at most, student could not attend every days, thus reducing average daily attendance by 1",1,weights,0,0,,k12ada,education,Administrative,California Department of Education,
1,buonanno-2013,"parson_diffincrime, parson_reverseinca",population,,count,,1,weights,0,0,,population,population,,,
1,buonanno-2013,"pardon_incarceration, parson_diffincrime, parson_reverseinca",incrate,monthly incarceration rate,count / count,reconstructed incrate = prisoners / population,1,dep,0,0,,"prisoners, prisoner_jail, population",crime,Administrative,Italian Ministero dell'Interno,
1,buonanno-2013,pardon_crime,crime2,"total monthly crimes per 100,000 residents",count / count,"pop must be left invariant, hard-coded",1,dep,0,0,,"crime_number, population",crime,Administrative,Italian Ministero dell'Interno,
1,buonanno-2013,"parson_diffincrime, parson_reverseinca",cdiff2,change in crime rate,count / count - count / count,,1,dep,0,0,,"crime_number, population",crime,Administrative,Italian Ministero dell'Interno,
1,buonanno-2013,"parson_diffincrime, parson_reverseinca",pardonrate,pardons per 100000,count / count,,1,ind,0,1,,"pardoned, population",crime,Administrative,Italian Ministero della Giustizia,
1,buonanno-2013,parson_reverseinca,pardonincrate,pardons * l.incrate,count / count * count / count,,1,control,1,0,,"pardoned, prisoner_jail, population",crime,Administrative,Italian Ministero della Giustizia,
1,buonanno-2013,parson_reverseinca,crate,"crime rate per 100,000",count / count,,1,control,0,0,,"crime_number, population",crime,Administrative,Italian Ministero dell'Interno,
1,strain-2023,all,statepop_2554,State Population Ages 25-54,count,,1,weights,0,1,,statepop_2554,population,Survey,Census Bureau,Current Population Survey (CPS)
1,strain-2023,fpucandpua-emp,epop_cps_2554,employment population ratio CPS Ages 25-54,count / count,reconstructed epop_cps_2554 = totemp_2554 / statepop_2554,1,dep,0,1,,"totemp_2554, statepop_2554",employment/occupation,Survey,Census Bureau,Current Population Survey (CPS)
1,strain-2023,fpucandpua-unemp,ur_cps_2554,unemployment rate CPS Ages 25-54,count / count,reconstructed totlabforce_2554 = totemp_2554 + totunemp_2554; reconstructed ur_cps_2554 = totunemp_2554 / totlabforce_2554,1,dep,0,1,,"totunemp_2554, totemp_2554",employment/occupation,Survey,Census Bureau,Current Population Survey (CPS)
1,strain-2023,ur_cps_2554,lnnewcases,Ln New Monthly State Covid-19 Cases,log count,assuming a person can get COVID at most twice per month; created new var newcasese = exp(lnnewcases),1,control,0,1,,newcases,medical,Blended,Oxford,Covid-19 Government Response Tracker
1,ajzenman-2023,"dmigr-concern, dmigr-crime",hombre,% male,count / invariant,"created var n_hombre = hombre * expc; not noising denominator, since this is some sort of expansion factor, leaving invariant",1,control,0,1,,"n_hombre, expc",sex/gender,Administrative,Chilean Department of State,
1,ajzenman-2023,"dmigr-concern, dmigr-crime",deltaimm,Log change of immigrants divided by population,complex,"imm* not included, not enough info for DP",0,instrumented,0,1,,deltaimm_instr,immigration,Administrative,Chilean Department of State,
1,ajzenman-2023,"dmigr-concern, dmigr-crime",deltaimm_instr,predicted log change in the immigrant-to-population ratio in each municipality,complex,"imm* not included, not enough info for DP",0,instrument,0,1,,deltaimm_instr,immigration,Administrative,Chilean Department of State,
1,ajzenman-2023,dmigr-concern,pc_19,Avg. principal component of crime behaviors,complex,"created from microdata, can't noise from Python",0,dep,0,1,,pc_19,crime,Survey,Chilean National Institute of Statistics,ENUSC Survey
1,ajzenman-2023,"dmigr-concern, dmigr-crime",age,Average age,sum / count,created var agetotal = age * expc; assuming no one can be older than 120,1,control,0,1,,"agetotal, expc",age,Administrative,Chilean Department of State,
1,ajzenman-2023,"dmigr-crime, media-crime",pc_20,Avg. principal component of crime behaviors,complex,"created from microdata, can't noise from Python",0,dep,0,1,,pc_20,crime,Survey,Chilean National Institute of Statistics,ENUSC Survey
1,ajzenman-2023,media-crime,lnrate_stock_imm,log immigration rate,log (count / count),reconstructed lnrate_stock_imm = ln( 10000*stock_imm/ population+1),1,ind,0,1,,"stock_imm, population",immigration,Administrative,Chilean Department of State,
1,iyer-2012,all,pfemale,Female-male ratio,count / count,reconstructed pfemale = (ipop - imale) / imale,1,control,0,0,,"imale, ipop",sex/gender,Census,Census of India,Census of India
1,iyer-2012,all,prural,Fraction rural,count / count,created var * = p* * ipop,1,control,0,0,,"rural, ipop",urban/surburban/rural,Census,Census of India,Census of India
1,iyer-2012,all,plit,Fraction literate,count / count,created var * = p* * ipop,1,control,0,0,,"lit, ipop",education,Census,Census of India,Census of India
1,iyer-2012,all,pfarm,Fraction in farming,count / count,created var * = p* * ipop,1,control,0,0,,"farm, ipop",employment/occupation,Census,Census of India,Census of India
1,iyer-2012,all,pcgsdp,Per capita gross state domestic product,invariant / count,created var * = p* * ipop,1,control,0,0,,ipop,population,Blended,Indian Ministry of Statistics and Program Implementation,
1,iyer-2012,all,ppol_strength,Number of police personnel per 1000 pop,count / count,created var police = ppol_strength * ipop / 1000,1,control,0,0,,"pol_strength, ipop",employment/occupation,Administrative,Indian National Crime Records Bureau (NCRB),Crime in India
1,iyer-2012,postwres-crime,lpcr_womtot,log (total crimes against women per 1000 women),log (count / count),created var * = p* * ipop / 1000,1,dep,0,0,,"cr_womtot, ipop",crime,Administrative,Indian National Crime Records Bureau (NCRB),Crime in India
1,iyer-2012,postwres-mencrime,lpkidmen,log (kidnapping of men and boys per 1000 men),log (count / count),created var * = p* * ipop / 1000,1,dep,0,0,,"kidmen, ipop",crime,Administrative,Indian National Crime Records Bureau (NCRB),Crime in India
1,iyer-2012,postwres-murder,lpmurder,log (murders per 1000 pop),log (count / count),created var * = p* * ipop / 1000,1,dep,0,0,,"murder, ipop",crime,Administrative,Indian National Crime Records Bureau (NCRB),Crime in India
1,iyer-2012,postwres-suicide,lpsuic_f,log (suicides of women per 1000 women),log (count / count),created var * = p* * ipop / 1000,1,dep,0,0,,"suic_f, ipop",crime,Administrative,Indian National Crime Records Bureau (NCRB),Crime in India
1,sosina-2019,all,prop_pov,state proportion poor (saipe),count / count,reconstructed prop_pov = rut_pov517 / rut_pop517,1,control,0,0,,"rut_pov517, rut_pop517",race/ethnicity,Estimates,School Funding Fairness Data System (SFFDS),Local Education Agency (LEA) Fiscal Database
1,sosina-2019,all,prop_black,state proportion black,count / count,reconstructed prop_* = imp_tot* / imp_member,1,control,0,0,,"imp_totblack, imp_member",race/ethnicity,Estimates,School Funding Fairness Data System (SFFDS),Local Education Agency (LEA) Fiscal Database
1,sosina-2019,all,prop_hisp,state proportion hispanic,count / count,reconstructed prop_* = imp_tot* / imp_member,1,control,0,0,,"imp_tothisp, imp_member",race/ethnicity,Estimates,School Funding Fairness Data System (SFFDS),Local Education Agency (LEA) Fiscal Database
1,sosina-2019,all,prop_asian,state proportion asian,count / count,reconstructed prop_* = imp_tot* / imp_member,1,control,0,0,,"imp_totasian, imp_member",race/ethnicity,Estimates,School Funding Fairness Data System (SFFDS),Local Education Agency (LEA) Fiscal Database
1,sosina-2019,all,prop_ind,state proportion native american,count / count,reconstructed prop_* = imp_tot* / imp_member,1,control,0,0,,"imp_totind, imp_member",race/ethnicity,Estimates,School Funding Fairness Data System (SFFDS),Local Education Agency (LEA) Fiscal Database
1,sosina-2019,"segragation-bw, racial-bw",bwddexp_totexp_std,,complex,"district-level files not provided, not enough info for DP",0,dep,0,0,,,,,,
1,sosina-2019,"segragation-bw, racial-bw",bwdifblk,,complex,"district-level files not provided, not enough info for DP",0,ind,0,0,,,,,,
1,sosina-2019,"segragation-bw, racial-bw",bwdifpov,,complex,"district-level files not provided, not enough info for DP",0,ind,0,0,,,,,,
1,sosina-2019,"segragation-bw, racial-bw",bwdifhsp,,complex,"district-level files not provided, not enough info for DP",0,control,0,0,,,,,,
1,sosina-2019,"segragation-bw, racial-bw",bwdifpsch,,complex,"district-level files not provided, not enough info for DP",0,control,0,0,,,,,,
1,sosina-2019,"segragation-bw, racial-bw",bwdifspec,,complex,"district-level files not provided, not enough info for DP",0,control,0,0,,,,,,
1,sosina-2019,"segragation-bw, racial-bw",bwdifell,,complex,"district-level files not provided, not enough info for DP",0,control,0,0,,,,,,
1,sosina-2019,"segragation-bw, racial-bw",bwdifcity,,complex,"district-level files not provided, not enough info for DP",0,control,0,0,,,,,,
1,sosina-2019,"segragation-bw, racial-bw",bwdifothgeo,,complex,"district-level files not provided, not enough info for DP",0,control,0,0,,,,,,
1,sosina-2019,segragation-hw,hwddexp_totexp_std,,complex,"district-level files not provided, not enough info for DP",0,dep,0,0,,,,,,
1,sosina-2019,racial-hw-infra,hwddexp_infra_std,,complex,"district-level files not provided, not enough info for DP",0,dep,0,0,,,,,,
1,sosina-2019,"segragation-hw, racial-hw-infra",hwdifhsp,,complex,"district-level files not provided, not enough info for DP",0,ind,0,0,,,,,,
1,sosina-2019,"segragation-hw, racial-hw-infra",hwdifpov,,complex,"district-level files not provided, not enough info for DP",0,ind,0,0,,,,,,
1,sosina-2019,"segragation-hw, racial-hw-infra",hwdifblk,,complex,"district-level files not provided, not enough info for DP",0,control,0,0,,,,,,
1,sosina-2019,"segragation-hw, racial-hw-infra",hwdifpsch,,complex,"district-level files not provided, not enough info for DP",0,control,0,0,,,,,,
1,sosina-2019,"segragation-hw, racial-hw-infra",hwdifspec,,complex,"district-level files not provided, not enough info for DP",0,control,0,0,,,,,,
1,sosina-2019,"segragation-hw, racial-hw-infra",hwdifell,,complex,"district-level files not provided, not enough info for DP",0,control,0,0,,,,,,
1,sosina-2019,"segragation-hw, racial-hw-infra",hwdifcity,,complex,"district-level files not provided, not enough info for DP",0,control,0,0,,,,,,
1,sosina-2019,"segragation-hw, racial-hw-infra",hwdifothge,,complex,"district-level files not provided, not enough info for DP",0,control,0,0,,,,,,
1,jain-2017,all,switcher,Majority and minority district identifier,boolean,created var tongue_diff = MinorityFraction * record1_100,1,ind,0,0,,"tongue_diff, record1_100",race/ethnicity,Blended,Vanneman and Barnes (2000),Augmented Census of India
1,jain-2017,all,Total_pop,Log total population,log count,,1,control,0,0,,record1_100,population,Census,Census of India,Census of India
1,jain-2017,all,Rural_pop,Log Total rural population,log count,,1,control,0,0,,record2_100,urban/suburban/rural,Census,Census of India,Census of India
1,jain-2017,total-lit,Literates_5_plus,Literates_5_plus: Log Literates (Age 5+) population/Total population,log (count / count),,1,dep,0,0,,"record1_140, record1_100",education,Census,Census of India,Census of India
1,jain-2017,total-lit,SC,SC Population/Total population  ,count / count,,1,control,0,0,,"record1_200, record1_100",race/ethnicity,Census,Census of India,Census of India
1,jain-2017,total-lit,ST,ST Population/Total population,count / count,,1,control,0,0,,"record1_250, record1_100",race/ethnicity,Census,Census of India,Census of India
1,jain-2017,rural-lit,Literates_5_plus_rural,Log Rural Literates (Age 5+) population/Total rural population,log (count / count),,1,dep,0,0,,"record2_140, record2_100","education, urban/suburban/rural",Census,Census of India,Census of India
1,jain-2017,rural-lit,SC_rural,SC Rural Population/Total rural population,count / count,,1,control,0,0,,"record2_200, record2_100","race/ethnicity, urban/suburban/rural",Census,Census of India,Census of India
1,jain-2017,rural-lit,ST_rural,ST Rural Population/Total rural population,count / count,,1,control,0,0,,"record2_250, record2_100","race/ethnicity, urban/suburban/rural",Census,Census of India,Census of India
1,brinkman-2018,all,per_own_U55_total,percentage of households who own thier home,count / count,,1,ind,0,0,,"tot_own, tot_hh",tenancy,Survey,Census Bureau,American Community Survey
1,brinkman-2018,all,ln_density,log population density,log count / invariant,,1,control,0,0,,"city_pop, land_area",population,Survey,Census Bureau,American Community Survey
1,brinkman-2018,all,inc_val,ratio of median income and median house values,median / invariant,,1,control,0,0,,"median_hh_inc, median_house_value",income,Survey,Census Bureau,American Community Survey
1,brinkman-2018,all,ln_city_pop,log city population in 2000,log count,,1,control,0,0,,city_pop,population,Survey,Census Bureau,American Community Survey
1,brinkman-2018,all,pop_change1980,percentage population change between 2000 and 2012,(count - count) / count,,1,control,0,0,,"city_pop, pop_1980",population,Survey,Census Bureau,American Community Survey
1,brinkman-2018,all,liabilities_pop,liabilities per capita,invariant / count,,1,control,0,0,,"liabilities, city_pop",population,Survey,Census Bureau,American Community Survey
1,brinkman-2018,under-population,uaal_pop,UAAL divided by population (2012)  ($),invariant / count,,1,dep,0,0,,"uaal2012, city_pop",population,Survey,Census Bureau,American Community Survey
1,brinkman-2018,under-income,uaal_income,UAAL  divided by total income in city,invariant / sum,,1,dep,0,0,,"uaal2012, aggregate_hh_inc",income,Survey,Census Bureau,American Community Survey
1,slattery-2020,"emp-incentive, governor-incentive",increase,per-capita incentive spending increase >= .20,complex,,1,dep,0,0,,pop,population,Survey,Census Bureau,American Community Survey
1,slattery-2020,"emp-incentive, governor-incentive",GDP_percapt1,GDP per capita (\textdollar1000) in $ t-1$,invariant / count,,1,control,0,0,,"GDP, pop",population,Survey,Census Bureau,American Community Survey
1,slattery-2020,"emp-incentive, governor-incentive",epopt1,epop * 100 // epop in %,count / count,,1,ind,0,0,,"emp_CBP, pop",occupation/employment,Survey,Census Bureau,American Community Survey
1,slattery-2020,win-emp,naics3d_emp,(sum) annual_avg_emplvl,mean,,1,dep,0,0,,naics3d_emp,occupation/employment,Survey,Bureau of Labor Statistics,
1,slattery-2020,win-emp,ln_pop_90,log population in 1990,log count,,1,control,0,0,,pop,population,Survey,Census Bureau,American Community Survey
1,slattery-2020,win-emp,ln_emp_90,log average employment in 1990,log mean,,1,control,0,0,,"emp, unemp",occupation/employment,Survey,Bureau of Labor Statistics,
1,slattery-2020,win-emp,ln_avg_wages_90,log average wages in 1990,log sum / mean,,1,control,0,0,,"total_annual_wages, annual_avg_emplvl",income,Survey,Bureau of Labor Statistics,
1,chalfin-2015,all,dmexfb_alt,change in mexican foreign births?,count / count - count / count,reconstructed dmexfb_alt = dmexfba * 100; reconstructing dmexfba = by FMSA: diff(mexfba); created var nmexfba = mexfba * population,1,ind,0,1,,nmexfba,immigration,Adminstrative,"Instituto Nacional de Estadistica, Geografia e Informatica (INEGI)",
1,chalfin-2015,all,deduc1,change in education level *,count / count - count / count,reconstructing d* = by FMSA: diff(*); created var n* = * * population,1,control,0,1,,neduc1,education,Survey,Census Bureau,American Community Survey
1,chalfin-2015,all,deduc2,change in education level *,count / count - count / count,reconstructing d* = by FMSA: diff(*); created var n* = * * population,1,control,0,1,,neduc2,education,Survey,Census Bureau,American Community Survey
1,chalfin-2015,all,deduc3,change in education level *,count / count - count / count,reconstructing d* = by FMSA: diff(*); created var n* = * * population,1,control,0,1,,neduc3,education,Survey,Census Bureau,American Community Survey
1,chalfin-2015,all,deduc4,change in education level *,count / count - count / count,reconstructing d* = by FMSA: diff(*); created var n* = * * population,1,control,0,1,,neduc4,education,Survey,Census Bureau,American Community Survey
1,chalfin-2015,all,dblack,change in % black?,count / count - count / count,reconstructing d* = by FMSA: diff(*); created var n* = * * population,1,control,0,1,,nblack,race/ethnicity,Survey,Census Bureau,American Community Survey
1,chalfin-2015,all,dage0_14,change in % age *?,count / count - count / count,reconstructing d* = by FMSA: diff(*); created var n* = * * population,1,control,0,1,,nage0_14,age,Survey,Census Bureau,American Community Survey
1,chalfin-2015,all,dage15_24,change in % age *?,count / count - count / count,reconstructing d* = by FMSA: diff(*); created var n* = * * population,1,control,0,1,,nage15_24,age,Survey,Census Bureau,American Community Survey
1,chalfin-2015,all,dage25_39,change in % age *?,count / count - count / count,reconstructing d* = by FMSA: diff(*); created var n* = * * population,1,control,0,1,,nage25_39,age,Survey,Census Bureau,American Community Survey
1,chalfin-2015,all,dage40_54,change in % age *?,count / count - count / count,reconstructing d* = by FMSA: diff(*); created var n* = * * population,1,control,0,1,,nage40_54,age,Survey,Census Bureau,American Community Survey
1,chalfin-2015,all,dage55,change in % age *?,count / count - count / count,reconstructing d* = by FMSA: diff(*); created var n* = * * population,1,control,0,1,,nage55,age,Survey,Census Bureau,American Community Survey
1,chalfin-2015,all,demployed,demployed: change in % employed?,count / count - count / count,reconstructing d* = by FMSA: diff(*); created var n* = * * population,1,control,0,1,,nemployed,employment/occupation,Survey,Census Bureau,American Community Survey
1,chalfin-2015,all,dfbnonmex,change in non-mexican foreign births?,count / count - count / count,reconstructing d* = by FMSA: diff(*); created var n* = * * population,1,control,0,1,,nfbnonmex,immigration,Administrative,"Instituto Nacional de Estadistica, Geografia e Informatica (INEGI)",
1,chalfin-2015,all,dushisp,change in % US born hispanic?,count / count - count / count,reconstructing d* = by FMSA: diff(*); created var n* = * * population,1,control,0,1,,nushisp,race/ethnicity,Survey,Census Bureau,American Community Survey
1,chalfin-2015,all,dins,"number of Mexican births predicted to end up in MSA assuming entire cohort migrates, deflated by population",complex,"too complex to reconstruct, not enough info",0,instrument,0,1,,,immigration,,,
1,chalfin-2015,all,dusbirths,change in us births to mexican-born parents?,complex,"can't figure out how to reconstruct, not enough info",0,instrumented,0,1,,,immigration,,,
1,chalfin-2015,mexican-rape,dlogpc_rape,change in log per capita rape,complex,"can't figure out how to reconstruct, not enough info",0,dep,0,0,,,crime,Administrative,Federal Bureau of Investigation,Uniform Crime Reports (UCR)
1,chalfin-2015,mexican-larceny,dlogpc_larceny,change in log per capita larceny,complex,"can't figure out how to reconstruct, not enough info",0,dep,0,0,,,crime,Administrative,Federal Bureau of Investigation,Uniform Crime Reports (UCR)
1,chalfin-2015,mexican-motor,dlogpc_motor,change in log per capita motor vehicle theft,complex,"can't figure out how to reconstruct, not enough info",0,dep,0,0,,,crime,Administrative,Federal Bureau of Investigation,Uniform Crime Reports (UCR)
1,ferraz-2011,all,lpop,log population of municipality in 2000,log count,reconstructed lpop = log (pop),1,control,0,0,,pop,population,Census,Brazilian Institute of Geography and Statistics (IBGE),2000 population census
1,ferraz-2011,all,purb,% of population that lives in urban sector,count / count,created var nurb = pop * purb,1,control,0,0,,"nurb, pop",urban/suburban/rural,Census,Brazilian Institute of Geography and Statistics (IBGE),2000 population census
1,ferraz-2011,all,p_secundario,percentage of the population that has at least a secondary education,count / count,created var n_secundario = pop * p_secundario,1,control,0,0,,"n_secundario, pop",education,Census,Brazilian Institute of Geography and Statistics (IBGE),2000 population census
1,ferraz-2011,all,lpib02,log GPD per capita in '02 (R$1000),invariant / count,using 2000 pop for denom; created var pib_02 = np.exp(lpib02) * pop,1,control,0,0,,pop,population,Survey,Brazilian Institute of Geography and Statistics (IBGE),
1,ferraz-2011,all,gini_ipea,,complex,not enough info for DP,0,control,0,0,,,income,,,
1,ferraz-2011,all,vereador_eleit,the number of legislators divided by the number of voters,invariant / count,"not enough info for DP, number of voters not included",0,control,0,0,,,election,,,Tribunal Superior Eleitoral (TSE)
1,ferraz-2011,"judiciary-difference, first-media, media-corruption",lfunc_ativ,Number of active employees (logs),log count,created var func_ativ = exp(lfunc_ativ),1,control,0,0,,func_ativ,employment/occupation,Survey,Brazilian Institute of Geography and Statistics (IBGE),Perfil dos Municípios Brasileiros: Gestão pública
1,barbanchon-2021,"attitude1-select, attitude2-select, contest-select",scoreP1,Presidential Elect. Party Score (Round 1),count / count,created var voted1* = score1* * votantsL1,1,control,0,0,,"votantsL1, voted1PS, voted1UMP",election,Administrative,French Ministry of Interior,
1,barbanchon-2021,attitude1-select,betterpoli," % agree with ""Men better political leaders""",count / count,reconstructed betterpoli = sum_betterpoli / n_betterpoli,1,ind,0,1,,"sum_betterpoli, n_betterpoli","sex/gender, opinion",Survey,,Generation Gender Surveys (GGS)
1,barbanchon-2021,attitude2-select,jobs,"% agree with ""When jobs are scarce, men should have more right to a job than women""",count / count,reconstructed jobs = sum_jobs / n_jobs,1,ind,0,1,,"sum_jobs, n_jobs","sex/gender, opinion",Survey,,Generation Gender Surveys (GGS)
1,barbanchon-2021,contest-select,contest3P_,"Contestable district using relevant presidential election score, dummy",boolean,created var voted2* = score2* * votantsL1,1,ind,0,0,,"votantsL1, voted2PS, voted2UMP",election,Administrative,French Ministry of Interior,
1,barbanchon-2021,contest-select,age_ind_occ_egap,"Gender gap in earnings (control. for AGE, IND, OCC)",residual,not enough info for DP,0,control,0,0,,,"income, sex/gender",Administrative,Institut national de la statistique et des études économiques,Annual declaration of social data (DADS)
1,barbanchon-2021,gap-vote,scoreL1,"Electoral Score (vote share, Round 1 - legislative)",count / count,created var votedL1 = scoreL1 * votantsL1,1,dep,0,0,,"votantsL1, votedL1",election,Administrative,French Ministry of Interior,
1,barbanchon-2021,gap-vote,inter,,complex,interaction with age_ind_occ_egap; not enough info for DP,0,ind,0,0,,,,,,
1,barbanchon-2021,gap-vote,inter3,,complex,interaction with age_ind_occ_egap; not enough info for DP,0,control,0,0,,,,,,
1,barbanchon-2021,gap-vote,inter4,,complex,interaction with age_ind_occ_egap; not enough info for DP,0,control,0,0,,,,,,
1,barbanchon-2021,gap-vote,inter4b,,complex,interaction with age_ind_occ_egap; not enough info for DP,0,control,0,0,,,,,,
1,barbanchon-2021,gap-vote,intermissage,,complex,interaction with age_ind_occ_egap; not enough info for DP,0,control,0,0,,,,,,
1,barbanchon-2021,gap-vote,interage,,complex,interaction with age_ind_occ_egap; not enough info for DP,0,control,0,0,,,,,,
1,barbanchon-2021,gap-vote,interincumbent,,complex,interaction with age_ind_occ_egap; not enough info for DP,0,control,0,0,,,,,,
1,barbanchon-2021,gap-vote,intergouv,,complex,interaction with age_ind_occ_egap; not enough info for DP,0,control,0,0,,,,,,
1,barbanchon-2021,gap-vote,interentry,,complex,interaction with age_ind_occ_egap; not enough info for DP,0,control,0,0,,,,,,
1,barbanchon-2021,gap-vote,inter2,,complex,interaction with age_ind_occ_egap; not enough info for DP,0,control,0,0,,,,,,
1,barbanchon-2021,gap-vote,pop_tot_,Total population,count,,1,weights,0,0,,pop_tot_,population,,,
1,chu-2021,all,lngdppc,log (GDP (unit 1RMB)/population (unit 1 person),log invariant / count,,1,control,0,0,,pop1,population,Blended,Chinese City Statistical Yearbooks,
1,chu-2021,all,edu,"average number of years of education, province-level",sum / count,created var edu_total = edu * pop1,1,control,0,0,,"edu_total, pop1",education,Blended,Chinese City Statistical Yearbooks,
1,chu-2021,all,lnpop,logarithm of city population,log count,created var pop1 = pop * 10000,1,control,0,0,,pop1,population,Blended,Chinese City Statistical Yearbooks,
1,campante-2019,distance-conflict,avg_logpop,log population averaged over time periods,log mean,assuming averaging before log; created var pop_avg = exp(avg_logpop),1,control,0,0,,pop_avg,population,Blended,World Bank,World Development Indicators
1,campante-2019,distance-conflict,avg_loggcppc, log gross cell products per capita,log invariant / mean,assuming averaging before log; created var gcp_avg = exp(avg_loggcppc) * pop_avg,1,control,0,0,,pop_avg,population,Blended,Pew Research Center,PRIO-GRID
1,campante-2019,distance-conflict,imr,Infant mortality rate (deaths per 10000),count / invariant,assuming denominator invariant,1,control,0,0,,imr,medical,Blended,Pew Research Center,PRIO-GRID
1,campante-2019,distance-misgov,lpop,(mean) log population,log mean,assuming averaging before log; created var pop_avg = exp(lpop),1,control,0,0,,pop_avg,population,Blended,World Bank,World Development Indicators
1,campante-2019,distance-misgov,lgdppc,(mean) lgdppc,log invariant / mean,assuming averaging before log; created var gdp_avg = exp(lgdppc) * pop_avg,1,control,0,0,,pop_avg,population,Blended,World Bank,World Development Indicators
1,campante-2019,distance-misgov,elf_eth, ethnic fractionalizaiton,complex,not enough info for DP,0,control,0,0,,,race/ethnicity,,Nunn and Wantchekon (2011,
1,fitzpatrick-2014,all,post_above,post * avg teachers with >= 15 years of experience over years pre,complex,,1,ind,1,1,,"tot_above_gr3, tot_above_gr6, tot_above_gr8",employment/occupation,Administrative,Illinois State Board of Education (ISBE),Teacher Service Record (TSR)
1,fitzpatrick-2014,all,post_tottchr,post x total teachers averaged over all years,complex,,1,control,1,1,,"tot_gr3, tot_gr6, tot_gr8",employment/occupation,Administrative,Illinois State Board of Education (ISBE),Teacher Service Record (TSR)
1,fitzpatrick-2014,all,enroll,enrollment,count,,1,control,0,0,,enroll,education,Administrative,Illinois State Board of Education (ISBE),
1,fitzpatrick-2014,all,enrollsq,enroll*enroll,count ^ 2,,1,control,0,0,,enroll,education,Administrative,Illinois State Board of Education (ISBE),
1,fitzpatrick-2014,all,avgenroll,average enrollment over years pre,sum / invariant,,1,weights,0,0,,enroll,education,Administrative,Illinois State Board of Education (ISBE),
1,fitzpatrick-2014,teacheryear-math,mathscore,Average math score at school,sum / count,created var g*mt_sum = g*mt x g*enrl; assuming exams are scored out of 600 (not clear),1,dep,0,0,,"g3mt, g6mt, g8mt",education,Administrative,Illinois State Board of Education (ISBE),
1,fitzpatrick-2014,"teacheryear-read, teacheryear-read_lowincome, teacheryear-read_lowwhite, teacheryear-read_lowbaseline",rdscore,Average reading score at school,sum / count,created var g*rd_sum = g*rd x g*enrl; assuming exams are scored out of 600 (not clear),1,dep,0,0,,"g3rd, g6rd, g8rd",education,Administrative,Illinois State Board of Education (ISBE),
1,fitzpatrick-2014,teacheryear-read_lowbaseline,preread,Reading score in pre-period,sum / count,created var g*rd_sum = g*rd x g*enrl; assuming exams are scored out of 600 (not clear),1,subset,0,0,,"g3rd, g6rd, g8rd",education,Administrative,Illinois State Board of Education (ISBE),
1,fitzpatrick-2014,all,plep,% limited English proficiency,count / count,created var * = p* / 100 x enroll,1,control,0,0,,"lep, enroll",language,Administrative,Illinois State Board of Education (ISBE),
1,fitzpatrick-2014,all,pattd,attendance rate,count / count,created var * = p* / 100 x enroll,1,control,0,0,,"attd, enroll",education,Administrative,Illinois State Board of Education (ISBE),
1,fitzpatrick-2014,all,plinc,% low income,count / count,created var * = p* / 100 x enroll,1,control,0,0,,"linc, enroll",income,Administrative,Illinois State Board of Education (ISBE),
1,fitzpatrick-2014,"teacheryear-math, teacheryear-read, teacheryear-read_lowincome, teacheryear-read_lowbaseline",pblack,% black students,count / count,created var * = p* / 100 x enroll,1,control,0,0,,"black, enroll",race/ethnicity,Administrative,Illinois State Board of Education (ISBE),
1,fitzpatrick-2014,"teacheryear-math, teacheryear-read, teacheryear-read_lowincome, teacheryear-read_lowbaseline",phisp,% hispanic students,count / count,created var * = p* / 100 x enroll,1,control,0,0,,"hisp, enroll",race/ethnicity,Administrative,Illinois State Board of Education (ISBE),
1,fitzpatrick-2014,"teacheryear-math, teacheryear-read, teacheryear-read_lowincome, teacheryear-read_lowbaseline",pasian,% asian students,count / count,created var * = p* / 100 x enroll,1,control,0,0,,"asian, enroll",race/ethnicity,Administrative,Illinois State Board of Education (ISBE),
1,fitzpatrick-2014,teacheryear-read_lowwhite,pwhite,% white students,count / count,created var * = p* / 100 x enroll,1,subset,0,0,,"white, enroll",race/ethnicity,Administrative,Illinois State Board of Education (ISBE),
1,chodorow-2012,,fmap_pc,ARRA FMAP Payouts per capita ($100k),invariant / count,,1,instrumented,0,0,,"popestimate2008, fmap",population,Estimate,Bureau of Labor Statistics,Current Employment Statistics (CES)
1,chodorow-2012,,popestimate2008,population estimate 2008,count,,1,control,0,0,,pop16plus,population,Estimate,Bureau of Labor Statistics,Current Employment Statistics (CES)
1,chodorow-2012,,popestimate2008_bil,population estimate 2008 in billions,count,,1,control,0,0,,popestimate2008,population,Estimate,Bureau of Labor Statistics,Current Employment Statistics (CES)
1,chodorow-2012,,gdp_pc,GDP per capita divided by 10000,invariant / count,,1,control,0,0,,"gdp_2008, popestimate2008",population,Estimate,Bureau of Economic Analysis,
1,chodorow-2012,,per_empl_manu_10000,Employment manufacturing share / 10000,count / count,"total employment not included, not enough info for DP",0,control,0,0,,per_empl_manu,employment/occupation,Survey,Census Bureau,American Community Survey
1,chodorow-2012,,sachange_totalemp_pc,"seasonally adjusted change in total nonfarm employment per individual 16+ in a state, from December 2008 to July 2009",count - count,,1,dep,0,0,,"_20097, _200812",employment/occupation,Survey,Bureau of Labor Statistics,Current Employment Statistics (CES)
1,chodorow-2012,,sachange_totalemp_lag_pc,,count - count,,1,control,0,0,,"_20085, _200812",employment/occupation,Survey,Bureau of Labor Statistics,Current Employment Statistics (CES)
1,chodorow-2012,,sachange_gov_broad_pc,"seasonally adjusted change in total employment in state and local government, health, and education per individual 16+ in a state, from December 2008 to July 2009",count - count,,1,dep,0,0,,"sachange_totalgov_pc, sachange_edhealth_pc",employment/occupation,Survey,Bureau of Labor Statistics,Current Employment Statistics (CES)
1,chodorow-2012,,sachange_gov_broad_lag_pc,,count - count,,1,control,0,0,,"sachange_totalgov_lag_pc, sachange_edhealth_lag_pc",employment/occupation,Survey,Bureau of Labor Statistics,Current Employment Statistics (CES)
1,chodorow-2012,,share_kerry_10000,share kerry / 10000,count / count,"total # voters not provided, not enough info for DP",0,control,0,0,,share_kerry,election,,,
1,chodorow-2012,,union_share_10000,union share / 10000,count / count,"denominator not provided, not enough info for DP",0,control,0,0,,union_share,employment/occupation,,,
1,chodorow-2012,,instrument_pc,FMAP Instrument (100k),invariant / count,,1,instrument,0,0,,"instrument, popestimate2008",population,Survey,Bureau of Labor Statistics,Current Employment Statistics (CES)
1,saiz-2011,all,immicapmsa,MSA Change in foreign born/Population at T-10,complex,"reconstructed l1popmsa = sum(l1pop) by msa, year; reconstructed l1foreignmsa = sum(l1foreign) by msa, year; reconstructed immicapmsa = (foreignmsa - l1foreignmsa)/l1popmsa",1,subset,0,0,,"foreignmsa, l1foreign, l1pop, l1foreign, l1pop",immigration,Survey,Census Bureau,American Community Survey
1,saiz-2011,all,pull,Estimated Immigrant Gravity Pull at T-10,complex,not enough info for DP,0,control,0,0,,pull,immigration,Survey,Census Bureau,American Community Survey
1,saiz-2011,all,pulli,Immigrant Gravity Puyll* Share Foreign Born at T-10,complex,,1,instrument,1,0,,"pull, l1foreign, l1pop",immigration,Survey,Census Bureau,American Community Survey
1,saiz-2011,all,pullmsa,Immigrant Gravity Pull * (MSA Immigrants/Initial Population),complex,reconstructed pullmsa = pull * immicapmsa,1,instrument,1,0,,"foreignmsa, l1pop, l1foreign, l1pop",immigration,Survey,Census Bureau,American Community Survey
1,saiz-2011,all,l1loinc,Log (Average) Family Income at T-10,log mean,"created var sum_l1inc = exp(l1loinc) * l1pop; assuming income clipped at 1,000,000",1,control,0,0,,"l1pop, sum_l1inc",income,Survey,Census Bureau,American Community Survey
1,saiz-2011,all,l1shaown,Ownership Rate at T-10 (Households),count / count,not enough info; don't know # households,0,control,0,0,,l1shaown,housing,Survey,Census Bureau,American Community Survey
1,saiz-2011,all,l1loden,Log Density at T-1,count / invariant,created var l1area = l1pop / exp(l1loden),1,control,0,0,,"l1pop, l1area",population,Census,Census Bureau,Decennial Census
1,saiz-2011,all,l1foreigncap,Foreign Population at T-10/Population at T-10,count / count,reconstructed l1foreigncap = l1foreign / l1pop,1,control,0,0,,"l1foreign, l1pop",immigration,Survey,Census Bureau,American Community Survey
1,saiz-2011,foreigncap-value,dforeigncap,Change in Foreign Population/Population,count / count - count / count,created var foreign_b = (dforeigncap + l1foreigncap) * pop,1,instrumented,0,0,,"foreign, pop, l1foreign, l1pop",immigration,Survey,Census Bureau,American Community Survey
1,saiz-2011,foreigncap-value,l1own,Home-ownership Units at T-10,count,,1,weights,0,0,,l1own,housing,Survey,Census Bureau,American Community Survey
1,saiz-2011,immicap-nhwhitegro,nhwhitegro,(Change Non-Hispanic White Population)/ (Population at T-10),(count - count) / count,created var nhwhite = nhwhitegro * l1pop + l1nhwhite,1,dep,0,0,,"nhwhite, l1nhwhite, l1pop",race/ethnicity,Survey,Census Bureau,American Community Survey
1,saiz-2011,immicap-nhwhitegro,immicap,Change in foreign born/Population at T-10,(count - count) / count,created var foreign = immicap * l1pop + l1foreign,1,instrumented,0,0,,"foreign, l1foreign, l1pop",immigration,Survey,Census Bureau,American Community Survey
1,saiz-2011,immicap-nhwhitegro,l1pop,Population at T-10,count,,1,weights,0,0,,l1pop,population,Census,Census Bureau,Decennial Census
1,saiz-2011,all,Ql10bed,share units with * at T-10,count / count,created vars l1* = Ql1* * (l1own + l1rent),1,control,0,0,,"l1own, l1rent, l110bed",housing,Survey,Census Bureau,American Community Survey
1,saiz-2011,all,Ql11bed,share units with * at T-10,count / count,created vars l1* = Ql1* * (l1own + l1rent),1,control,0,0,,"l1own, l1rent, l111bed",housing,Survey,Census Bureau,American Community Survey
1,saiz-2011,all,Ql12bed,share units with * at T-10,count / count,created vars l1* = Ql1* * (l1own + l1rent),1,control,0,0,,"l1own, l1rent, l112bed",housing,Survey,Census Bureau,American Community Survey
1,saiz-2011,all,Ql13bed,share units with * at T-10,count / count,created vars l1* = Ql1* * (l1own + l1rent),1,control,0,0,,"l1own, l1rent, l113bed",housing,Survey,Census Bureau,American Community Survey
1,saiz-2011,all,Ql14bed,share units with * at T-10,count / count,created vars l1* = Ql1* * (l1own + l1rent),1,control,0,0,,"l1own, l1rent, l114bed",housing,Survey,Census Bureau,American Community Survey
1,saiz-2011,all,Ql1elec,share units with * at T-10,count / count,created vars l1* = Ql1* * (l1own + l1rent),1,control,0,0,,"l1own, l1rent, l1elec",housing,Survey,Census Bureau,American Community Survey
1,saiz-2011,all,Ql1oil,share units with * at T-10,count / count,created vars l1* = Ql1* * (l1own + l1rent),1,control,0,0,,"l1own, l1rent, l1oil",housing,Survey,Census Bureau,American Community Survey
1,saiz-2011,all,Ql1gas,share units with * at T-10,count / count,created vars l1* = Ql1* * (l1own + l1rent),1,control,0,0,,"l1own, l1rent, l1gas",housing,Survey,Census Bureau,American Community Survey
1,saiz-2011,all,Ql1plum,share units with * at T-10,count / count,created vars l1* = Ql1* * (l1own + l1rent),1,control,0,0,,"l1own, l1rent, l1plum",housing,Survey,Census Bureau,American Community Survey
1,saiz-2011,all,Ql1ki,share units with * at T-10,count / count,created vars l1* = Ql1* * (l1own + l1rent),1,control,0,0,,"l1own, l1rent, l1ki",housing,Survey,Census Bureau,American Community Survey
1,saiz-2011,all,Ql110,share units with * at T-10,count / count,created vars l1* = Ql1* * (l1own + l1rent),1,control,0,0,,"l1own, l1rent, l110",housing,Survey,Census Bureau,American Community Survey
1,saiz-2011,all,Ql120,share units with * at T-10,count / count,created vars l1* = Ql1* * (l1own + l1rent),1,control,0,0,,"l1own, l1rent, l120",housing,Survey,Census Bureau,American Community Survey
1,saiz-2011,all,Ql130,share units with * at T-10,count / count,created vars l1* = Ql1* * (l1own + l1rent),1,control,0,0,,"l1own, l1rent, l130",housing,Survey,Census Bureau,American Community Survey
1,saiz-2011,all,Ql1det,share units with * at T-10,count / count,created vars l1* = Ql1* * (l1own + l1rent),1,control,0,0,,"l1own, l1rent, l1det",housing,Survey,Census Bureau,American Community Survey
1,saiz-2011,all,Ql1shaat,share units with * at T-10,count / count,created vars l1* = Ql1* * (l1own + l1rent),1,control,0,0,,"l1own, l1rent, l1shaat",housing,Survey,Census Bureau,American Community Survey
1,saiz-2011,all,Ql1sha3unit,share units with * at T-10,count / count,created vars l1* = Ql1* * (l1own + l1rent),1,control,0,0,,"l1own, l1rent, l113unit",housing,Survey,Census Bureau,American Community Survey
1,saiz-2011,all,Ql1sha4uni,share units with * at T-10,count / count,created vars l1* = Ql1* * (l1own + l1rent),1,control,0,0,,"l1own, l1rent, l114unit",housing,Survey,Census Bureau,American Community Survey
1,saiz-2011,all,cha0bed,change share units with *,count / count - count / count,don't know current total units; as a rough lower bound (upper bound on sensitivity); created var Q* = cha* + Ql1*; created vars * = Q* * (l1own + l1rent),1,control,0,0,,"l1own, l1rent, 0bed",housing,Survey,Census Bureau,American Community Survey
1,saiz-2011,all,cha1bed,change share units with *,count / count - count / count,don't know current total units; as a rough lower bound (upper bound on sensitivity); created var Q* = cha* + Ql1*; created vars * = Q* * (l1own + l1rent),1,control,0,0,,"l1own, l1rent, 1bed",housing,Survey,Census Bureau,American Community Survey
1,saiz-2011,all,cha2bed,change share units with *,count / count - count / count,don't know current total units; as a rough lower bound (upper bound on sensitivity); created var Q* = cha* + Ql1*; created vars * = Q* * (l1own + l1rent),1,control,0,0,,"l1own, l1rent, 2bed",housing,Survey,Census Bureau,American Community Survey
1,saiz-2011,all,cha3bed,change share units with *,count / count - count / count,don't know current total units; as a rough lower bound (upper bound on sensitivity); created var Q* = cha* + Ql1*; created vars * = Q* * (l1own + l1rent),1,control,0,0,,"l1own, l1rent, 3bed",housing,Survey,Census Bureau,American Community Survey
1,saiz-2011,all,cha4bed,change share units with *,count / count - count / count,don't know current total units; as a rough lower bound (upper bound on sensitivity); created var Q* = cha* + Ql1*; created vars * = Q* * (l1own + l1rent),1,control,0,0,,"l1own, l1rent, 4bed",housing,Survey,Census Bureau,American Community Survey
1,saiz-2011,all,chaelec,change share units with *,count / count - count / count,don't know current total units; as a rough lower bound (upper bound on sensitivity); created var Q* = cha* + Ql1*; created vars * = Q* * (l1own + l1rent),1,control,0,0,,"l1own, l1rent, elec",housing,Survey,Census Bureau,American Community Survey
1,saiz-2011,all,chaoil,change share units with *,count / count - count / count,don't know current total units; as a rough lower bound (upper bound on sensitivity); created var Q* = cha* + Ql1*; created vars * = Q* * (l1own + l1rent),1,control,0,0,,"l1own, l1rent, oil",housing,Survey,Census Bureau,American Community Survey
1,saiz-2011,all,chagas,change share units with *,count / count - count / count,don't know current total units; as a rough lower bound (upper bound on sensitivity); created var Q* = cha* + Ql1*; created vars * = Q* * (l1own + l1rent),1,control,0,0,,"l1own, l1rent, gas",housing,Survey,Census Bureau,American Community Survey
1,saiz-2011,all,chaplum,change share units with *,count / count - count / count,don't know current total units; as a rough lower bound (upper bound on sensitivity); created var Q* = cha* + Ql1*; created vars * = Q* * (l1own + l1rent),1,control,0,0,,"l1own, l1rent, plum",housing,Survey,Census Bureau,American Community Survey
1,saiz-2011,all,chaki,change share units with *,count / count - count / count,don't know current total units; as a rough lower bound (upper bound on sensitivity); created var Q* = cha* + Ql1*; created vars * = Q* * (l1own + l1rent),1,control,0,0,,"l1own, l1rent, ki",housing,Survey,Census Bureau,American Community Survey
1,saiz-2011,all,cha10,change share units with *,count / count - count / count,don't know current total units; as a rough lower bound (upper bound on sensitivity); created var Q* = cha* + Ql1*; created vars * = Q* * (l1own + l1rent),1,control,0,0,,"l1own, l1rent, 10",housing,Survey,Census Bureau,American Community Survey
1,saiz-2011,all,cha20,change share units with *,count / count - count / count,don't know current total units; as a rough lower bound (upper bound on sensitivity); created var Q* = cha* + Ql1*; created vars * = Q* * (l1own + l1rent),1,control,0,0,,"l1own, l1rent, 20",housing,Survey,Census Bureau,American Community Survey
1,saiz-2011,all,cha30,change share units with *,count / count - count / count,don't know current total units; as a rough lower bound (upper bound on sensitivity); created var Q* = cha* + Ql1*; created vars * = Q* * (l1own + l1rent),1,control,0,0,,"l1own, l1rent, 30",housing,Survey,Census Bureau,American Community Survey
1,saiz-2011,all,chadet,change share units with *,count / count - count / count,don't know current total units; as a rough lower bound (upper bound on sensitivity); created var Q* = cha* + Ql1*; created vars * = Q* * (l1own + l1rent),1,control,0,0,,"l1own, l1rent, det",housing,Survey,Census Bureau,American Community Survey
1,saiz-2011,all,chashaat,change share units with *,count / count - count / count,don't know current total units; as a rough lower bound (upper bound on sensitivity); created var Q* = cha* + Ql1*; created vars * = Q* * (l1own + l1rent),1,control,0,0,,"l1own, l1rent, shaat",housing,Survey,Census Bureau,American Community Survey
1,saiz-2011,all,chasha3unit,change share units with *,count / count - count / count,don't know current total units; as a rough lower bound (upper bound on sensitivity); created var Q* = cha* + Ql1*; created vars * = Q* * (l1own + l1rent),1,control,0,0,,"l1own, l1rent, sha3unit",housing,Survey,Census Bureau,American Community Survey
1,saiz-2011,all,chasha4uni,change share units with *,count / count - count / count,don't know current total units; as a rough lower bound (upper bound on sensitivity); created var Q* = cha* + Ql1*; created vars * = Q* * (l1own + l1rent),1,control,0,0,,"l1own, l1rent, sha4unit",housing,Survey,Census Bureau,American Community Survey
1,saiz-2011,all,l1sharebach,Share of people with * at T-10,count / count,created vars l1* = l1sha* * l1pop,1,control,0,0,,"l1pop, l1rebach",education,Survey,Census Bureau,American Community Survey
1,saiz-2011,all,l1shanhwhite,Share of people with * at T-10,count / count,created vars l1* = l1sha* * l1pop,1,control,0,0,,"l1pop, l1nhwhite",race/ethnicity,Survey,Census Bureau,American Community Survey
1,saiz-2011,all,l1shaless25,Share of people with * at T-10,count / count,created vars l1* = l1sha* * l1pop,1,control,0,0,,"l1pop, l1less25",age,Survey,Census Bureau,American Community Survey
1,saiz-2011,all,l1shamore65,Share of people with * at T-10,count / count,created vars l1* = l1sha* * l1pop,1,control,0,0,,"l1pop, l1more65",age,Survey,Census Bureau,American Community Survey
1,saiz-2011,all,l1shafakid,Share of people with * at T-10,count / count,created vars l1* = l1sha* * l1pop,1,control,0,0,,"l1pop, l1fakid",children,Survey,Census Bureau,American Community Survey
1,baker-2015,all,lpop,Population,count,created new variable pop = exp(lpop),1,control,0,0,,pop,population,,,
1,baker-2015,all,CumWeightedAllImmPerCap,IRCA applications Per Capita,invariant / count,created var CumWeightedAllImm = CumWeightedAllImmPerCap * pop,1,ind,0,0,,"CumWeightedAllImmPerCap, pop",population,Administrative,Immigration and Naturalization Service (INS),Legalization Summary Tapes
1,baker-2015,all,logemp, Log Employment,count / count,created var emp = exp(logemp),1,control,0,0,,emp,employment/occupation,,,
1,baker-2015,all,UnemploymentRate,Unemp. Rate,count / count,created var unemp = emp * UnemploymentRate/100 / (1 - UnemploymentRate/100),1,control,0,0,,"unemp, emp",employment/occupation,,,
1,baker-2015,all,povrate,Poverty Rate,count / count,created var pov = povrate / 100 * pop,1,control,0,0,,"pov, pop",income,,,
1,baker-2015,all,logincome,Log Income,,can't tell if this is log income or total income; not enough info for DP,0,control,0,0,,,income,,,
1,baker-2015,all,OfficersPerCap,Police Per Capita,count / count,created new variable Police = OfficersPerCap * pop,1,control,0,0,,"Police, pop",employment/occupation,Administrative,Federal Bureau of Investigation,Uniform Crime Reports (UCR)
1,baker-2015,all,NumberOfAbortionsLag14PerCap,Lagged Abortions,count / count,created var NumberOfAbortionsLag14 = NumberOfAbortionsLag14PerCap * pop,1,control,0,0,,"NumberOfAbortionsLag14, pop",medical,,,
1,baker-2015,irca-allcrime,lTotalAllCrimesPerCap,Crime Per Capita,log (count / count),created vars total*Crimes = exp(lTotal*CrimesPerCap) * pop,1,dep,0,0,,"pop, TotalAllCrimes",crime,Administrative,Federal Bureau of Investigation,Uniform Crime Reports (UCR)
1,baker-2015,irca-violentcrime,lTotalViolentCrimesPerCap,Crime Per Capita,log (count / count),created vars total*Crimes = exp(lTotal*CrimesPerCap) * pop,1,dep,0,0,,"pop, TotalViolentCrimes",crime,Administrative,Federal Bureau of Investigation,Uniform Crime Reports (UCR)
1,baker-2015,irca-propertycrime,lTotalPropertyCrimesPerCap,Crime Per Capita,log (count / count),created vars total*Crimes = exp(lTotal*CrimesPerCap) * pop,1,dep,0,0,,"pop, TotalPropertyCrimes",crime,Administrative,Federal Bureau of Investigation,Uniform Crime Reports (UCR)
1,hoang-2021,all,lnenrtot,Logged total enrollment,log count,reconstructed lnenrtot = ln(enrtot),1,control,0,0,,enrtot,education,Administrative,Iowa Department of Education (IDOE),
1,hoang-2021,all,ellpc,Percent of ELL students,count / count,created vars * = *pc / 100 * enrtot,1,control,0,0,,"ell, enrtot",language,Survey,Iowa Department of Education (IDOE),
1,hoang-2021,all,blackpc,Percent of African American students,count / count,created vars * = *pc / 100 * enrtot,1,control,0,0,,"black, enrtot",race/ethnicity,Survey,Iowa Department of Education (IDOE),
1,hoang-2021,all,lunchfrpc,Percent of free and reduced price lunch students,count / count,created vars * = *pc / 100 * enrtot,1,control,0,0,,"lunchfr, enrtot",income,Survey,Iowa Department of Education (IDOE),
1,howard-2021,"manu-raw, manu-rent",manufshare, share manufacturing employment,count / count,reconstructed industryshare = emp / totalemp,1,ind,0,0,,"emp, totalemp",employment/occupation,,,
1,howard-2021,"shock-raw, shock-rent",bartik_wage,Predicted Wage Change Based on Industry Composition,complex,not enough info for DP,0,ind,0,0,,,income,,,
1,drago-2014,all,diff_log_unem,differenced Log of the provincial unemployment rate,log (count / count) - log (count / count),"# workers not given, not enough info for DP",0,control,0,0,,,employment/occupation,,,
1,drago-2014,all,diff_logpop_res_tagliacarne,differenced Log of the population of the province,log count - log count,reconstructed diff_logpop_res_tagliacarne = diff(logpop_res_tagliacarne); created var pop_res_tagliacarne = exp(logpop_res_tagliacarne),1,control,0,0,,pop_res_tagliacarne,population,,,
1,drago-2014,news-turnout,diff_turnout,differenced turnout (as % of voting pop),log (count / count) - log (count / count),assuming pop is voting age; created var votes = turnout * pop,1,dep,0,0,,"votes, pop_res_tagliacarne",election,Administrative,Italian Ministry for Internal Affairs,
1,beach-2017,all,ln_a_pg_pc, log per capita public good spending,log invariant / count,reconstructed ln_a_pg_pc = log (a_pg_pc); created var a_pg = a_pg_pc * totpop,1,dep,0,0,,totpop,population,,,
1,beach-2017,all,Margin, winning margin,count / count - count / count,,1,ind,0,0,,"ceda_totvotes, ceda_votes, countervotes",election,Administrative,California Election Data Archive,
1,beach-2017,nonmodal-spend,DD_nonmodal_wins,whether nonmodal candidate wins,boolean,reconstructed nonmodal_wins from share_pop_* and *_wins,1,ind,0,0,,"nh_white, h, nh_black, nh_asian, totpop",election,Administrative,California Election Data Archive,
1,beach-2017,"segregation-effect, inequality-effect",treatXlow,nonmodal wins * ind below median,boolean * boolean," not enough info for DP for either dep var (Thiel index, multigroup segregation)",0,ind,1,0,,,race/ethnicity,Administrative,California Election Data Archive,
1,beach-2017,"segregation-effect, inequality-effect",treatXhigh,nonmodal wins * ind above median,boolean * boolean," not enough info for DP for either dep var (Thiel index, multigroup segregation)",0,ind,1,0,,,race/ethnicity,Administrative,California Election Data Archive,
1,beach-2017,"segregation-effect, inequality-effect",high,ind above median,boolean," not enough info for DP for either dep var (Thiel index, multigroup segregation)",0,ind,0,0,,,race/ethnicity,Administrative,California Election Data Archive,
1,snow-2019,"white_post, white_south_post",lnwpu,log of white public enrollment,log count,,1,dep,0,0,,"publicelem, publichs, wm59, wf59, wm1014, wf1014, wm1519, wf1519, om59, of59, black, other, om1014, of1014, om1519, of1519","race/ethnicity, education",Census,Census Bureau,Decennial Censuses of Population 1960-1990
1,snow-2019,"black_post, black_nonsouth_post",lnbpu,log of black public enrollment,log count,,1,dep,0,0,,"publicelem, publichs, wm59, wf59, wm1014, wf1014, wm1519, wf1519, om59, of59, black, other, om1014, of1014, om1519, of1519","race/ethnicity, education",Census,Census Bureau,Decennial Censuses of Population 1960-1990
1,dorn-2013,routine-emp,l_shage_65up,age 65+/pop lagged [paper],count / count,reconstructing count_l_shage_65up = l_shage_65up * l_popcount,1,control,0,0,,"count_l_shage_65up, l_popcount",age,Census,Census Bureau,Decennial Censuses of Population 1960-1990
1,dorn-2013,all,timepwt48,Models are weighted by start of period commuting zone share of national population [paper],count / count,reconstructing l_pop_national = l_popcount / timepwt48,1,weights,0,0,,"l_pop_national, l_popcount",population,Census,Census Bureau,Decennial Censuses of Population 1960-1990
1,dorn-2013,routine-emp,l_relsup_highlow,college / noncollege population lagged [paper],count / count,reconstructing l_college_pop = l_relsup_highlow * l_popcount / (1 + l_relsup_highlow),1,control,0,0,,"l_college_pop, l_popcount",education,Census,Census Bureau,Decennial Censuses of Population 1960-1990
1,dorn-2013,routine-emp,l_popfborn_shof_edulow,immigr/noncollege population lagged [paper],count / count,reconstructing l_immigr_pop = l_popfborn_shof_edulow * l_noncollege_pop,1,control,0,0,,"l_immigr_pop, l_popcount","education, race/ethnicity",Census,Census Bureau,Decennial Censuses of Population 1960-1990
1,dorn-2013,routine-emp,l_shind_manuf,manufact/empl lagged [paper],count / count,"missing employment count, can't reconstruct",0,control,0,0,,,,,,
1,dorn-2013,routine-emp,l_unempl,unemployment rate lagged [paper],count / count," missing employment count / labor force, can't reconstruct",0,control,0,0,,,,,,
1,dorn-2013,routine-emp,l_sh_empl_f,female empl/pop lagged [paper],count / count,"missing female population or pop share, can't reconstruct",0,control,0,0,,,,,,
1,dorn-2013,routine-emp,l_sh_minw,share workers with wage < min wage lagged [paper],count / count,"missing employment count, can't reconstruct",0,control,0,0,,,,,,
1,dorn-2013,all,l_sh_routine33a,share of routine occupations lagged [paper],count / count,"missing employment count, can't reconstruct",0,instrumented,0,0,,,,,,
1,dorn-2013,routine-serviceemp,d_shocc1_service_nc,10 x annual change in share of noncollege employment by occupation,count / count - count / count,"missing raw occ data / rates, can't reconstruct. not noised",0,dep,0,0,,,,,,
1,dorn-2013,routine-transconstremp,d_shocc1_transconstr_nc,10 x annual change in share of noncollege employment by occupation,count / count - count / count,"missing raw occ data / rates, can't reconstruct. not noised",0,dep,0,0,,,,,,
1,dorn-2013,routine-clericretailemp,d_shocc1_clericretail_nc,10 x annual change in share of noncollege employment by occupation,count / count - count / count,"missing raw occ data / rates, can't reconstruct. not noised",0,dep,0,0,,,,,,
1,dorn-2013,routine-productemp,d_shocc1_product_nc,10 x annual change in share of noncollege employment by occupation,count / count - count / count,"missing raw occ data / rates, can't reconstruct. not noised",0,dep,0,0,,,,,,
1,dorn-2013,routine-operatoremp,d_shocc1_operator_nc,10 x annual change in share of noncollege employment by occupation,count / count - count / count,"missing raw occ data / rates, can't reconstruct. not noised",0,dep,0,0,,,,,,
1,dorn-2013,all,R33a_50_1980,"let Eij, 1950 equal the employment share of industry i ∈ 1, ..., I in commuting zone j in 1950, and let Ri,−j, 1950 equal the routine occupation share among workers in industry i in 1950 in all US states except the state that includes commuting zone j.42",complex,"missing raw data, can't reconstruct",0,instrument,0,0,,,,,,
1,dorn-2013,all,R33a_50_1990,"let Eij, 1950 equal the employment share of industry i ∈ 1, ..., I in commuting zone j in 1950, and let Ri,−j, 1950 equal the routine occupation share among workers in industry i in 1950 in all US states except the state that includes commuting zone j.42",complex,"missing raw data, can't reconstruct",0,instrument,0,0,,,,,,
1,dorn-2013,all,R33a_50_2000,"let Eij, 1950 equal the employment share of industry i ∈ 1, ..., I in commuting zone j in 1950, and let Ri,−j, 1950 equal the routine occupation share among workers in industry i in 1950 in all US states except the state that includes commuting zone j.42",complex,"missing raw data, can't reconstruct",0,instrument,0,0,,,,,,
1,eriksen-2015,all,ltotpop, Log of MSA population from Census,log count,reconstructing pop = exp(ltotpop),1,control,0,0,,pop,population,Survey,Census Bureau,American Housing Survey
1,eriksen-2015,all,linc,Log of MSA per capita annual income from Census,log sum / count, reconstructing inc_total = exp(linc),1,control,0,0,,inc_total,income,Survey,Census Bureau,American Housing Survey
1,charles-2018,house-college,d_any_18_25_a1,Dependent variable is 2000–2006 change in share with `level` education,count / count - count / count,,1,dep,0,0,,"pop_18_21_2000, pop_18_21_2007, pop_22_25_2000, pop_22_25_2007, any_college_18_21_2000, any_college_18_21_2007, any_college_22_25_2000, any_college_22_25_2007",education,Survey,Census Bureau,American Community Survey
1,charles-2018,house-bachelor,d_bachelor_18_25_a1,Dependent variable is 2000–2006 change in share with `level` education,count / count - count / count,,1,dep,0,0,,"pop_18_21_2000, pop_18_21_2007, pop_22_25_2000, pop_22_25_2007, bachelor_18_21_2000, bachelor_18_21_2007, bachelor_22_25_2000, bachelor_22_25_2007",education,Survey,Census Bureau,American Community Survey
1,charles-2018,all,pop_prev,log of the MSA’s total population as measured in 2000,log count,,1,control,0,0,,pop_tot_00,population,Census,Census Bureau,2000 Decennial Census
1,charles-2018,all,wgt,"regression weight, MSA’s total population",count,,1,weights,0,0,,pop_tot_00,population,Census,Census Bureau,2000 Decennial Census
1,charles-2018,all,college_share_2000,the share of employed workers with a college degree,count / count,,1,control,0,0,,"emp_me_00, emp_he_00, emp_tot_00",education,Survey,Census Bureau,American Community Survey
1,charles-2018,all,female_employed_share_2000,the share of women in the labor force,count / count,,1,control,0,0,,"emp_f_00, pop_f_00",sex/gender,Survey,Census Bureau,American Community Survey
1,charles-2018,all,share_foreign_18_55_2000,the fraction of the MSA that is foreign-born,count / count,"cannot noise, numerator/denominator not provided in this dta file",1,control,0,0,,,,Survey,Census Bureau,American Community Survey
1,acconcia-2014,all,Y,The year-on-year change in per capita real value added divided by the previous year’s per capita real value added,complex,reconstructing value_ratio = (Y + 1) / pop_ratio,1,dep,0,0,,Population,population,Census,Italian Institute of Statistics,
1,acconcia-2014,all,G,G(t) is the dated t year-on-year change in per capita real infrastructure investment (nominal spending divided by the national GDP deflator) divided by the previous year’s per capita real value added.,complex,reconstructing infra_ratio = (G + 1) / pop_ratio,1,instrumented,0,0,,Population,population,Census,Italian Institute of Statistics,
1,acconcia-2014,all,Mafiosi,"First difference of the number of people reported by the police forces for crime X, per 1000 population.",(count - count) / count," assuming common denominator (pop_0), reconstructing crime_diff = ncrime_1 - ncrime_0 = Crime * pop_0 / 1000",1,control,0,0,,"Population, Mafiosi_diff",crime,Administrative,Italian Institute of Statistics,
1,acconcia-2014,all,Murder,"First difference of the number of people reported by the police forces for crime X, per 1000 population.",(count - count) / count," assuming common denominator (pop_0), reconstructing crime_diff = ncrime_1 - ncrime_0 = Crime * pop_0 / 1000",1,control,0,0,,"Population, Murder_diff",crime,Administrative,Italian Institute of Statistics,
1,acconcia-2014,all,Extortion,"First difference of the number of people reported by the police forces for crime X, per 1000 population.",(count - count) / count," assuming common denominator (pop_0), reconstructing crime_diff = ncrime_1 - ncrime_0 = Crime * pop_0 / 1000",1,control,0,0,,"Population, Extortion_diff",crime,Administrative,Italian Institute of Statistics,
1,acconcia-2014,all,Corruption1,"First difference of the number of people reported by the police forces for crime X, per 1000 population.",(count - count) / count," assuming common denominator (pop_0), reconstructing crime_diff = ncrime_1 - ncrime_0 = Crime * pop_0 / 1000",1,control,0,0,,"Population, Corruption1_diff",crime,Administrative,Italian Institute of Statistics,
1,acconcia-2014,all,Corruption2,"First difference of the number of people reported by the police forces for crime X, per 1000 population.",(count - count) / count," assuming common denominator (pop_0), reconstructing crime_diff = ncrime_1 - ncrime_0 = Crime * pop_0 / 1000",1,control,0,0,,"Population, Corruption2_diff",crime,Administrative,Italian Institute of Statistics,
1,acconcia-2014,all,Population,province population ,count," assuming common denominator (pop_0), reconstructing crime_diff = ncrime_1 - ncrime_0 = Crime * pop_0 / 1000",1,weights,0,0,,,population,Census,Italian Institute of Statistics,
1,acconcia-2014,all,L1G,Lagged variable,(count - count) / count,reconstructing infra_ratio = (G + 1) / pop_ratio,1,ind,0,0,,Population,population,Census,Italian Institute of Statistics,
1,acconcia-2014,all,L2G,Lagged variable,(count - count) / count,reconstructing infra_ratio = (G + 1) / pop_ratio,1,ind,0,0,,Population,population,Census,Italian Institute of Statistics,
1,acconcia-2014,"lagadd-out, lagout-out",L1Y,Lagged variable,complex,reconstructing value_ratio = (Y + 1) / pop_ratio,1,ind,0,0,,Population,population,Census,Italian Institute of Statistics,
1,acconcia-2014,"lagadd-out, lagout-out",L2Y,Lagged variable,complex,reconstructing value_ratio = (Y + 1) / pop_ratio,1,ind,0,0,,Population,population,Census,Italian Institute of Statistics,
1,acconcia-2014,all,L1Mafiosi,Lagged variable,(count - count) / count," assuming common denominator (pop_0), reconstructing crime_diff = ncrime_1 - ncrime_0 = Crime * pop_0 / 1000",1,control,0,0,,"Population, Mafiosi_diff",crime,Administrative,Italian Institute of Statistics,
1,acconcia-2014,all,L2Mafiosi,Lagged variable,(count - count) / count," assuming common denominator (pop_0), reconstructing crime_diff = ncrime_1 - ncrime_0 = Crime * pop_0 / 1000",1,control,0,0,,"Population, Mafiosi_diff",crime,Administrative,Italian Institute of Statistics,
1,acconcia-2014,all,L1Extortion,Lagged variable,(count - count) / count," assuming common denominator (pop_0), reconstructing crime_diff = ncrime_1 - ncrime_0 = Crime * pop_0 / 1000",1,control,0,0,,"Population, Extortion_diff",crime,Administrative,Italian Institute of Statistics,
1,acconcia-2014,all,L2Extortion,Lagged variable,(count - count) / count," assuming common denominator (pop_0), reconstructing crime_diff = ncrime_1 - ncrime_0 = Crime * pop_0 / 1000",1,control,0,0,,"Population, Extortion_diff",crime,Administrative,Italian Institute of Statistics,
1,acconcia-2014,all,L1Corruption1,Lagged variable,(count - count) / count," assuming common denominator (pop_0), reconstructing crime_diff = ncrime_1 - ncrime_0 = Crime * pop_0 / 1000",1,control,0,0,,"Population, Corruption1_diff",crime,Administrative,Italian Institute of Statistics,
1,acconcia-2014,all,L2Corruption1,Lagged variable,(count - count) / count," assuming common denominator (pop_0), reconstructing crime_diff = ncrime_1 - ncrime_0 = Crime * pop_0 / 1000",1,control,0,0,,"Population, Corruption1_diff",crime,Administrative,Italian Institute of Statistics,
1,acconcia-2014,all,L1Corruption2,Lagged variable,(count - count) / count," assuming common denominator (pop_0), reconstructing crime_diff = ncrime_1 - ncrime_0 = Crime * pop_0 / 1000",1,control,0,0,,"Population, Corruption2_diff",crime,Administrative,Italian Institute of Statistics,
1,acconcia-2014,all,L2Corruption2,Lagged variable,(count - count) / count," assuming common denominator (pop_0), reconstructing crime_diff = ncrime_1 - ncrime_0 = Crime * pop_0 / 1000",1,control,0,0,,"Population, Corruption2_diff",crime,Administrative,Italian Institute of Statistics,
1,acconcia-2014,all,L1Murder,Lagged variable,(count - count) / count," assuming common denominator (pop_0), reconstructing crime_diff = ncrime_1 - ncrime_0 = Crime * pop_0 / 1000",1,control,0,0,,"Population, Murder_diff",crime,Administrative,Italian Institute of Statistics,
1,acconcia-2014,all,L2Murder,Lagged variable,(count - count) / count," assuming common denominator (pop_0), reconstructing crime_diff = ncrime_1 - ncrime_0 = Crime * pop_0 / 1000",1,control,0,0,,"Population, Murder_diff",crime,Administrative,Italian Institute of Statistics,
1,acconcia-2014,all,L1U1,Lagged value of Change in the log of per-capita employment ,log (count / count) - log (count / count),"cannot reconstruct; because log, can only reconstruct ratio, not diff",0,control,0,0,,,,,,
1,acconcia-2014,all,L1U2,Lagged value of Change in the log of per-capita hours of wage supplement provided by the unemployment insurance scheme available to employees of large private Örms in Italy.,log (sum / count) - log (sum / count),"cannot reconstruct; because log, can only reconstruct ratio, not diff",0,control,0,0,,,,,,
1,acconcia-2014,all,L2U1,Lagged value of Change in the log of per-capita employment ,log (count / count) - log (count / count),"cannot reconstruct; because log, can only reconstruct ratio, not diff",0,control,0,0,,,,,,
1,acconcia-2014,all,L2U2,Lagged value of Change in the log of per-capita hours of wage supplement provided by the unemployment insurance scheme available to employees of large private Örms in Italy.,log (sum / count) - log (sum / count),"cannot reconstruct; because log, can only reconstruct ratio, not diff",0,control,0,0,,,,,,
1,bordignon-2016,"runoff-candidate, runoff-timevar, runoff-crossvar",pop15000,"population normalized at 15,000 (i.e. population - 15000)",count,reconstructed pop15000 = pop_census - 15000,1,control,0,0,,pop_census,population,Census,Associazione Nazionale Comuni Italiani,
1,bordignon-2016,"runoff-candidate, runoff-timevar, runoff-crossvar",pop15000_2,"population normalized at 15,000 (i.e. population - 15000) squared",count ^ 2, reconstructed pop15000_2 = pop15000^2,1,control,0,0,,pop_census,population,Census,Associazione Nazionale Comuni Italiani,
1,bordignon-2016,"runoff-candidate, runoff-timevar, runoff-crossvar",pop15000_3,"population normalized at 15,000 (i.e. population - 15000)",count ^ 3,reconstructed pop15000_3 = pop15000^3,1,control,0,0,,pop_census,population,Census,Associazione Nazionale Comuni Italiani,
1,bordignon-2016,"runoff-candidate, runoff-timevar, runoff-crossvar",t15000_int1,t15000 * pop15000,invariant * count, reconstructed t15000_int1 = t15000 * pop15000,1,control,1,0,,pop_census,population,Census,Associazione Nazionale Comuni Italiani,
1,bordignon-2016,"runoff-candidate, runoff-timevar, runoff-crossvar",t15000_int2,t15000 * pop15000_2,invariant * count ^ 2,reconstructed t15000_int2 = t15000 * pop15000_2,1,control,1,0,,pop_census,population,Census,Associazione Nazionale Comuni Italiani,
1,bordignon-2016,"runoff-candidate, runoff-timevar, runoff-crossvar",t15000_int3,t15000 * pop15000_3,invariant * count ^ 3,reconstructed t15000_int3 = t15000 * pop15000_3,1,control,1,0,,pop_census,population,Census,Associazione Nazionale Comuni Italiani,
1,bordignon-2016,"runoff-candidate, runoff-timevar, runoff-outcome",end_rev_transf_pc,value of rev_transf_pc at termination (this should be per-capita transfers),invariant / count,reconstructed end_rev_transf = end_rev_transf_pc * pop_census,1,control,0,0,,pop_census,population,Census,Associazione Nazionale Comuni Italiani,
1,bordignon-2016,"runoff-candidate, runoff-timevar, runoff-outcome",income_pc,disposable income per capita in euros (2005),sum / count,assuming disposable income clipped at 500k euros; reconstructed income = income_pc * pop_census,1,control,0,0,,"pop_census, income","population, income",Census,Associazione Nazionale Comuni Italiani,
1,bordignon-2016,"runoff-candidate, runoff-timevar, runoff-outcome",active_pop,active population / total population (2005),count / count,reconstructed active = active_pop * pop_census,1,control,0,0,,"pop_census, active",ballot,Administrative,Statistical Office of the Italian Ministry of Internal Affairs,
1,bordignon-2016,"runoff-candidate, runoff-timevar, runoff-outcome",elderly_index,elderly index (2005),,"can't find a definition for this variable, not sure if it is personal; not noised",0,control,0,0,,,,,,
1,bordignon-2016,"runoff-candidate, runoff-timevar, runoff-outcome",family_size,family size (2005) --- guessing this is average family size? not clear,,"no definition, not noised",0,control,0,0,,,,,,
1,lundqvist-2014,grant-publicemp,pers_total,"personall per 1,000 capita of type *",count / count,reconstructing n_* = pers_* * pop / 1000,1,dep,0,0,,"pop, n_total",employment,Administrative,Swedish Association of Local Authorities and Regions,
1,lundqvist-2014,grant-adminemp,pers_admin,"personall per 1,000 capita of type *",count / count,reconstructing n_* = pers_* * pop / 1000,1,dep,0,0,,"pop, n_admin",employment,Administrative,Swedish Association of Local Authorities and Regions,
1,lundqvist-2014,grant-childcareemp,pers_child,"personall per 1,000 capita of type *",count / count,reconstructing n_* = pers_* * pop / 1000,1,dep,0,0,,"pop, n_child",employment,Administrative,Swedish Association of Local Authorities and Regions,
1,lundqvist-2014,grant-schoolemp,pers_school,"personall per 1,000 capita of type *",count / count,reconstructing n_* = pers_* * pop / 1000,1,dep,0,0,,"pop, n_school",employment,Administrative,Swedish Association of Local Authorities and Regions,
1,lundqvist-2014,grant-elderlycareemp,pers_elder,"personall per 1,000 capita of type *",count / count,reconstructing n_* = pers_* * pop / 1000,1,dep,0,0,,"pop, n_elder",employment,Administrative,Swedish Association of Local Authorities and Regions,
1,lundqvist-2014,grant-welfareemp,pers_social,"personall per 1,000 capita of type *",count / count,reconstructing n_* = pers_* * pop / 1000,1,dep,0,0,,"pop, n_social",employment,Administrative,Swedish Association of Local Authorities and Regions,
1,lundqvist-2014,grant-technicalemp,pers_tech,"personall per 1,000 capita of type *",count / count,reconstructing n_* = pers_* * pop / 1000,1,dep,0,0,,"pop, n_tech",employment,Administrative,Swedish Association of Local Authorities and Regions,
1,lundqvist-2014,all,forcing1,"The assignment variable mi, t is thepercentage decrease in the size of the population ni, t during a ten-year period with a two-year lag, i.e., mi, t = 100(1 − ni, t−2/ni, t−12).",complex,"reconstructing pop_2 = pop.shift(2), imputing first two years; reconstructing pop_12 = pop_2 / (1 - popchange_10y / 100)",1,control,0,0,,"pop, pop_12",population,Administrative,Statistics Sweden,
1,lundqvist-2014,all,Dforcing1,"The assignment variable mi, t is thepercentage decrease in the size of the population ni, t during a ten-year period with a two-year lag, i.e., mi, t = 100(1 − ni, t−2/ni, t−12).",complex,"reconstructing pop_2 = pop.shift(2), imputing first two years; reconstructing pop_12 = pop_2 / (1 - popchange_10y / 100)",1,instrument,0,0,,"pop, pop_12",population,Administrative,Statistics Sweden,
1,brollo-2013,all,pop,population estimate,count / count,,1,control,0,0,,pop,population,Blended,Brazilian Institute of Geography and Statistics,
1,brollo-2013,all,pop_2,population estimate ^2,count ^ 2,reconstructed pop_2 = pop ** 2,1,control,0,0,,pop,population,Blended,Brazilian Institute of Geography and Statistics,
1,brollo-2013,all,pop_3,population estimate ^3,count ^ 3,reconstructed pop_3 = pop ** 3,1,control,0,0,,pop,population,Blended,Brazilian Institute of Geography and Statistics,
1,brollo-2013,all,fpm_hat,"In theory, the amount of transfers each municipality receives should be calculated according to the IBGE population estimates that are sent to TCU in the previous year. Therefore, for the term 2001–2004, we use an average of the IBGE population estimates for the years 2000, 2001, and 2002; for the term 2005–2008, we use estimates for the years 2004, 2005, and 2006.",complex,earlier population estimates not included; cannot reconstruct,0,instrument,0,0,,pop,,,,
1,caselli-2013,all,oilandgasvalue2000_cap,"""Total municipal revenues per capita in 2000",invariant / count,reconstructed oilandgasvalue2000 = oilandgasvalue2000_cap * population2000,1,ind,0,0,,population2000,population,Census,Instituto de Pesquisa Econômica Aplicada (IPEA),
1,caselli-2013,oil-revenue,mun_budget_revenue_cap2000,Municipal revenues per capita in 2000,invariant / count,reconstructed mun_budget_revenue_cap2000 = mun_budget_revenue2000 / population2000,1,dep,0,0,,population2000,population,Census,Instituto de Pesquisa Econômica Aplicada (IPEA),
1,caselli-2013,revenue-education,pmun_exp_funct_educ_cult2000c,Predicted municipal functional expenditures per capita in 2000,invariant / count,,1,dep,0,0,,population2000,population,Census,Instituto de Pesquisa Econômica Aplicada (IPEA),
1,caselli-2013,revenue-house,pmun_exp_funct_hous_urban2000c,Predicted municipal functional expenditures per capita in 2000,invariant / count,,1,dep,0,0,,population2000,population,Census,Instituto de Pesquisa Econômica Aplicada (IPEA),
1,caselli-2013,revenue-transportation,pmun_exp_funct_transport2000c,Predicted municipal functional expenditures per capita in 2000,invariant / count,,1,dep,0,0,,population2000,population,Census,Instituto de Pesquisa Econômica Aplicada (IPEA),
1,caselli-2013,revenue-social,pmun_exp_funct_welf2000c,Predicted municipal functional expenditures per capita in 2000,invariant / count,,1,dep,0,0,,population2000,population,Census,Instituto de Pesquisa Econômica Aplicada (IPEA),
1,caselli-2013,"revenue-education, revenue-house, revenue-transportation, revenue-social",mun_budget_revenue2000_pred_c,The predicted municipal revenues per capita in 2000,invariant / count,,1,instrumented,0,0,,population2000,population,Census,Instituto de Pesquisa Econômica Aplicada (IPEA),
1,egger-2010,all,lwpop,Log population,log count,,1,control,0,0,,wpop,population,,,
1,egger-2010,all,lwpop_2,Log population squared,log count ^ 2,,1,control,0,0,,wpop,population,,,
1,egger-2010,all,lwpop_3,Log population cubed,log count ^ 3,,1,control,0,0,,wpop,population,,,
1,egger-2010,all,right,Council size to the right versus to the left of a threshold in election year t,boolean,,1,ind,0,0,,wpop,population,,,
1,egger-2010,all,lwpop_r1,Log population * right,log count * boolean,,1,control,1,0,,wpop,population,,,
1,egger-2010,all,lwpop_r2,Log population squared * right,log count ^ 2 * boolean,,1,control,1,0,,wpop,population,,,
1,egger-2010,all,lwpop_r3,Log population cubed * right,log count ^ 3 * boolean,,1,control,1,0,,wpop,population,,,
1,redding-2008,all,g_pop,Annualized growth rate of population based on the current and lagged population values,complex,,1,control,0,0,,pop,population,Census,"West Germany, East German",Statistical Yearbooks
1,forman-2012,all,highinc2000,dummy variable of high income in 2000 (based on top quartile in 1990),boolean,assuming highinc2000 = medhhinc1990 > medhhinc1990.quantile(0.75); assuming income clipped at 500k,1,control,0,0,,medhhinc1990,income,Census,U.S. Census Bureau,1990-2000 Decennial Census
1,forman-2012,all,highpop2000,dummy variable of high population in 2000 (top quartile),boolean,assuming highpop2000 = pop >= 150000,1,control,0,0,,pop,population,Census,U.S. Census Bureau,1990-2000 Decennial Census
1,forman-2012,all,allhigh2000,highinc2000 * higheduc2000 * highind2000 * highpop2000,boolean,reconstructed allhigh2000 = highinc2000 * higheduc2000 * highind2000 * highpop2000,1,control,1,0,,"pop, medhhinc1990","income, population",Census,U.S. Census Bureau,1990-2000 Decennial Census
1,forman-2012,all,educ_inc_ind_pop_dum_surv_deep00,surv_deeppost00 * allhigh2000,boolean,reconstructed surv_deeppost00 = surv_deeppost00 * allhigh2000,1,ind,1,0,,"pop, medhhinc1990","income, population",Census,U.S. Census Bureau,1990-2000 Decennial Census
1,forman-2012,all,lnpop,ln population in 1990,log count,reconstructed pop = exp(lnpop),1,control,0,0,,pop,population,Census,U.S. Census Bureau,1990-2000 Decennial Census
1,forman-2012,all,pctblk1990,percentage variables from Census 1990,count / count,reconstructing n* = pct* * pop,1,control,0,0,,"pop, nblk1990",race/ethnicity,Census,U.S. Census Bureau,1990-2000 Decennial Census
1,forman-2012,all,pctunivp1990,percentage variables from Census 1990,count / count,reconstructing n* = pct* * pop,1,control,0,0,,"pop, nunivp1990",education,Census,U.S. Census Bureau,1990-2000 Decennial Census
1,forman-2012,all,pctHSp1990,percentage variables from Census 1990,count / count,reconstructing n* = pct* * pop,1,control,0,0,,"pop, nHSp1990",education,Census,U.S. Census Bureau,1990-2000 Decennial Census
1,forman-2012,all,pctbelowPL1990,percentage variables from Census 1990,count / count,reconstructing n* = pct* * pop,1,control,0,0,,"pop, nbelowPL1990",income,Census,U.S. Census Bureau,1990-2000 Decennial Census
1,forman-2012,all,pct65p1990,percentage variables from Census 1990,count / count,reconstructing n* = pct* * pop,1,control,0,0,,"pop, n65p1990",age,Census,U.S. Census Bureau,1990-2000 Decennial Census
1,forman-2012,all,medhhinc1990,"median hh inc 1990, Census",median,,1,control,0,0,,medhhinc1990,income,Census,U.S. Census Bureau,1990-2000 Decennial Census
1,forman-2012,all,carnegie1_enr,Per capita number of students enrolled in local PhD-granting institutions,count / count,reconstructing n* = * x pop,1,control,0,0,,"pop, ncarnegie1_enr",education,Census,U.S. Census Bureau,1990-2000 Decennial Census
1,forman-2012,all,frac_in_eng_prog,Per capita number of students enrolled in engineering programs at local universities,count / count,reconstructing n* = * x pop,1,control,0,0,,"pop, nfrac_in_eng_prog","education, occupation",Census,U.S. Census Bureau,1990-2000 Decennial Census
1,forman-2012,all,netmig95,net migration to the county (from 1995 data),(count - count) / count,reconstructing pop1995 = netmig95 * pop + pop,1,control,0,0,,"pop, pop1995",population,Census,U.S. Census Bureau,1990-2000 Decennial Census
1,forman-2012,all,change_totalpop,change in log total population between 1990 and 2000,count / count - count / count,reconstructing lnpop2000 = change_totalpop * lnpop + lnpop,1,control,0,0,,"pop, pop2000",population,Census,U.S. Census Bureau,1990-2000 Decennial Census
1,forman-2012,all,change_pctblk,change in * between 1990 and 2000,count / count - count / count,reconstructing pct*2000 = change_* x pct*1990 + pct*1990; reconstructed n*2000 = pct*2000 * pop,1,control,0,0,,"pop, nblk1990, nblk2000",race/ethnicity,Census,U.S. Census Bureau,1990-2000 Decennial Census
1,forman-2012,all,change_pctunivp,change in * between 1990 and 2000,count / count - count / count,reconstructing pct*2000 = change_* x pct*1990 + pct*1990; reconstructed n*2000 = pct*2000 * pop,1,control,0,0,,"pop, nunivp1990, nunivp2000",education,Census,U.S. Census Bureau,1990-2000 Decennial Census
1,forman-2012,all,change_pctHSp,change in * between 1990 and 2000,count / count - count / count,reconstructing pct*2000 = change_* x pct*1990 + pct*1990; reconstructed n*2000 = pct*2000 * pop,1,control,0,0,,"pop, nHSp1990, nHSp2000",education,Census,U.S. Census Bureau,1990-2000 Decennial Census
1,forman-2012,all,change_pct65,change in * between 1990 and 2000,count / count - count / count,reconstructing pct*2000 = change_* x pct*1990 + pct*1990; reconstructed n*2000 = pct*2000 * pop,1,control,0,0,,"pop, n65p1990, n65p2000",age,Census,U.S. Census Bureau,1990-2000 Decennial Census
1,forman-2012,all,wagediff,change in logged wages from 1995 to 2000.,log sum - log sum,"not enough info to deconstruct, sensitivity undefined",0,dep,0,0,,,,,,
1,forman-2012,all,higheduc2000,dummy variable of high education in 2000 (top quartile),boolean,not enough info to deconstruct,0,control,0,0,,,,,,
1,forman-2012,all,frprof,The percentage of the county’s work force in professional occupations in 1990 ,count / count,"work force not given, cannot deconstruct",0,control,0,0,,,,,,
1,forman-2012,all,change_netmig,change in net migration,complex,"05 data not provided, can't compute",0,control,0,0,,,,,,
1,wang-2022,all,agrsh90,Agricultural sector employment share,count / (count + count),reconstructed count_*sh90 = *sh90 * (workers_m90 + workers_f90); reconstructed workers_f90 = emplsh_f90 * pop_f90; reconstructed pop_f90 = exp(lnpop_f90); reconstructed workers_m90 = emplsh_m90 * pop_m90; reconstructed pop_m90 = exp(lnpop_m90),1,control,0,0,,"pop_f90, workers_f90, pop_m90, workers_m90, count_agrsh90",employment,Census,China National Bureau of Statistics,"Population Census 1990, 2005"
1,wang-2022,all,tersh90,Tertiary sector employment share,count / (count + count),reconstructed count_*sh90 = *sh90 * (workers_m90 + workers_f90); reconstructed workers_f90 = emplsh_f90 * pop_f90; reconstructed pop_f90 = exp(lnpop_f90); reconstructed workers_m90 = emplsh_m90 * pop_m90; reconstructed pop_m90 = exp(lnpop_m90),1,control,0,0,,"pop_f90, workers_f90, pop_m90, workers_m90, count_tersh90",employment,Census,China National Bureau of Statistics,"Population Census 1990, 2005"
1,wang-2022,all,soesh90,1990 SOE employment share,count / (count + count),reconstructed count_*sh90 = *sh90 * (workers_m90 + workers_f90); reconstructed workers_f90 = emplsh_f90 * pop_f90; reconstructed pop_f90 = exp(lnpop_f90); reconstructed workers_m90 = emplsh_m90 * pop_m90; reconstructed pop_m90 = exp(lnpop_m90),1,control,0,0,,"pop_f90, workers_f90, pop_m90, workers_m90, count_soesh90",employment,Census,China National Bureau of Statistics,"Population Census 1990, 2005"
1,wang-2022,dtariff-emplmf,demplsh_m,,count / count - count / count,,1,dep,0,0,,"pop_m90, workers_m90, pop_m05, workers_m05","employment, sex/gender",Census,China National Bureau of Statistics,"Population Census 1990, 2005"
1,wang-2022,dtariff-emplmf,emplsh_m90,,count / count,,1,control,0,0,,"pop_m90, workers_m90","employment, sex/gender",Census,China National Bureau of Statistics,"Population Census 1990, 2005"
1,wang-2022,dtariff-emplmf,demplsh_m8290,,count / count - count / count,,1,control,0,0,,"pop_m90, workers_m90","employment, sex/gender",Census,China National Bureau of Statistics,"Population Census 1990, 2005"
1,wang-2022,dtariff-female,fiss_nsoe95,,complex,,0,control,0,0,,,,,,
1,wang-2022,dtariff-female,dfiss_nsoe,,complex,,0,dep,0,0,,,,,,
1,wang-2022,dtariff-dis,disc_nsoe95,,complex,,0,control,0,0,,,,,,
1,wang-2022,dtariff-dis,ddisc_nsoe,,complex,,0,dep,0,0,,,,,,
1,wang-2022,dtariff-compsh,compg_nsoe95,,complex,,0,control,0,0,,,,,,
1,wang-2022,dtariff-compsh,dcompg_nsoe,,complex,,0,dep,0,0,,,,,,
1,furtado-2024,all,age,Average age,sum / count,reconstructed sum_age = age * popczyr; assuming age clipped at 120,1,control,0,1,,"popczyr, sum_age",age,Survey,U.S. Census Bureau,American Community Survey
1,furtado-2024,all,yrsusa,Average years in usa,sum / count,reconstructed sum_yrsusa = yrsusa * popczyr; assuming years in usa clipped at 120,1,control,0,1,,"popczyr, sum_yrsusa","age, immigration",Survey,U.S. Census Bureau,American Community Survey
1,furtado-2024,all,race_b,% * in commuting zone(cz),count / count,reconstructed count_* = */100 * popczyr,1,control,0,1,,"popczyr, count_race_b",race/ethnicity,Survey,U.S. Census Bureau,American Community Survey
1,furtado-2024,all,race_h,% * in commuting zone(cz),count / count,reconstructed count_* = */100 * popczyr,1,control,0,1,,"popczyr, count_race_h",race/ethnicity,Survey,U.S. Census Bureau,American Community Survey
1,furtado-2024,all,race_m,% * in commuting zone(cz),count / count,reconstructed count_* = */100 * popczyr,1,control,0,1,,"popczyr, count_race_m",race/ethnicity,Survey,U.S. Census Bureau,American Community Survey
1,furtado-2024,all,race_an,% * in commuting zone(cz),count / count,reconstructed count_* = */100 * popczyr,1,control,0,1,,"popczyr, count_race_an",race/ethnicity,Survey,U.S. Census Bureau,American Community Survey
1,furtado-2024,all,race_o,% * in commuting zone(cz),count / count,reconstructed count_* = */100 * popczyr,1,control,0,1,,"popczyr, count_race_o",race/ethnicity,Survey,U.S. Census Bureau,American Community Survey
1,furtado-2024,all,female,% * in commuting zone(cz),count / count,reconstructed count_* = */100 * popczyr,1,control,0,1,,"popczyr, count_female",sex/gender,Survey,U.S. Census Bureau,American Community Survey
1,furtado-2024,all,edu_hs,% * in commuting zone(cz),count / count,reconstructed count_* = */100 * popczyr,1,control,0,1,,"popczyr, count_edu_hs",education,Survey,U.S. Census Bureau,American Community Survey
1,furtado-2024,import-eng,goodeng,% * in commuting zone(cz),count / count,reconstructed count_* = */100 * popczyr,1,,0,1,,"popczyr, count_goodeng",language,Survey,U.S. Census Bureau,American Community Survey
1,furtado-2024,import-edu,enroll,% * in commuting zone(cz),count / count,reconstructed count_* = */100 * popczyr,1,,0,1,,"popczyr, count_enroll",education,Survey,U.S. Census Bureau,American Community Survey
1,furtado-2024,all,l_shind_manuf_cbp,"% employment in manufacturing, lagged",count / count,reconstructed count_l_shind_manuf_cbp = l_shind_manuf_cbp / 100 * l_no_workers_totcbp,1,control,0,1,,"count_l_shind_manuf_cbp, l_no_workers_totcbp",employment,Survey,U.S. Census Bureau,American Community Survey
1,furtado-2024,all,l_sh_popedu_c,"% pop with college degree, lagged",count / count,reconstructed count_l_sh_popedu_c = l_sh_popedu_c / 100 * l_popcount,1,control,0,1,,"count_l_sh_popedu_c, l_popcount",education,Survey,U.S. Census Bureau,American Community Survey
1,furtado-2024,all,l_sh_empl_f,Percent of women employed,count / count,"# female workers not available from autor-2013, can't noise",0,control,0,1,,,,Survey,U.S. Census Bureau,American Community Survey
1,furtado-2024,all,d_tradeusch_pw_adh,change in imports per worker,invariant / count,reconstructed d_tradeusch = d_tradeusch_pw_adh * l_no_workers_totcbp ,1,instrumented,0,1,,l_no_workers_totcbp,employment,Survey,U.S. Census Bureau,American Community Survey
1,furtado-2024,all,d_tradeotch_pw_lag_adh,change in imports per worker lagged,invariant / count,"not noised, can't figure out how to reconstruct",0,instrument,0,1,,,,Survey,U.S. Census Bureau,American Community Survey
1,furtado-2024,all,cell_wt,,count / count,reconstrcuted cell_wt = popczyr / totpopyear,1,weights,0,1,,"popczyr, totpopyear",population,Survey,U.S. Census Bureau,American Community Survey
1,furtado-2024,import-eng,d_goodeng,change in % good english; first difference?,count / count - count / count,reconstructed d_goodeng = first diff goodeng; only partially reconstrcuted; base year not provided,1,dep,0,1,,"popczyr, count_goodeng",language,Survey,U.S. Census Bureau,American Community Survey
1,furtado-2024,import-edu,d_enroll,change in % enrolled in school; first difference,count / count - count / count,reconstructed d_enroll = first diff enroll; only partially reconstrcuted; base year not provided,1,dep,0,1,,"popczyr, count_enroll",education,Survey,U.S. Census Bureau,American Community Survey
1,fortin-2006,lnstapc-enroll,pop,population weights,count,,1,weights,0,0,,pop,population,Estimates,U.S. Census Bureau,Population Estimates
1,fortin-2006,lnstapc-enroll,lncolage,Log college-age population,log count,created  new var colage = exp(lncolage) * 1000,1,control,0,0,,colage,"age, education",Estimates,U.S. Census Bureau,Population Estimates
1,fortin-2006,lnstapc-enroll,lntenpc,STATE LOG FTE-4YR PUBLIC ENROLLMENT RATES,log (count / count),created new var enroll_pub = exp(lntenpc) * colage,1,dep,0,0,,"colage, enroll_pub",education,Survey,Integrated Postsecondary Education Data System (IPEDS),
1,fortin-2006,lnstapc-enroll,lnstapc,Log state appropriations per college-age person,log invariant / count,created new var lnsta = exp(lnstapc) * colage,1,ind,0,0,,colage,age,Survey,Integrated Postsecondary Education Data System (IPEDS),
1,fortin-2006,owncor-sup-3,lnpricol,Log FTE 4-yr private enrollment per college-age person,log (count / count),created new var enroll_pri = exp(lnpricol + lncolage),1,control,0,0,,"colage, enroll_pri","age, education",Survey,Integrated Postsecondary Education Data System (IPEDS),
1,fortin-2006,owncor-sup-3,ppubnc,Predicted log FTE 4-yr public enrollment per college-age person (predicted value),regression,created new var enroll_pub = exp(lnpubcol + lncolage); created new var lnsta = exp(lnstappc) * colage,1,instrument,0,0,,"colage, enroll_pub","age, education",Survey,Integrated Postsecondary Education Data System (IPEDS),
1,fortin-2006,owncor-sup-3,ygrsup,Own-cohort relative supply ln(CY/HY),log (count / count),younger_workers or older_workers not provided in dataset; not enough info for DP sensitivity analysis,0,instrumented,0,0,,,,,,
1,fortin-2006,owncor-sup-3,oldrsup,Relative supply of older workers ln(CO/HO),log (count / count),older_workers or young_workers not provided in dataset; not enough info for DP sensitivity analysis,0,control,0,0,,,,,,
1,fortin-2006,owncor-sup-3,lnurate,Log state unemployment rate,log (count / count),"num employees not provided, not enough info for DP",0,control,0,0,,,,,,
1,fortin-2006,owncor-sup-3,GAP,COLLEGE–HIGH SCHOOL LOG WAGE PREMIUM FOR WORKERS AGE 26 –35 ,log sum / sum,college wages or high school wages not provided in dataset; not enough info for DP sensitivity analysis,0,dep,0,0,,,,,,
1,fortin-2006,owncor-sup-3,vwgt,weights are the inverse of the sampling variance of the estimated wage premia,complex,not enough info for wage premia,0,weights,0,0,,,,,,
1,fisman-2017,nsnp-dc,exceedquota,whether death ceiling is exceeded,boolean,,1,dep,0,0,,"reportedall, reportedagriculture, reportedcoal, reportedfire, reportedimct, reportedrailway, reportedsevereaccidents, reportedtransportation",medical,Administrative,China State Administration of Worker Safety,People's Daily
1,fisman-2017,lnceil-dgc,ln_reported_lag,lagged log of reported deaths,log count,,1,control,0,0,,"reportedall, reportedagriculture, reportedcoal, reportedfire, reportedimct, reportedrailway, reportedsevereaccidents, reportedtransportation",medical,Administrative,China State Administration of Worker Safety,People's Daily
1,fisman-2017,lnceil-dgc,exceedquota_lag,exceedquota lagged,boolean,,1,control,0,0,,"reportedall, reportedagriculture, reportedcoal, reportedfire, reportedimct, reportedrailway, reportedsevereaccidents, reportedtransportation",medical,Administrative,China State Administration of Worker Safety,People's Daily
1,fisman-2017,lnceil-dgc,ln_reported_exceedquota_x_lag,exceedquota_lag * ln_reported_lag,complex,,1,ind,1,0,,"reportedall, reportedagriculture, reportedcoal, reportedfire, reportedimct, reportedrailway, reportedsevereaccidents, reportedtransportation",medical,Administrative,China State Administration of Worker Safety,People's Daily
1,antecol-2018,all,faculty,"faculty size, in hundreds",count,,1,control,0,0,,faculty,occupation,Survey,Integrated Post-Secondary Education Data System,
1,antecol-2018,all,female_ratio,the fraction of the faculty who are female,count / count,reconstructed n_female = female_ratio * faculty * 100,1,control,0,0,,"n_female, faculty","sex/gender, occupation",Survey,Integrated Post-Secondary Education Data System,
1,antecol-2018,all,full_ratio,the fraction of the faculty who are full professors,count / count,reconstructed n_full = full_ratio * faculty * 100,1,control,0,0,,"n_full, faculty",occupation,Survey,Integrated Post-Secondary Education Data System,
1,antecol-2018,all,ug_students,"number of undergraduate students, in thousands",count,,1,control,0,0,,ug_students,occupation,Survey,Integrated Post-Secondary Education Data System,
1,antecol-2018,all,grad_students,"number of graduate students, in thousands",count,,1,control,0,0,,grad_students,occupation,Survey,Integrated Post-Secondary Education Data System,
1,antecol-2018,all,full_av_salary,"average salary of full professors, in thousands",sum / count,reconstructing full_total_salary = full_av_salary * n_full; assuming salary capped at 500k,1,control,0,0,,"full_total_salary, n_full",income,Survey,Integrated Post-Secondary Education Data System,
1,antecol-2018,all,assist_av_salary,"average salary of assistant professors, in thousands",sum / count,assuming professors either full or assistant; reconstructing assist_total_salary = assist_av_salary * (faculty * 100 - n_full),1,control,0,0,,"full_total_salary, n_full, faculty",income,Survey,Integrated Post-Secondary Education Data System,
1,cunningham-2018,all,deaths_nw_police,Non-White Police Deaths,count,,1,dep,0,0,,deaths_nw_police,crime,Administrative,US Department of Health and Human Services,Vital Statistics Multiple-Cause of Death Files
1,cunningham-2018,all,_popwgt_nw,Population Weight based on 1960 Total Population Non-White,count,,1,weights,0,0,,_popwgt_nw,race/ethnicity,Blended,SEER,"Surveillance, Epidemiology, and End Results Program (SEER)"
1,cunningham-2018,all,x_blacktrend,% pop black x trend,count / count * invariant,assuming that trend is not personal; not sure what this is; reconstructing trend = x_blacktrend * _popwgt / _popwgt_nw,1,control,1,0,,"_popwgt_nw, _popwgt_w",race/ethnicity,Blended,SEER,"Surveillance, Epidemiology, and End Results Program (SEER)"
1,cunningham-2018,all,x_dentrend,pop per sq mile x trend,count * invariant,assuming that trend is not personal; not sure what this is; reconstructing mileage_per_trend = _popwgt / x_dentrend; reconstructing _popwgt = _popwgt_nw + _popwgt_w,1,control,1,0,,"_popwgt_nw, _popwgt_w",population,Blended,SEER,"Surveillance, Epidemiology, and End Results Program (SEER)"
1,cunningham-2018,all,x_uetrend,LFPR Unemp x trend,count / count * invariant,"no info about emp, lf, cannot determine sensitivity",0,control,1,0,,,,,,
1,cunningham-2018,all,x_pubtranstrend,% worker public tran x trend,count / count * invariant,"no info about emp, lf, cannot determine sensitivity",0,control,1,0,,,,,,
1,cunningham-2018,all,x_povertytrend,% faminc < 3K x trend,count * invariant,not enough info to separate n_low_inc from trend,0,control,1,0,,,,,,
1,cunningham-2018,all,x_whiteinctrend,med fam inc white x trend,sum * invariant,not enough info to separate med fam inc white from trend,0,control,1,0,,,,,,
1,cunningham-2018,all,x_blackinctrend,med fam inc blk x trend,sum * invariant,not enough info to separate med fam inc blk from trend,0,control,1,0,,,,,,
1,cunningham-2018,all,x_pubasstrend, #pub asst recipients x trend,count * invariant,not enough info to separate pub asst recipients from trend,0,control,1,0,,,,,,
1,cunningham-2018,all,x_owntrend,black owner occupied x trend,count * invariant,not enough info to separate black owner occupied from trend,0,control,1,0,,,,,,
1,sviatschi-2019,all,treat7x9,at least one homicide * the number of years of schooling of individuals between 18 and 45 per cohort-municipality of birth,boolean * invariant,,1,ind,1,0,,TOTAL,crime,,,
1,sviatschi-2019,all,treat10x12,at least one homicide * the number of years of schooling of individuals between 18 and 45 per cohort-municipality of birth,boolean * invariant,,1,control,1,0,,TOTAL,crime,,,
1,sviatschi-2019,all,treat13x15,at least one homicide * the number of years of schooling of individuals between 18 and 45 per cohort-municipality of birth,boolean * invariant,,1,control,1,0,,TOTAL,crime,,,
1,sviatschi-2019,all,treat16x1,at least one homicide * the number of years of schooling of individuals between 18 and 45 per cohort-municipality of birth,boolean * invariant,,1,control,1,0,,TOTAL,crime,,,
1,combs-2021,all,lnrealtcurelscpp,Log Current operating expenditure per-pupil,log invariant / count,reconstructing lnrealtcurelscpp = ln(realtcurelscpp); reconstructing realtcurelsc = exp(lnrealtcurelscpp) * enrollment,1,dep,0,0,,enrollment,education,Survey,National Center for Education Statistics (NCES),F-33 Survey of School District Finances
1,combs-2021,all,lntaxableratio1,ratio between taxable share of median voter's property and taxable share of district-wide property when threshold set to 50%,complex,reconstructing lntaxableratio1; reconstructing taxshare = medval2 / nomassessaltpp; reconstructing nomassessaltpp = nomassessalt / enrollment; reconstructing claimants = p50num / claimp50sh,1,instrumented,0,1,,"enrollment, p50num, claimants","education, income",Blended,"Kentucky Department of Revenue, U.S. Census Bureau",American Community Survey
1,combs-2021,all,lntaxshare,Median voter's tax share,invariant * count,reconstructing lntaxshare = ln(taxshare),1,ind,0,0,,enrollment,education,Administrative,Kentucky Department of Revenue,
1,combs-2021,all,lnrealp50inc,Median household income,median,reconstructing lnrealp50inc = ln(realp50inc); assuming income clipped at 500k,1,control,0,0,,realp50inc,income,Survey,U.S. Census Bureau,American Community Survey
1,combs-2021,all,pctefrl2,% students free/reduced lunch,count / count,reconstructing count_* = * / 100 x enrollment,1,control,0,0,,"enrollment, count_pctefrl2","education, income",Administrative,National Center for Education Statistics (NCES),Common Core of Data
1,combs-2021,all,pctsped2,% students special ed,count / count,reconstructing count_* = * / 100 x enrollment,1,control,0,0,,"enrollment, count_pctsped2","education, disability",Administrative,National Center for Education Statistics (NCES),Common Core of Data
1,combs-2021,all,pctlep2,% students limited English,count / count,reconstructing count_* = * / 100 x enrollment,1,control,0,0,,"enrollment, count_pctlep2","education, language",Administrative,National Center for Education Statistics (NCES),Common Core of Data
1,combs-2021,all,lnivtaxableratio1,same but average take-up rate,complex,reconstructing ivtakeup = (1 - exp(lnivtaxableratio1) * (1-exemptrate)) / taxshare * claimants,1,instrument,0,1,,"enrollment, p50num, claimants","education, income",Blended,"Kentucky Department of Revenue, U.S. Census Bureau",American Community Survey
1,combs-2021,all,bachplus,% Adults with B.A.+,count / count,reconstructing count_bachplus = bachplus / 100 * pop * (100 - youthpct),1,control,0,0,,"pop, count_youthpct, count_bachplus",education,Survey,U.S. Census Bureau,American Community Survey
1,combs-2021,all,homeown,Homeownership rate,count / count,reconstructed households = homeowntotimp / homeown * 100,1,control,0,0,,"homeowntotimp, households",homeownership,Survey,U.S. Census Bureau,American Community Survey
1,combs-2021,all,black, % pop *,count / count,created inter var count_* = * x pop,1,control,0,0,,"pop, count_black",race/ethnicity,Survey,U.S. Census Bureau,American Community Survey
1,combs-2021,all,youthpct, % pop *,count / count,created inter var count_* = * x pop,1,control,0,0,,"pop, count_youthpct",age,Survey,U.S. Census Bureau,American Community Survey
1,combs-2021,all,oldhosh, % homeowners age 65+,count / count,created inter var count_* = * x pop,1,control,0,0,,"homeowntotimp, oldhoimp",age,Survey,U.S. Census Bureau,American Community Survey
1,combs-2021,all,disabhosh,% of homeowners with a disability,count / count,reconstructing disabhosh = disabhotot / homeowntotimp * 100,1,control,0,1,,"homeowntotimp, disabhotot",disability,Blended,"Kentucky Department of Revenue, U.S. Census Bureau",American Community Survey
1,combs-2021,all,lnenrollment,Enrollment,log count,reconstructing lnenrollment = ln(enrollment),1,control,0,0,,enrollment,education,Administrative,National Center for Education Statistics (NCES),Common Core of Data
1,combs-2021,all,lnenrollmentsq, Enrollment squared,log count ^ 2,reconstructing lnenrollmentsq = lnenrollment^2,1,control,0,0,,enrollment,education,Administrative,National Center for Education Statistics (NCES),Common Core of Data
1,combs-2021,all,lntaxableratio1terc,"annual tercile rank of a school’s expenditure and the unweighted average district level, per pupil expenditure among districts in neighboring counties",complex,"cannot reconstruct, no geographic info",0,instrument,0,1,,,,,,
1,combs-2021,all,ivaidshare1,same but average take-up rate,complex,"same as aidsharestyinger1; probably private, but can't figure out how to reconstruct",0,instrument,0,1,,,,,,
1,combs-2021,all,aidsharestyinger1,"State aid share, 50% threshold",??,"probably private, but can't figure out how to reconstruct",0,instrumented,0,1,,,,,,
1,bohn-2015,all,ln_arrests_hf,"Ln Arrests per Capita, by Ethnicity [Bexar County]",log (count / count),reconstructed ln_arrests_hf = log (arrests_hf + 0.01); reconstructing popinterpolated = arrests / arrests_hf * 1000; assuming individual can only contribute to interpolated pop at most 1/2,1,dep,0,0,,"popinterpolated, arrests",crime,Administrative,Bexar County Department of Information Technology,
1,bohn-2015,misde-poverty,i_povrate_enacted,Poverty Rate x IRCA Enacted ,invariant * count / count,reconstructed n_`v` = `v` * pop / 100; reconstructed `t`_`v` = i_`v`_`t` / `v`,1,ind,1,0,,"pop, n_povrate",income,Census,U.S. Census Bureau,1990 Decennial Census
1,bohn-2015,misde-poverty,i_povrate_exLAW,Poverty Rate x LAW Expiry,invariant * count / count,reconstructed n_`v` = `v` * pop / 100; reconstructed `t`_`v` = i_`v`_`t` / `v`,1,control,1,0,,"pop, n_povrate",income,Census,U.S. Census Bureau,1990 Decennial Census
1,bohn-2015,misde-poverty,i_povrate_exSAW,Poverty Rate x SAW Expiry ,invariant * count / count,reconstructed n_`v` = `v` * pop / 100; reconstructed `t`_`v` = i_`v`_`t` / `v`,1,control,1,0,,"pop, n_povrate",income,Census,U.S. Census Bureau,1990 Decennial Census
1,bohn-2015,misde-immigrant,i_pct_foreign_enacted,Foreign Born x IRCA Enacted,invariant * count / count,reconstructed n_`v` = `v` * pop / 100; reconstructed `t`_`v` = i_`v`_`t` / `v`,1,ind,1,0,,"pop, n_pct_foreign",nationality,Census,U.S. Census Bureau,1990 Decennial Census
1,bohn-2015,misde-immigrant,i_pct_foreign_exLAW,Foreign Born x LAW Expiry,invariant * count / count,reconstructed n_`v` = `v` * pop / 100; reconstructed `t`_`v` = i_`v`_`t` / `v`,1,control,1,0,,"pop, n_pct_foreign",nationality,Census,U.S. Census Bureau,1990 Decennial Census
1,bohn-2015,misde-immigrant,i_pct_foreign_exSAW,Foreign Born x SAW Expiry,invariant * count / count,reconstructed n_`v` = `v` * pop / 100; reconstructed `t`_`v` = i_`v`_`t` / `v`,1,control,1,0,,"pop, n_pct_foreign",nationality,Census,U.S. Census Bureau,1990 Decennial Census
1,dellavigna-2014,all,logpop,village-level Population (logged) + 1,log count,reconstructed logpop = log (population + 1),1,control,0,0,,population,geography,Census,Croatian Census of 2001,
1,dellavigna-2014,all,Nazi_share,"village-level Vote share for extremely nationalistic parties (HSP, HCSP, HP-HPP)",sum(counts) / count,reconstructed Nazi_share = (hsp + hcsp + hp_hpp) / votes_counted,1,dep,0,0,,"hsp, hcsp, hp_hpp, votes_counted",voting,Administrative,Central Election Commission of Croatia,
1,dellavigna-2014,all,people_listed,People listed to vote,count,,1,weights,0,0,,people_listed,voting,Administrative,Central Election Commission of Croatia,
1,dellavigna-2014,all,male_share,village-level % of male population,count / count,reconstructed male_share = males / population,1,control,0,0,,"males, population",sex/gender,Census,Croatian Census of 2001,
1,dellavigna-2014,all,z2,village-level % of aged 21-40,sum(counts) / count,reconstructed z2 = (age20_24 + age25_29 + age30_34 + age35_39) / totpop,1,control,0,0,,"age20_24, age25_29, age30_34, age35_39, totpop",age,Census,Croatian Census of 2001,
1,dellavigna-2014,all,z3,village-level % of aged 41-60,sum(counts) / count,reconstructed z3 = (age40_44 + age45_49 + age50_54 + age55_59) / totpop,1,control,0,0,,"age40_44, age45_49, age50_54, age55_59, totpop",age,Census,Croatian Census of 2001,
1,dellavigna-2014,all,z6,village-level % of aged 61+,sum(counts) / count,reconstructed z6 = (age60_64 + age65_69 + age70_74 + age75_79 + age80_84 + age85_89 + age90_94 + age95plus) / totpop,1,control,0,0,,"age60_64, age65_69, age70_74, age80_84, age85_89, age90_94, age95plus, totpop",age,Census,Croatian Census of 2001,
1,dellavigna-2014,all,Croats,village-level % of Croats,count / count,reconstructing n_* = * x opspop,1,control,0,0,,"n_Croats, opspop",race/ethnicity,Census,Croatian Census of 2001,
1,dellavigna-2014,all,higher_educ,village-level share of people with higher education,count / count,reconstructing n_* = * x opspop,1,control,0,0,,"n_higher_educ, opspop",education,Census,Croatian Census of 2001,
1,dellavigna-2014,all,ec_activate,"village-level Economically active population, %",count / count,reconstructing n_* = * x opspop,1,control,0,0,,"n_ec_activate, opspop",employment,Census,Croatian Census of 2001,
1,dellavigna-2014,all,disable_share2,"village-level Disabled after the war of independence, % of opsina population",count / count,reconstructing disable_share2 = disabled_from_war / opspop; created inter var opspop = exp(logopspop) - 1,1,control,0,0,,"opspop, disabled_from_war",disability,Census,Croatian Census of 2001,
1,nguyen-2019,all,poptot1999,total population * year dummy variable,count * invariant,,1,control,1,0,,poptot,population,Census,U.S. Census Bureau,2000 Decennial Census
1,nguyen-2019,all,poptot2000,total population * year dummy variable,count * invariant,,1,control,1,0,,poptot,population,Census,U.S. Census Bureau,2000 Decennial Census
1,nguyen-2019,all,poptot2001,total population * year dummy variable,count * invariant,,1,control,1,0,,poptot,population,Census,U.S. Census Bureau,2000 Decennial Census
1,nguyen-2019,all,poptot2002,total population * year dummy variable,count * invariant,,1,control,1,0,,poptot,population,Census,U.S. Census Bureau,2000 Decennial Census
1,nguyen-2019,all,poptot2003,total population * year dummy variable,count * invariant,,1,control,1,0,,poptot,population,Census,U.S. Census Bureau,2000 Decennial Census
1,nguyen-2019,all,poptot2004,total population * year dummy variable,count * invariant,,1,control,1,0,,poptot,population,Census,U.S. Census Bureau,2000 Decennial Census
1,nguyen-2019,all,poptot2005,total population * year dummy variable,count * invariant,,1,control,1,0,,poptot,population,Census,U.S. Census Bureau,2000 Decennial Census
1,nguyen-2019,all,poptot2006,total population * year dummy variable,count * invariant,,1,control,1,0,,poptot,population,Census,U.S. Census Bureau,2000 Decennial Census
1,nguyen-2019,all,poptot2007,total population * year dummy variable,count * invariant,,1,control,1,0,,poptot,population,Census,U.S. Census Bureau,2000 Decennial Census
1,nguyen-2019,all,poptot2008,total population * year dummy variable,count * invariant,,1,control,1,0,,poptot,population,Census,U.S. Census Bureau,2000 Decennial Census
1,nguyen-2019,all,poptot2009,total population * year dummy variable,count * invariant,,1,control,1,0,,poptot,population,Census,U.S. Census Bureau,2000 Decennial Census
1,nguyen-2019,all,poptot2010,total population * year dummy variable,count * invariant,,1,control,1,0,,poptot,population,Census,U.S. Census Bureau,2000 Decennial Census
1,nguyen-2019,all,poptot2011,total population * year dummy variable,count * invariant,,1,control,1,0,,poptot,population,Census,U.S. Census Bureau,2000 Decennial Census
1,nguyen-2019,all,poptot2012,total population * year dummy variable,count * invariant,,1,control,1,0,,poptot,population,Census,U.S. Census Bureau,2000 Decennial Census
1,nguyen-2019,all,popdensity1999,population density * year dummy,count * invariant,created inter var landarea = poptot / popdensity,1,control,1,0,,poptot,population,Census,U.S. Census Bureau,2000 Decennial Census
1,nguyen-2019,all,popdensity2000,population density * year dummy,count * invariant,created inter var landarea = poptot / popdensity,1,control,1,0,,poptot,population,Census,U.S. Census Bureau,2000 Decennial Census
1,nguyen-2019,all,popdensity2001,population density * year dummy,count * invariant,created inter var landarea = poptot / popdensity,1,control,1,0,,poptot,population,Census,U.S. Census Bureau,2000 Decennial Census
1,nguyen-2019,all,popdensity2002,population density * year dummy,count * invariant,created inter var landarea = poptot / popdensity,1,control,1,0,,poptot,population,Census,U.S. Census Bureau,2000 Decennial Census
1,nguyen-2019,all,popdensity2003,population density * year dummy,count * invariant,created inter var landarea = poptot / popdensity,1,control,1,0,,poptot,population,Census,U.S. Census Bureau,2000 Decennial Census
1,nguyen-2019,all,popdensity2004,population density * year dummy,count * invariant,created inter var landarea = poptot / popdensity,1,control,1,0,,poptot,population,Census,U.S. Census Bureau,2000 Decennial Census
1,nguyen-2019,all,popdensity2005,population density * year dummy,count * invariant,created inter var landarea = poptot / popdensity,1,control,1,0,,poptot,population,Census,U.S. Census Bureau,2000 Decennial Census
1,nguyen-2019,all,popdensity2006,population density * year dummy,count * invariant,created inter var landarea = poptot / popdensity,1,control,1,0,,poptot,population,Census,U.S. Census Bureau,2000 Decennial Census
1,nguyen-2019,all,popdensity2007,population density * year dummy,count * invariant,created inter var landarea = poptot / popdensity,1,control,1,0,,poptot,population,Census,U.S. Census Bureau,2000 Decennial Census
1,nguyen-2019,all,popdensity2008,population density * year dummy,count * invariant,created inter var landarea = poptot / popdensity,1,control,1,0,,poptot,population,Census,U.S. Census Bureau,2000 Decennial Census
1,nguyen-2019,all,popdensity2009,population density * year dummy,count * invariant,created inter var landarea = poptot / popdensity,1,control,1,0,,poptot,population,Census,U.S. Census Bureau,2000 Decennial Census
1,nguyen-2019,all,popdensity2010,population density * year dummy,count * invariant,created inter var landarea = poptot / popdensity,1,control,1,0,,poptot,population,Census,U.S. Census Bureau,2000 Decennial Census
1,nguyen-2019,all,popdensity2011,population density * year dummy,count * invariant,created inter var landarea = poptot / popdensity,1,control,1,0,,poptot,population,Census,U.S. Census Bureau,2000 Decennial Census
1,nguyen-2019,all,popdensity2012,population density * year dummy,count * invariant,created inter var landarea = poptot / popdensity,1,control,1,0,,poptot,population,Census,U.S. Census Bureau,2000 Decennial Census
1,nguyen-2019,all,pminority1999,fraction minority * year dummy variable,count / count * invariant,created new variable minority = pminority * totpop,1,control,1,0,,"poptot, minority",race,Census,U.S. Census Bureau,2000 Decennial Census
1,nguyen-2019,all,pminority2000,fraction minority * year dummy variable,count / count * invariant,created new variable minority = pminority * totpop,1,control,1,0,,"poptot, minority",race,Census,U.S. Census Bureau,2000 Decennial Census
1,nguyen-2019,all,pminority2001,fraction minority * year dummy variable,count / count * invariant,created new variable minority = pminority * totpop,1,control,1,0,,"poptot, minority",race,Census,U.S. Census Bureau,2000 Decennial Census
1,nguyen-2019,all,pminority2002,fraction minority * year dummy variable,count / count * invariant,created new variable minority = pminority * totpop,1,control,1,0,,"poptot, minority",race,Census,U.S. Census Bureau,2000 Decennial Census
1,nguyen-2019,all,pminority2003,fraction minority * year dummy variable,count / count * invariant,created new variable minority = pminority * totpop,1,control,1,0,,"poptot, minority",race,Census,U.S. Census Bureau,2000 Decennial Census
1,nguyen-2019,all,pminority2004,fraction minority * year dummy variable,count / count * invariant,created new variable minority = pminority * totpop,1,control,1,0,,"poptot, minority",race,Census,U.S. Census Bureau,2000 Decennial Census
1,nguyen-2019,all,pminority2005,fraction minority * year dummy variable,count / count * invariant,created new variable minority = pminority * totpop,1,control,1,0,,"poptot, minority",race,Census,U.S. Census Bureau,2000 Decennial Census
1,nguyen-2019,all,pminority2006,fraction minority * year dummy variable,count / count * invariant,created new variable minority = pminority * totpop,1,control,1,0,,"poptot, minority",race,Census,U.S. Census Bureau,2000 Decennial Census
1,nguyen-2019,all,pminority2007,fraction minority * year dummy variable,count / count * invariant,created new variable minority = pminority * totpop,1,control,1,0,,"poptot, minority",race,Census,U.S. Census Bureau,2000 Decennial Census
1,nguyen-2019,all,pminority2008,fraction minority * year dummy variable,count / count * invariant,created new variable minority = pminority * totpop,1,control,1,0,,"poptot, minority",race,Census,U.S. Census Bureau,2000 Decennial Census
1,nguyen-2019,all,pminority2009,fraction minority * year dummy variable,count / count * invariant,created new variable minority = pminority * totpop,1,control,1,0,,"poptot, minority",race,Census,U.S. Census Bureau,2000 Decennial Census
1,nguyen-2019,all,pminority2010,fraction minority * year dummy variable,count / count * invariant,created new variable minority = pminority * totpop,1,control,1,0,,"poptot, minority",race,Census,U.S. Census Bureau,2000 Decennial Census
1,nguyen-2019,all,pminority2011,fraction minority * year dummy variable,count / count * invariant,created new variable minority = pminority * totpop,1,control,1,0,,"poptot, minority",race,Census,U.S. Census Bureau,2000 Decennial Census
1,nguyen-2019,all,pminority2012,fraction minority * year dummy variable,count / count * invariant,created new variable minority = pminority * totpop,1,control,1,0,,"poptot, minority",race,Census,U.S. Census Bureau,2000 Decennial Census
1,nguyen-2019,all,pcollege1999,fraction college-educated * year dummy variable,count / count * invariant,created new variable college = pcollege * totpop,1,control,1,0,,"poptot, college",education,Census,U.S. Census Bureau,2000 Decennial Census
1,nguyen-2019,all,pcollege2000,fraction college-educated * year dummy variable,count / count * invariant,created new variable college = pcollege * totpop,1,control,1,0,,"poptot, college",education,Census,U.S. Census Bureau,2000 Decennial Census
1,nguyen-2019,all,pcollege2001,fraction college-educated * year dummy variable,count / count * invariant,created new variable college = pcollege * totpop,1,control,1,0,,"poptot, college",education,Census,U.S. Census Bureau,2000 Decennial Census
1,nguyen-2019,all,pcollege2002,fraction college-educated * year dummy variable,count / count * invariant,created new variable college = pcollege * totpop,1,control,1,0,,"poptot, college",education,Census,U.S. Census Bureau,2000 Decennial Census
1,nguyen-2019,all,pcollege2003,fraction college-educated * year dummy variable,count / count * invariant,created new variable college = pcollege * totpop,1,control,1,0,,"poptot, college",education,Census,U.S. Census Bureau,2000 Decennial Census
1,nguyen-2019,all,pcollege2004,fraction college-educated * year dummy variable,count / count * invariant,created new variable college = pcollege * totpop,1,control,1,0,,"poptot, college",education,Census,U.S. Census Bureau,2000 Decennial Census
1,nguyen-2019,all,pcollege2005,fraction college-educated * year dummy variable,count / count * invariant,created new variable college = pcollege * totpop,1,control,1,0,,"poptot, college",education,Census,U.S. Census Bureau,2000 Decennial Census
1,nguyen-2019,all,pcollege2006,fraction college-educated * year dummy variable,count / count * invariant,created new variable college = pcollege * totpop,1,control,1,0,,"poptot, college",education,Census,U.S. Census Bureau,2000 Decennial Census
1,nguyen-2019,all,pcollege2007,fraction college-educated * year dummy variable,count / count * invariant,created new variable college = pcollege * totpop,1,control,1,0,,"poptot, college",education,Census,U.S. Census Bureau,2000 Decennial Census
1,nguyen-2019,all,pcollege2008,fraction college-educated * year dummy variable,count / count * invariant,created new variable college = pcollege * totpop,1,control,1,0,,"poptot, college",education,Census,U.S. Census Bureau,2000 Decennial Census
1,nguyen-2019,all,pcollege2009,fraction college-educated * year dummy variable,count / count * invariant,created new variable college = pcollege * totpop,1,control,1,0,,"poptot, college",education,Census,U.S. Census Bureau,2000 Decennial Census
1,nguyen-2019,all,pcollege2010,fraction college-educated * year dummy variable,count / count * invariant,created new variable college = pcollege * totpop,1,control,1,0,,"poptot, college",education,Census,U.S. Census Bureau,2000 Decennial Census
1,nguyen-2019,all,pcollege2011,fraction college-educated * year dummy variable,count / count * invariant,created new variable college = pcollege * totpop,1,control,1,0,,"poptot, college",education,Census,U.S. Census Bureau,2000 Decennial Census
1,nguyen-2019,all,pcollege2012,fraction college-educated * year dummy variable,count / count * invariant,created new variable college = pcollege * totpop,1,control,1,0,,"poptot, college",education,Census,U.S. Census Bureau,2000 Decennial Census
1,nguyen-2019,all,medincome1999,median income * year dummy,median * invariant,,1,control,1,0,,medincome,income,Census,U.S. Census Bureau,2000 Decennial Census
1,nguyen-2019,all,medincome2000,median income * year dummy,median * invariant,,1,control,1,0,,medincome,income,Census,U.S. Census Bureau,2000 Decennial Census
1,nguyen-2019,all,medincome2001,median income * year dummy,median * invariant,,1,control,1,0,,medincome,income,Census,U.S. Census Bureau,2000 Decennial Census
1,nguyen-2019,all,medincome2002,median income * year dummy,median * invariant,,1,control,1,0,,medincome,income,Census,U.S. Census Bureau,2000 Decennial Census
1,nguyen-2019,all,medincome2003,median income * year dummy,median * invariant,,1,control,1,0,,medincome,income,Census,U.S. Census Bureau,2000 Decennial Census
1,nguyen-2019,all,medincome2004,median income * year dummy,median * invariant,,1,control,1,0,,medincome,income,Census,U.S. Census Bureau,2000 Decennial Census
1,nguyen-2019,all,medincome2005,median income * year dummy,median * invariant,,1,control,1,0,,medincome,income,Census,U.S. Census Bureau,2000 Decennial Census
1,nguyen-2019,all,medincome2006,median income * year dummy,median * invariant,,1,control,1,0,,medincome,income,Census,U.S. Census Bureau,2000 Decennial Census
1,nguyen-2019,all,medincome2007,median income * year dummy,median * invariant,,1,control,1,0,,medincome,income,Census,U.S. Census Bureau,2000 Decennial Census
1,nguyen-2019,all,medincome2008,median income * year dummy,median * invariant,,1,control,1,0,,medincome,income,Census,U.S. Census Bureau,2000 Decennial Census
1,nguyen-2019,all,medincome2009,median income * year dummy,median * invariant,,1,control,1,0,,medincome,income,Census,U.S. Census Bureau,2000 Decennial Census
1,nguyen-2019,all,medincome2010,median income * year dummy,median * invariant,,1,control,1,0,,medincome,income,Census,U.S. Census Bureau,2000 Decennial Census
1,nguyen-2019,all,medincome2011,median income * year dummy,median * invariant,,1,control,1,0,,medincome,income,Census,U.S. Census Bureau,2000 Decennial Census
1,nguyen-2019,all,medincome2012,median income * year dummy,median * invariant,,1,control,1,0,,medincome,income,Census,U.S. Census Bureau,2000 Decennial Census
1,gonzalez-2025,all,drug_AM,Outcome variable is the total number of drug-related crimes at the block-year level occurring during school days and school hours. ,count,,1,dep,0,1,,drug_AM,crime,Administrative,Chicago Police Department (CPD),Citizen Law Enforcement Analysis and Reporting (CLEAR) system of the Chicago Police Department (CPD)
1,abouk-2013,all,pop,state population,count,,1,weights,0,0,,pop,population,Blended,U.S. Census Bureau,Population estimates?
1,abouk-2013,all,lpop,log of state population,log (count + 1),reconstructed lpop = log (pop),1,control,0,0,,pop,population,Blended,U.S. Census Bureau,Population estimates?
1,abouk-2013,all,permale2,percentage of male of state,count / count,created var Male = permale2*pop,1,control,0,0,,"Male, pop",sex/gender,Blended,U.S. Census Bureau,Population estimates?
1,abouk-2013,all,laccidentsvso2,log (number of fatal accidents + 1) for state i in month m,log (count + 1),reconstructed laccidentsvso2 = log (accidentsvso + 1),1,dep,0,0,,accidentsvso,accidents,Administrative,National Highway Traffic Safety Administration,Fatality Analysis Reporting System (FARS)
1,abouk-2013,all,unemp,state unemployment rate,count / count * invariant,created var unemp_num = unemp / 100 * pop,0,control,0,0,,,employment,Census,U.S. Census Bureau,
1,weber-2025,all,cases_per_1000,"Covid Cases per 1000 (county-level, interacted w/state FE)",count * invariant,assuming population is invariant; assuming max five cases per person,1,control,0,0,,cases_per_100k,medical,Administrative,U.S. Center for Disease Control,COVID-19 Data Hub
1,weber-2025,all,fundgap_1_bd,NECM Funding Gap/Surplus (estimate from model with race covariate),regression,code for model preds not provided; can't privatize,0,ind,0,0,,,,,,
1,fernandez-2021,hurr-health,tot_emp,total healthcare employment,count,,1,dep,0,0,,tot_emp,employment,Blended,Bureau of Labor Statistics,May State Occupational Employment and Wage Estimates
1,fernandez-2021,"hur-phy, hur-phyrate",i_pop,county population,count,,1,weights,0,0,,i_pop,population,Blended,Bureau of Labor Statistics,May State Occupational Employment and Wage Estimates
1,fernandez-2021,"hur-phy, hur-phyrate",qtrly_estabs_count,"the number of physician offices per 100,000 people",invariant / count,created inter var num_offices = qtrly_estabs_count * (i_pop / 100000),1,dep,0,0,,i_pop,population,Blended,Bureau of Labor Statistics,May State Occupational Employment and Wage Estimates
1,evans-2024,all,enroll_total,total enrollment,count,,1,weights,0,0,,enroll_total,education,Administrative,National Center for Education Statistics,Common Core of Data
1,evans-2024,all,single_parent,percentage of children in the district boundary living in single parent household,count / count,assumign denominator is enroll_total; created inter var n_single_parent = single_parent / 100 * enroll_total,1,control,0,0,,"enroll_total, n_single_parent",children,Survey,U.S. Census Bureau,American Community Survey
1,evans-2024,all,high_school,% adults *,count / count,% adults aged 25+ with high school degree ,1,control,0,0,,"enroll_total, n_high_school",education,Survey,U.S. Census Bureau,American Community Survey
1,evans-2024,all,some_college,% adults *,count / count,% adults aged 25+ with high school degree ,1,control,0,0,,"enroll_total, n_some_college",education,Survey,U.S. Census Bureau,American Community Survey
1,evans-2024,all,college_deg,% adults *,count / count,% adults aged 25+ with 4-year college degree,1,control,0,0,,"enroll_total, n_college_deg",education,Survey,U.S. Census Bureau,American Community Survey
1,evans-2024,all,poverty,% adults *,count / count,percent in poverty,1,control,0,0,,"enroll_total, n_poverty",income,Survey,U.S. Census Bureau,American Community Survey
1,evans-2024,all,per_black,percentage of students who are black ,count / count,,1,control,0,0,,"enroll_total, enroll_black",race/ethnicity,Administrative,National Center for Education Statistics,Common Core of Data
1,evans-2024,all,per_asian,percentage of students who are asian,count / count,,1,control,0,0,,"enroll_total, enroll_asian",race/ethnicity,Administrative,National Center for Education Statistics,Common Core of Data
1,evans-2024,all,per_hispanic,percentage of students who are hispanic,count / count,,1,control,0,0,,"enroll_total, enroll_hispanic",race/ethnicity,Administrative,National Center for Education Statistics,Common Core of Data
1,evans-2024,all,per_other,percentage of other race,count / count,,1,control,0,0,,"enroll_total, enroll_black, enroll_asian, enroll_hispanic",race/ethnicity,Administrative,National Center for Education Statistics,Common Core of Data
1,evans-2024,all,ca_rate,chronically absent %,count / count,,1,dep,0,0,,"enroll_total, ca",attendance,Administrative,National Center for Education Statistics,Common Core of Data
1,evans-2024,all,medhhincwkids_r,% median hh income for families w kids < 18,median * invariant,assuming household income clipped at 500k,1,control,0,0,,medhhincwkids,"income, household",Survey,U.S. Census Bureau,American Community Survey
1,kumar-2024,all,beapop,state population,count,,1,weights,0,0,,beapop,population,Blended,U.S. Bureau of Labor Statistics,Local Area Unemployment Statistics (LAUS)
1,kumar-2024,all,lfpr,labor force participation rate (LFPR),count / count,created inter var lf = lfpr / 100 * beapop,1,dep,0,0,,"lf, beapop",employment,Blended,U.S. Bureau of Labor Statistics,Local Area Unemployment Statistics (LAUS)
1,kumar-2024,all,age,Average age,count / count,assuming age no greater than 150; reconstruct variable_total = variable * beapop,1,control,0,0,,"age_total, beapop",population,Survey,U.S. Census Bureau,Current Population Survey
1,kumar-2024,all,female,share female,count / count,reconstruct variable_total = variable * beapop,1,control,0,0,,"female_total, beapop",gender,Survey,U.S. Census Bureau,Current Population Survey
1,kumar-2024,all,black,share black,count / count,reconstruct variable_total = variable * beapop,1,control,0,0,,"black_total, beapop",race/ethnicity,Survey,U.S. Census Bureau,Current Population Survey
1,kumar-2024,all,white,share white,count / count,reconstruct variable_total = variable * beapop,1,control,0,0,,"white_total, beapop",race/ethnicity,Survey,U.S. Census Bureau,Current Population Survey
1,kumar-2024,all,married,share married,count / count,reconstruct variable_total = variable * beapop,1,control,0,0,,"married_total, beapop",married,Survey,U.S. Census Bureau,Current Population Survey
1,kumar-2024,all,hsgrad,share hsgrad,count / count,reconstruct variable_total = variable * beapop,1,control,0,0,,"hsgrad_total, beapop",education,Survey,U.S. Census Bureau,Current Population Survey
1,kumar-2024,all,collegeplus,share collegeplus,count / count,reconstruct variable_total = variable * beapop,1,control,0,0,,"collegeplus_total, beapop",education,Survey,U.S. Census Bureau,Current Population Survey
1,kumar-2024,all,L1lnrahem,"Lagged State Log real wage (manuf, avg)",log mean,cannot noise without denominator (# manuf workers),0,control,0,0,,,,,,
1,kumar-2024,all,child,Share HH with children,count / count,"# households not given, cannot noise",0,control,0,0,,,,,,
1,martinez-2017,all,lpopulation,log population in the village,log count,,1,control,0,0,,population,population,Census,Indonesian Central Bureau of Statistics,Indonesian Village Census
1,shores-2019,all,laborforce2006,labor force count,count,,1,control,0,0,,laborforce2006,employment,Blended,U.S. Bureau of Labor Statistics,Local Area Unemployment Statistics (LAUS)
1,shores-2019,all,unemployed_count2006,unemployment count,count,,1,control,0,0,,unemployed_count2006,employment,Blended,U.S. Bureau of Labor Statistics,Local Area Unemployment Statistics (LAUS)
1,shores-2019,all,poppoorchild2006,Children in poverty counts,count,,1,control,0,0,,poppoorchild2006,"income, age",Estimates,U.S. Census Bureau,Small Area Income and Poverty Estimates (SAIPE)
1,shores-2019,all,tot2007,total # of students,count,,1,control,0,0,,tot2007,"education, age",Administrative,U.S. Department of Education,Common Core of Data
1,shores-2019,all,blk2007,# of Grades 3 to 8 students who are Black,count,,1,control,0,0,,blk2007,"education, age",Administrative,U.S. Department of Education,Common Core of Data
1,shores-2019,all,wht2007,# of Grades 3 to 8 students who are White,count,,1,control,0,0,,wht2007,"education, age",Administrative,U.S. Department of Education,Common Core of Data
1,shores-2019,all,hsp2007,# of Grades 3 to 8 students who are Hispanic,count,,1,control,0,0,,hsp2007,"education, age",Administrative,U.S. Department of Education,Common Core of Data
1,shores-2019,all,frl2007,# of K–12 students qualifying for FRPL,count,,1,control,0,0,,frl2007,"education, age",Administrative,U.S. Department of Education,Common Core of Data
1,shores-2019,recession-math,wtmath,district enrollment (math),count,,1,weights,0,0,,wtmath,"education, age",Administrative,Stanford Education Data Archive,
1,shores-2019,recession-english,wtela,district enrollment (ela),count,,1,weights,0,0,,wtela,"education, age",Administrative,Stanford Education Data Archive,
1,shores-2019,recession-math,mn_allmath,Average standardized math achievement score for Grades 3–8 students in a county-year from the SEDA dataset.,mean,created inter var mn_allmath_total = mn_allmath * wt; assuming scores clipped at 3 std from mean,1,dep,0,0,,"mn_allmath_total, wtmath",education,Administrative,Stanford Education Data Archive,
1,shores-2019,recession-english,mn_allela,Average standardized ELA achievement score for Grades 3–8 students in a county-year from the SEDA dataset.,mean,created inter var mn_allela_total = mn_allela * totgyb_allela; assuming scores clipped at 3 std from mean,1,dep,0,0,,"mn_allela_total, wtela",education,Administrative,Stanford Education Data Archive,
1,shores-2019,all,percap_income2006,per capita income,sum / mean,"population not given, can't noise",0,control,0,0,,,,,,
1,he-2017,"cgvo-subsidize, lcgvo-subsidize",l_subsidy_rate,log of the number of formally registered residents with subsidy in a village per 1000 residents,log (count / count),reconstructing subsidy_rate = subsidy_pop / village_pop * 1000,1,dep,0,0,,"subsidy_pop, village_pop",income,Survey,Policy Research Center of the Ministry of Civil Affairs of China,
1,he-2017,lcgvo-disable,l_disability_rate,log of the number of residents with disabilities in a village per 1000 residents,log (count / count),reconstructing disability_rate = nca_26 / village_pop * 1000,1,dep,0,0,,"village_pop, nca_26",disability,Survey,Policy Research Center of the Ministry of Civil Affairs of China,
1,he-2017,"cgvo-poor, lcgvo-poor",l_poor_reg_rate,"Registered poor households (per 100, log)",log (count / count),reconstructing poor_reg_rate = nca_24 / nc3_16 * 100,1,dep,0,0,,"nca_24, nc3_16",income,Survey,Policy Research Center of the Ministry of Civil Affairs of China,
1,gonzalez-2013,bene-conception,n,natural log of number of conception in month,log count,reconstructing ln = ln(n),1,dep,0,1,,n,medical,Administrative,Spanish National Statistical Institute,
1,gonzalez-2013,bene-abortion,n_ive_and,natural log of the monthly number of abortions in 12 out of the 17 Spanish regions,log sum of counts,,1,dep,0,0,,"n_ive_and, n_ive_val, n_ive_rioja, n_ive_cat, n_ive_can, n_ive_mad, n_ive_gal, n_ive_bal, n_ive_pv, n_ive_castlm, n_ive_ast, n_ive_arag",medical,Administrative,Regional health authorities,
1,bostwick-2022,all,faculty,"Instructional staff on 9, 10, 11 or 12 month contract-total",count,,1,control,0,0,,faculty,education,Administrative,IPEDS (Integrated Postsecondary Education Data System),
1,bostwick-2022,all,meansize,All regressions are weighted by average cohort size,mean,reconstructing meansize = by unitid: mean(totcohortsize),1,weights,0,0,,totcohortsize,education,Administrative,IPEDS (Integrated Postsecondary Education Data System),
1,bostwick-2022,all,per_white,percent of students white ,count / count,,1,control,0,0,,"white_cohortsize, totcohortsize","education, race/ethnicity",Administrative,IPEDS (Integrated Postsecondary Education Data System),
1,bostwick-2022,all,per_urm,percent of students who are urms,count / count,,1,control,0,0,,"urm_cohortsize, totcohortsize","education, race/ethnicity",Administrative,IPEDS (Integrated Postsecondary Education Data System),
1,bostwick-2022,all,per_fem,percent of students female,count / count,,1,control,0,0,,"w_cohortsize, totcohortsize","education, sex/gender",Administrative,IPEDS (Integrated Postsecondary Education Data System),
1,bostwick-2022,all,gradrate4yr,four-year graduation rate,count / count,reconstructing gradrate4yr = tot4yrgrads / totcohortsize,1,dep,0,0,,"totcohortsize, tot4yrgrads",education,Administrative,IPEDS (Integrated Postsecondary Education Data System),
1,grier-2024,all,pcyminus5,Real per-capita income,invariant/count - invariant/count,,1,control,0,0,,pop,population,Blended,World Bank,Gender Data Portal
1,grier-2024,reform-schooling,dfprimary,change in % females that completed primary education,count / count - count / count,assuming female is 50% of population;  creating inter var count_prim = Primary_Complete * pop / 2,1,dep,0,0,,"pop, count_prim","population, education",Blended,World Bank,Gender Data Portal
1,grier-2024,reform-lf,dflfper,change in % of labor force that is female,count / count - count / count,"pop female, labor force size not known; cannot noise",0,dep,0,0,,,,Blended,World Bank,Gender Data Portal
1,ortagus-2024,all,ln_fteug,full-time equivalent enrollment (logged),log count,reconstruct ln_fteug = log (fteug),1,control,0,0,,fteug,education,Administrative,IPEDS (Integrated Postsecondary Education Data System),
1,ortagus-2024,all,ln_instruct_fte,instructional expenditures per full-time equivalent student (logged),log invariant / count,reconstructing ln_instruct_fte = log (instruct_fte); inter var exp_ins_adjusted = instruct_fte * fteug,1,control,0,0,,fteug,education,Administrative,IPEDS (Integrated Postsecondary Education Data System),
1,ortagus-2024,all,ln_stcollage2,"log of State college-age_2 population (age 18-25, HS diploma)",log count,reconstructing ln_stcollage2 = log (stcollage2),1,control,0,0,,stcollage2,education,Administrative,IPEDS (Integrated Postsecondary Education Data System),
1,ortagus-2024,all,stbaabove_p,percentage of adults with a bachelor’s degree or higher,count / count,creating inter var pop = stbaabove / stbaabove_p * 100,1,control,0,0,,"stbaabove, pop",education,Administrative,IPEDS (Integrated Postsecondary Education Data System),
1,ortagus-2024,all,ln_stinccap,state income per capita (logged),log invariant / count,creating inter var ln_income = ln_stinccap + log (pop),1,control,0,0,,pop,population,Administrative,IPEDS (Integrated Postsecondary Education Data System),
1,ortagus-2024,all,stunemprate,unemployment rate,count / count,reconstructing stunemprate = stunemp / stlabforce * 100,1,control,0,0,,"stunemp, stlabforce",employment,Administrative,IPEDS (Integrated Postsecondary Education Data System),
1,ortagus-2024,all,stcoll2_black_p,State college-age_2 Black population,count / count,reconstructing stcoll2_*_p = stcoll2_* / st* * 100,1,control,0,0,,"stblack, stcoll2_black","race/ethnicity, education",Administrative,IPEDS (Integrated Postsecondary Education Data System),
1,ortagus-2024,all,stcoll2_hisp_p,State college-age_2 Hispanic population,count / count,reconstructing stcoll2_*_p = stcoll2_* / st* * 100,1,control,0,0,,"sthisp, stcoll2_hisp","race/ethnicity, education",Administrative,IPEDS (Integrated Postsecondary Education Data System),
1,ortagus-2024,all,stcoll2_amind_p,State college-age_2 Asian/Pacific Islander population,count / count,reconstructing stcoll2_*_p = stcoll2_* / st* * 100,1,control,0,0,,"stamind, stcoll2_amind","race/ethnicity, education",Administrative,IPEDS (Integrated Postsecondary Education Data System),
1,jacob-2024,all,ln_enroll,Log District Total Enrollment,log count,reconstructing ln_enroll = log (tot_enroll),1,control,0,0,,tot_enroll,education,Administrative,National Center for Education Statistics,Common Core of Data
1,jacob-2024,all,l_votes_per_seat_per_pop,Log votes per seat per adult civilian,log (count / count) * invariant,l_votes_per_seat_per_pop = log (votes_per_seat_per_pop); votes_per_seat_per_pop = votes_per_seat / adult_civilian_population; votes_per_seat = total_votes / seats_up_for_election,1,dep,0,0,,"total_votes, adult_civilian_population",ballot,Administrative,Ballotpedia,
1,jacob-2024,all,town,proportion students in town locale school,count / count,created inter var *_students = * x tot_enroll x 1000,1,control,0,0,,"town_students, tot_enroll",education,Survey,Stanford University,Stanford Education Data Archive (SEDA)
1,jacob-2024,all,rural,proportion students in rural locale school,count / count,created inter var *_students = * x tot_enroll x 1000,1,control,0,0,,"rural_students, tot_enroll",education,Survey,Stanford University,Stanford Education Data Archive (SEDA)
1,jacob-2024,all,urban,proportion students in urban locale school,count / count,created inter var *_students = * x tot_enroll x 1000,1,control,0,0,,"urban_students, tot_enroll",education,Survey,Stanford University,Stanford Education Data Archive (SEDA)
1,jacob-2024,all,perblk,percent blacks in the district,count / count,created inter var *_students = * x tot_enroll x 1000,1,control,0,0,,"perblk_students, total_population",race,Survey,Stanford University,Stanford Education Data Archive (SEDA)
1,jacob-2024,all,perhsp,percent hispanics in the district ,count / count,created inter var *_students = * x tot_enroll x 1000,1,control,0,0,,"perhsp_students, total_population",race,Survey,Stanford University,Stanford Education Data Archive (SEDA)
1,jacob-2024,all,perfrl,percent free or reduced lunch in the district ,count / count,created inter var *_students = * x tot_enroll x 1000,1,control,0,0,,"perfrl_students, tot_enroll",income,Survey,Stanford University,Stanford Education Data Archive (SEDA)
1,jacob-2024,all,district_pct_trump,District Area-Weighted Trump 2016 Vote Percentage,count / count,reconstructing district_pct_trump = district_vote_trump / district_vote_tot,1,control,0,0,,"district_vote_trump, district_vote_tot",ballot,Administrative,Ballotpedia,
1,jacob-2024,all,agg_all,Aggregate District Mean Test Score (Weighted),sum / count,"created inter var test_total = agg_all x tot_enroll x 1000; assuming test score normalized to mean zero SD 1, then clipped at -3, 3 SD",1,control,0,0,,"tot_enroll, test_total",education,Administrative,Stanford University,Stanford Education Data Archive (SEDA)
1,jacob-2024,all,baplusall,ba+ rate,count / count,created inter var baplus_pop = baplusall x cnty_pop,1,control,0,0,,"cnty_pop, baplus_pop",education,Survey,Stanford University,Stanford Education Data Archive (SEDA)
1,bai-2023,all,pop1964,1964 population,count,,1,weights,0,0,,pop1964,population,Census,China National Bureau of Statistics,
1,bai-2023,all,lnpnapop,Fraction of non-agricultural population(log),log (count / count + 1),reconstructing lnpnapop = log (pnapop + 1); reconstructing inter var nonagr = pnapop * pop1964 / 100,1,dep,0,0,,"pop1964, nonagr",employment,Census,China National Bureau of Statistics,
1,bai-2023,all,y1964lnfracdeaths,Deaths(% of county pop.) x y* (log),log (count / count + 1),reconstructing y*lnfracdeaths = lnfracdeaths * y*; creating inter var deaths = (exp(lnfracdeaths) - 1) / 100 * pop1964,1,control,1,0,,"pop1964, deaths",mortality,Archival,Compiled from Chinese gazetteers,
1,bai-2023,all,y1982lnfracdeaths,Deaths(% of county pop.) x y* (log),log (count / count + 1),reconstructing y*lnfracdeaths = lnfracdeaths * y*; creating inter var deaths = (exp(lnfracdeaths) - 1) / 100 * pop1964,1,ind,1,0,,"pop1964, deaths",mortality,Archival,Compiled from Chinese gazetteers,
1,bai-2023,all,y1990lnfracdeaths,Deaths(% of county pop.) x y* (log),log (count / count + 1),reconstructing y*lnfracdeaths = lnfracdeaths * y*; creating inter var deaths = (exp(lnfracdeaths) - 1) / 100 * pop1964,1,control,1,0,,"pop1964, deaths",mortality,Archival,Compiled from Chinese gazetteers,
1,bai-2023,all,y2000lnfracdeath,Deaths(% of county pop.) x y* (log),log (count / count + 1),reconstructing y*lnfracdeaths = lnfracdeaths * y*; creating inter var deaths = (exp(lnfracdeaths) - 1) / 100 * pop1964,1,control,1,0,,"pop1964, deaths",mortality,Archival,Compiled from Chinese gazetteers,
1,bai-2023,all,y1964Xln_ethf,Pre-CR Ethnic Fragmentation x D*,complex,"complex measure, equation not provided; cannot privatize",0,control,1,0,,,,,,
1,bai-2023,all,y1982Xln_ethf,Pre-CR Ethnic Fragmentation x D*,complex,"complex measure, equation not provided; cannot privatize",0,control,1,0,,,,,,
1,bai-2023,all,y1990Xln_ethf,Pre-CR Ethnic Fragmentation x D*,complex,"complex measure, equation not provided; cannot privatize",0,control,1,0,,,,,,
1,bai-2023,all,y2000Xln_ethf,Pre-CR Ethnic Fragmentation x D*,complex,"complex measure, equation not provided; cannot privatize",0,control,1,0,,,,,,
1,bai-2023,all,y1964Xln_gini,Pre-CR educational Inequality x D*,gini,components not provided; cannot privatize,0,control,1,1,,,,,,
1,bai-2023,all,y1982Xln_gini,Pre-CR educational Inequality x D*,gini,components not provided; cannot privatize,0,control,1,1,,,,,,
1,bai-2023,all,y1990Xln_gini,Pre-CR educational Inequality x D*,gini,components not provided; cannot privatize,0,control,1,1,,,,,,
1,bai-2023,all,y2000Xln_gini,Pre-CR educational Inequality x D*,gini,components not provided; cannot privatize,0,control,1,1,,,,,,
1,anderson-2015,all,gppop,village population,count,,1,control,0,0,,gppop,population,Census,Census India,2001 Census of India
1,anderson-2015,all,propc1,Maratha population proportion,count / count,reconstruct mpop = propc1 * gppop,1,control,0,1,,"mpop, gppop",race/ethnicity,Survey,Authors,
1,anderson-2015,all,propc4,Proportion of SC/ST population,count / count,reconstruct scstpop = propc4 * gppop,1,control,0,0,,"scstpop, gppop",race/ethnicity,Census,Census India,2001 Census of India
1,anderson-2015,all,mlandc1,marathaland * propc1,count / count * invariant,reconstructing mlandc1 = marathaland * propc1,1,control,1,1,,"mpop, gppop",race/ethnicity,Survey,Authors,
1,baron-2022,spend-dropout,dropout_rate,7-12 Combined Dropout Rate,count / count,created inter var dropout_student = student_count * dropout_rate / 100,1,dep,0,0,,"dropout_student, student_count",education,Administrative,Wisconsin Department of Public Instruction,
1,baron-2022,spend-dropout,student_count,"Prior to 2005: Enrollment, After: Expected to Complete Term",count,reconstruct dropout_student = dropout_rate * student_count,1,weights,0,0,,student_count,education,Administrative,Wisconsin Department of Public Instruction,
1,baron-2022,spend-score,wkce_math10,Average Math WKCE Scale Score in Grade 10,sum / count,,1,dep,0,0,,"math_total, num_takers_math10",education,Administrative,Wisconsin Department of Public Instruction,
1,baron-2022,spend-score,num_takers_math10,Number of Students Who Took the Math WKCE in Grade 10,count,,1,weights,0,0,,num_takers_math10,"education, age",Administrative,Wisconsin Department of Public Instruction,
1,baron-2022,spend-postenroll,log_instate_enr,Log of First-Fall Enrollment in a State Inst.,log count,,1,dep,0,0,,instate_enr,education,Administrative,Wisconsin Department of Public Instruction,
1,baron-2022,spend-postenroll,grade9lagged,Grade 9 Enrollment in t-3,count,,1,control,0,0,,grade9lagged,"education, age",Administrative,Wisconsin Department of Public Instruction,
1,baron-2022,all,op_percent_prev1,percent vote share for operational referendum,count / count,created inter vars op_allvotes_prev* = op_totalvotes_prev* / op_percent_prev* * 100,1,control,0,0,,"op_allvotes_prev1, op_totalvotes_prev1",ballot,Administrative,Wisconsin Department of Public Instruction (WDPI),
1,baron-2022,all,op_percent_prev2,percent vote share for operational referendum,count / count,created inter vars op_allvotes_prev* = op_totalvotes_prev* / op_percent_prev* * 100,1,control,0,0,,"op_allvotes_prev2, op_totalvotes_prev2",ballot,Administrative,Wisconsin Department of Public Instruction (WDPI),
1,baron-2022,all,op_percent_prev3,percent vote share for operational referendum,count / count,created inter vars op_allvotes_prev* = op_totalvotes_prev* / op_percent_prev* * 100,1,control,0,0,,"op_allvotes_prev3, op_totalvotes_prev3",ballot,Administrative,Wisconsin Department of Public Instruction (WDPI),
1,baron-2022,all,op_percent_prev4,percent vote share for operational referendum,count / count,created inter vars op_allvotes_prev* = op_totalvotes_prev* / op_percent_prev* * 100,1,control,0,0,,"op_allvotes_prev4, op_totalvotes_prev4",ballot,Administrative,Wisconsin Department of Public Instruction (WDPI),
1,baron-2022,all,op_percent_prev5,percent vote share for operational referendum,count / count,created inter vars op_allvotes_prev* = op_totalvotes_prev* / op_percent_prev* * 100,1,control,0,0,,"op_allvotes_prev5, op_totalvotes_prev5",ballot,Administrative,Wisconsin Department of Public Instruction (WDPI),
1,baron-2022,all,op_percent_prev6,percent vote share for operational referendum,count / count,created inter vars op_allvotes_prev* = op_totalvotes_prev* / op_percent_prev* * 100,1,control,0,0,,"op_allvotes_prev6, op_totalvotes_prev6",ballot,Administrative,Wisconsin Department of Public Instruction (WDPI),
1,baron-2022,all,op_percent_prev7,percent vote share for operational referendum,count / count,created inter vars op_allvotes_prev* = op_totalvotes_prev* / op_percent_prev* * 100,1,control,0,0,,"op_allvotes_prev7, op_allvotes_prev7",ballot,Administrative,Wisconsin Department of Public Instruction (WDPI),
1,baron-2022,all,op_percent_prev8,percent vote share for operational referendum,count / count,created inter vars op_allvotes_prev* = op_totalvotes_prev* / op_percent_prev* * 100,1,control,0,0,,"op_allvotes_prev8, op_allvotes_prev8",ballot,Administrative,Wisconsin Department of Public Instruction (WDPI),
1,baron-2022,all,op_percent_prev9,percent vote share for operational referendum,count / count,created inter vars op_allvotes_prev* = op_totalvotes_prev* / op_percent_prev* * 100,1,control,0,0,,"op_allvotes_prev9, op_allvotes_prev9",ballot,Administrative,Wisconsin Department of Public Instruction (WDPI),
1,baron-2022,all,op_percent_prev10,percent vote share for operational referendum,count / count,created inter vars op_allvotes_prev* = op_totalvotes_prev* / op_percent_prev* * 100,1,control,0,0,,"op_allvotes_prev10, op_allvotes_prev10",ballot,Administrative,Wisconsin Department of Public Instruction (WDPI),
1,baron-2022,all,op_percent_prev11,percent vote share for operational referendum,count / count,created inter vars op_allvotes_prev* = op_totalvotes_prev* / op_percent_prev* * 100,1,control,0,0,,"op_allvotes_prev11, op_allvotes_prev11",ballot,Administrative,Wisconsin Department of Public Instruction (WDPI),
1,baron-2022,all,op_percent_prev12,percent vote share for operational referendum,count / count,created inter vars op_allvotes_prev* = op_totalvotes_prev* / op_percent_prev* * 100,1,control,0,0,,"op_allvotes_prev12, op_allvotes_prev12",ballot,Administrative,Wisconsin Department of Public Instruction (WDPI),
1,baron-2022,all,op_percent_prev13,percent vote share for operational referendum,count / count,created inter vars op_allvotes_prev* = op_totalvotes_prev* / op_percent_prev* * 100,1,control,0,0,,"op_allvotes_prev13, op_allvotes_prev13",ballot,Administrative,Wisconsin Department of Public Instruction (WDPI),
1,baron-2022,all,op_percent_prev14,percent vote share for operational referendum,count / count,created inter vars op_allvotes_prev* = op_totalvotes_prev* / op_percent_prev* * 100,1,control,0,0,,"op_allvotes_prev14, op_allvotes_prev14",ballot,Administrative,Wisconsin Department of Public Instruction (WDPI),
1,baron-2022,all,op_percent_prev15,percent vote share for operational referendum,count / count,created inter vars op_allvotes_prev* = op_totalvotes_prev* / op_percent_prev* * 100,1,control,0,0,,"op_allvotes_prev15, op_allvotes_prev15",ballot,Administrative,Wisconsin Department of Public Instruction (WDPI),
1,baron-2022,all,op_percent_prev16,percent vote share for operational referendum,count / count,created inter vars op_allvotes_prev* = op_totalvotes_prev* / op_percent_prev* * 100,1,control,0,0,,"op_allvotes_prev16, op_allvotes_prev16",ballot,Administrative,Wisconsin Department of Public Instruction (WDPI),
1,baron-2022,all,op_percent_prev17,percent vote share for operational referendum,count / count,created inter vars op_allvotes_prev* = op_totalvotes_prev* / op_percent_prev* * 100,1,control,0,0,,"op_allvotes_prev17, op_allvotes_prev17",ballot,Administrative,Wisconsin Department of Public Instruction (WDPI),
1,baron-2022,all,op_percent_prev18,percent vote share for operational referendum,count / count,created inter vars op_allvotes_prev* = op_totalvotes_prev* / op_percent_prev* * 100,1,control,0,0,,"op_allvotes_prev18, op_allvotes_prev18",ballot,Administrative,Wisconsin Department of Public Instruction (WDPI),
1,baron-2022,all,op_percent2_prev1,op_percent_prev* ^ 2,(count / count) ^ 2,reconstructing op_percent2_prev* = op_percent_prev* ^ 2,1,control,0,0,,"op_allvotes_prev1, op_totalvotes_prev1",ballot,Administrative,Wisconsin Department of Public Instruction (WDPI),
1,baron-2022,all,op_percent2_prev2,op_percent_prev* ^ 2,(count / count) ^ 2,reconstructing op_percent2_prev* = op_percent_prev* ^ 2,1,control,0,0,,"op_allvotes_prev2, op_totalvotes_prev2",ballot,Administrative,Wisconsin Department of Public Instruction (WDPI),
1,baron-2022,all,op_percent2_prev3,op_percent_prev* ^ 2,(count / count) ^ 2,reconstructing op_percent2_prev* = op_percent_prev* ^ 2,1,control,0,0,,"op_allvotes_prev3, op_totalvotes_prev3",ballot,Administrative,Wisconsin Department of Public Instruction (WDPI),
1,baron-2022,all,op_percent2_prev4,op_percent_prev* ^ 2,(count / count) ^ 2,reconstructing op_percent2_prev* = op_percent_prev* ^ 2,1,control,0,0,,"op_allvotes_prev4, op_totalvotes_prev4",ballot,Administrative,Wisconsin Department of Public Instruction (WDPI),
1,baron-2022,all,op_percent2_prev5,op_percent_prev* ^ 2,(count / count) ^ 2,reconstructing op_percent2_prev* = op_percent_prev* ^ 2,1,control,0,0,,"op_allvotes_prev5, op_totalvotes_prev5",ballot,Administrative,Wisconsin Department of Public Instruction (WDPI),
1,baron-2022,all,op_percent2_prev6,op_percent_prev* ^ 2,(count / count) ^ 2,reconstructing op_percent2_prev* = op_percent_prev* ^ 2,1,control,0,0,,"op_allvotes_prev6, op_totalvotes_prev6",ballot,Administrative,Wisconsin Department of Public Instruction (WDPI),
1,baron-2022,all,op_percent2_prev7,op_percent_prev* ^ 2,(count / count) ^ 2,reconstructing op_percent2_prev* = op_percent_prev* ^ 2,1,control,0,0,,"op_allvotes_prev7, op_allvotes_prev7",ballot,Administrative,Wisconsin Department of Public Instruction (WDPI),
1,baron-2022,all,op_percent2_prev8,op_percent_prev* ^ 2,(count / count) ^ 2,reconstructing op_percent2_prev* = op_percent_prev* ^ 2,1,control,0,0,,"op_allvotes_prev8, op_allvotes_prev8",ballot,Administrative,Wisconsin Department of Public Instruction (WDPI),
1,baron-2022,all,op_percent2_prev9,op_percent_prev* ^ 2,(count / count) ^ 2,reconstructing op_percent2_prev* = op_percent_prev* ^ 2,1,control,0,0,,"op_allvotes_prev9, op_allvotes_prev9",ballot,Administrative,Wisconsin Department of Public Instruction (WDPI),
1,baron-2022,all,op_percent2_prev10,op_percent_prev* ^ 2,(count / count) ^ 2,reconstructing op_percent2_prev* = op_percent_prev* ^ 2,1,control,0,0,,"op_allvotes_prev10, op_allvotes_prev10",ballot,Administrative,Wisconsin Department of Public Instruction (WDPI),
1,baron-2022,all,op_percent2_prev11,op_percent_prev* ^ 2,(count / count) ^ 2,reconstructing op_percent2_prev* = op_percent_prev* ^ 2,1,control,0,0,,"op_allvotes_prev11, op_allvotes_prev11",ballot,Administrative,Wisconsin Department of Public Instruction (WDPI),
1,baron-2022,all,op_percent2_prev12,op_percent_prev* ^ 2,(count / count) ^ 2,reconstructing op_percent2_prev* = op_percent_prev* ^ 2,1,control,0,0,,"op_allvotes_prev12, op_allvotes_prev12",ballot,Administrative,Wisconsin Department of Public Instruction (WDPI),
1,baron-2022,all,op_percent2_prev13,op_percent_prev* ^ 2,(count / count) ^ 2,reconstructing op_percent2_prev* = op_percent_prev* ^ 2,1,control,0,0,,"op_allvotes_prev13, op_allvotes_prev13",ballot,Administrative,Wisconsin Department of Public Instruction (WDPI),
1,baron-2022,all,op_percent2_prev14,op_percent_prev* ^ 2,(count / count) ^ 2,reconstructing op_percent2_prev* = op_percent_prev* ^ 2,1,control,0,0,,"op_allvotes_prev14, op_allvotes_prev14",ballot,Administrative,Wisconsin Department of Public Instruction (WDPI),
1,baron-2022,all,op_percent2_prev15,op_percent_prev* ^ 2,(count / count) ^ 2,reconstructing op_percent2_prev* = op_percent_prev* ^ 2,1,control,0,0,,"op_allvotes_prev15, op_allvotes_prev15",ballot,Administrative,Wisconsin Department of Public Instruction (WDPI),
1,baron-2022,all,op_percent2_prev16,op_percent_prev* ^ 2,(count / count) ^ 2,reconstructing op_percent2_prev* = op_percent_prev* ^ 2,1,control,0,0,,"op_allvotes_prev16, op_allvotes_prev16",ballot,Administrative,Wisconsin Department of Public Instruction (WDPI),
1,baron-2022,all,op_percent2_prev17,op_percent_prev* ^ 2,(count / count) ^ 2,reconstructing op_percent2_prev* = op_percent_prev* ^ 2,1,control,0,0,,"op_allvotes_prev17, op_allvotes_prev17",ballot,Administrative,Wisconsin Department of Public Instruction (WDPI),
1,baron-2022,all,op_percent2_prev18,op_percent_prev* ^ 2,(count / count) ^ 2,reconstructing op_percent2_prev* = op_percent_prev* ^ 2,1,control,0,0,,"op_allvotes_prev18, op_allvotes_prev18",ballot,Administrative,Wisconsin Department of Public Instruction (WDPI),
1,baron-2022,all,bond_percent_prev1,percent vote share for bond referendum,count / count,created inter vars bond_allvotes_prev* = bond_totalvotes_prev* / bond_percent_prev* * 100,1,control,0,0,,"bond_allvotes_prev1, bond_totalvotes_prev1",ballot,Administrative,Wisconsin Department of Public Instruction (WDPI),
1,baron-2022,all,bond_percent_prev2,percent vote share for bond referendum,count / count,created inter vars bond_allvotes_prev* = bond_totalvotes_prev* / bond_percent_prev* * 100,1,control,0,0,,"bond_allvotes_prev2, bond_totalvotes_prev2",ballot,Administrative,Wisconsin Department of Public Instruction (WDPI),
1,baron-2022,all,bond_percent_prev3,percent vote share for bond referendum,count / count,created inter vars bond_allvotes_prev* = bond_totalvotes_prev* / bond_percent_prev* * 100,1,control,0,0,,"bond_allvotes_prev3, bond_totalvotes_prev3",ballot,Administrative,Wisconsin Department of Public Instruction (WDPI),
1,baron-2022,all,bond_percent_prev4,percent vote share for bond referendum,count / count,created inter vars bond_allvotes_prev* = bond_totalvotes_prev* / bond_percent_prev* * 100,1,control,0,0,,"bond_allvotes_prev4, bond_totalvotes_prev4",ballot,Administrative,Wisconsin Department of Public Instruction (WDPI),
1,baron-2022,all,bond_percent_prev5,percent vote share for bond referendum,count / count,created inter vars bond_allvotes_prev* = bond_totalvotes_prev* / bond_percent_prev* * 100,1,control,0,0,,"bond_allvotes_prev5, bond_totalvotes_prev5",ballot,Administrative,Wisconsin Department of Public Instruction (WDPI),
1,baron-2022,all,bond_percent_prev6,percent vote share for bond referendum,count / count,created inter vars bond_allvotes_prev* = bond_totalvotes_prev* / bond_percent_prev* * 100,1,control,0,0,,"bond_allvotes_prev6, bond_totalvotes_prev6",ballot,Administrative,Wisconsin Department of Public Instruction (WDPI),
1,baron-2022,all,bond_percent_prev7,percent vote share for bond referendum,count / count,created inter vars bond_allvotes_prev* = bond_totalvotes_prev* / bond_percent_prev* * 100,1,control,0,0,,"bond_allvotes_prev7, bond_allvotes_prev7",ballot,Administrative,Wisconsin Department of Public Instruction (WDPI),
1,baron-2022,all,bond_percent_prev8,percent vote share for bond referendum,count / count,created inter vars bond_allvotes_prev* = bond_totalvotes_prev* / bond_percent_prev* * 100,1,control,0,0,,"bond_allvotes_prev8, bond_allvotes_prev8",ballot,Administrative,Wisconsin Department of Public Instruction (WDPI),
1,baron-2022,all,bond_percent_prev9,percent vote share for bond referendum,count / count,created inter vars bond_allvotes_prev* = bond_totalvotes_prev* / bond_percent_prev* * 100,1,control,0,0,,"bond_allvotes_prev9, bond_allvotes_prev9",ballot,Administrative,Wisconsin Department of Public Instruction (WDPI),
1,baron-2022,all,bond_percent_prev10,percent vote share for bond referendum,count / count,created inter vars bond_allvotes_prev* = bond_totalvotes_prev* / bond_percent_prev* * 100,1,control,0,0,,"bond_allvotes_prev10, bond_allvotes_prev10",ballot,Administrative,Wisconsin Department of Public Instruction (WDPI),
1,baron-2022,all,bond_percent_prev11,percent vote share for bond referendum,count / count,created inter vars bond_allvotes_prev* = bond_totalvotes_prev* / bond_percent_prev* * 100,1,control,0,0,,"bond_allvotes_prev11, bond_allvotes_prev11",ballot,Administrative,Wisconsin Department of Public Instruction (WDPI),
1,baron-2022,all,bond_percent_prev12,percent vote share for bond referendum,count / count,created inter vars bond_allvotes_prev* = bond_totalvotes_prev* / bond_percent_prev* * 100,1,control,0,0,,"bond_allvotes_prev12, bond_allvotes_prev12",ballot,Administrative,Wisconsin Department of Public Instruction (WDPI),
1,baron-2022,all,bond_percent_prev13,percent vote share for bond referendum,count / count,created inter vars bond_allvotes_prev* = bond_totalvotes_prev* / bond_percent_prev* * 100,1,control,0,0,,"bond_allvotes_prev13, bond_allvotes_prev13",ballot,Administrative,Wisconsin Department of Public Instruction (WDPI),
1,baron-2022,all,bond_percent_prev14,percent vote share for bond referendum,count / count,created inter vars bond_allvotes_prev* = bond_totalvotes_prev* / bond_percent_prev* * 100,1,control,0,0,,"bond_allvotes_prev14, bond_allvotes_prev14",ballot,Administrative,Wisconsin Department of Public Instruction (WDPI),
1,baron-2022,all,bond_percent_prev15,percent vote share for bond referendum,count / count,created inter vars bond_allvotes_prev* = bond_totalvotes_prev* / bond_percent_prev* * 100,1,control,0,0,,"bond_allvotes_prev15, bond_allvotes_prev15",ballot,Administrative,Wisconsin Department of Public Instruction (WDPI),
1,baron-2022,all,bond_percent_prev16,percent vote share for bond referendum,count / count,created inter vars bond_allvotes_prev* = bond_totalvotes_prev* / bond_percent_prev* * 100,1,control,0,0,,"bond_allvotes_prev16, bond_allvotes_prev16",ballot,Administrative,Wisconsin Department of Public Instruction (WDPI),
1,baron-2022,all,bond_percent_prev17,percent vote share for bond referendum,count / count,created inter vars bond_allvotes_prev* = bond_totalvotes_prev* / bond_percent_prev* * 100,1,control,0,0,,"bond_allvotes_prev17, bond_allvotes_prev17",ballot,Administrative,Wisconsin Department of Public Instruction (WDPI),
1,baron-2022,all,bond_percent_prev18,percent vote share for bond referendum,count / count,created inter vars bond_allvotes_prev* = bond_totalvotes_prev* / bond_percent_prev* * 100,1,control,0,0,,"bond_allvotes_prev18, bond_allvotes_prev18",ballot,Administrative,Wisconsin Department of Public Instruction (WDPI),
1,baron-2022,all,bond_percent2_prev1,bond_percent_prev* ^ 2,(count / count) ^ 2,reconstructing bond_percent2_prev* = bond_percent_prev* ^ 2,1,control,0,0,,"bond_allvotes_prev1, bond_totalvotes_prev1",ballot,Administrative,Wisconsin Department of Public Instruction (WDPI),
1,baron-2022,all,bond_percent2_prev2,bond_percent_prev* ^ 2,(count / count) ^ 2,reconstructing bond_percent2_prev* = bond_percent_prev* ^ 2,1,control,0,0,,"bond_allvotes_prev2, bond_totalvotes_prev2",ballot,Administrative,Wisconsin Department of Public Instruction (WDPI),
1,baron-2022,all,bond_percent2_prev3,bond_percent_prev* ^ 2,(count / count) ^ 2,reconstructing bond_percent2_prev* = bond_percent_prev* ^ 2,1,control,0,0,,"bond_allvotes_prev3, bond_totalvotes_prev3",ballot,Administrative,Wisconsin Department of Public Instruction (WDPI),
1,baron-2022,all,bond_percent2_prev4,bond_percent_prev* ^ 2,(count / count) ^ 2,reconstructing bond_percent2_prev* = bond_percent_prev* ^ 2,1,control,0,0,,"bond_allvotes_prev4, bond_totalvotes_prev4",ballot,Administrative,Wisconsin Department of Public Instruction (WDPI),
1,baron-2022,all,bond_percent2_prev5,bond_percent_prev* ^ 2,(count / count) ^ 2,reconstructing bond_percent2_prev* = bond_percent_prev* ^ 2,1,control,0,0,,"bond_allvotes_prev5, bond_totalvotes_prev5",ballot,Administrative,Wisconsin Department of Public Instruction (WDPI),
1,baron-2022,all,bond_percent2_prev6,bond_percent_prev* ^ 2,(count / count) ^ 2,reconstructing bond_percent2_prev* = bond_percent_prev* ^ 2,1,control,0,0,,"bond_allvotes_prev6, bond_totalvotes_prev6",ballot,Administrative,Wisconsin Department of Public Instruction (WDPI),
1,baron-2022,all,bond_percent2_prev7,bond_percent_prev* ^ 2,(count / count) ^ 2,reconstructing bond_percent2_prev* = bond_percent_prev* ^ 2,1,control,0,0,,"bond_allvotes_prev7, bond_allvotes_prev7",ballot,Administrative,Wisconsin Department of Public Instruction (WDPI),
1,baron-2022,all,bond_percent2_prev8,bond_percent_prev* ^ 2,(count / count) ^ 2,reconstructing bond_percent2_prev* = bond_percent_prev* ^ 2,1,control,0,0,,"bond_allvotes_prev8, bond_allvotes_prev8",ballot,Administrative,Wisconsin Department of Public Instruction (WDPI),
1,baron-2022,all,bond_percent2_prev9,bond_percent_prev* ^ 2,(count / count) ^ 2,reconstructing bond_percent2_prev* = bond_percent_prev* ^ 2,1,control,0,0,,"bond_allvotes_prev9, bond_allvotes_prev9",ballot,Administrative,Wisconsin Department of Public Instruction (WDPI),
1,baron-2022,all,bond_percent2_prev10,bond_percent_prev* ^ 2,(count / count) ^ 2,reconstructing bond_percent2_prev* = bond_percent_prev* ^ 2,1,control,0,0,,"bond_allvotes_prev10, bond_allvotes_prev10",ballot,Administrative,Wisconsin Department of Public Instruction (WDPI),
1,baron-2022,all,bond_percent2_prev11,bond_percent_prev* ^ 2,(count / count) ^ 2,reconstructing bond_percent2_prev* = bond_percent_prev* ^ 2,1,control,0,0,,"bond_allvotes_prev11, bond_allvotes_prev11",ballot,Administrative,Wisconsin Department of Public Instruction (WDPI),
1,baron-2022,all,bond_percent2_prev12,bond_percent_prev* ^ 2,(count / count) ^ 2,reconstructing bond_percent2_prev* = bond_percent_prev* ^ 2,1,control,0,0,,"bond_allvotes_prev12, bond_allvotes_prev12",ballot,Administrative,Wisconsin Department of Public Instruction (WDPI),
1,baron-2022,all,bond_percent2_prev13,bond_percent_prev* ^ 2,(count / count) ^ 2,reconstructing bond_percent2_prev* = bond_percent_prev* ^ 2,1,control,0,0,,"bond_allvotes_prev13, bond_allvotes_prev13",ballot,Administrative,Wisconsin Department of Public Instruction (WDPI),
1,baron-2022,all,bond_percent2_prev14,bond_percent_prev* ^ 2,(count / count) ^ 2,reconstructing bond_percent2_prev* = bond_percent_prev* ^ 2,1,control,0,0,,"bond_allvotes_prev14, bond_allvotes_prev14",ballot,Administrative,Wisconsin Department of Public Instruction (WDPI),
1,baron-2022,all,bond_percent2_prev15,bond_percent_prev* ^ 2,(count / count) ^ 2,reconstructing bond_percent2_prev* = bond_percent_prev* ^ 2,1,control,0,0,,"bond_allvotes_prev15, bond_allvotes_prev15",ballot,Administrative,Wisconsin Department of Public Instruction (WDPI),
1,baron-2022,all,bond_percent2_prev16,bond_percent_prev* ^ 2,(count / count) ^ 2,reconstructing bond_percent2_prev* = bond_percent_prev* ^ 2,1,control,0,0,,"bond_allvotes_prev16, bond_allvotes_prev16",ballot,Administrative,Wisconsin Department of Public Instruction (WDPI),
1,baron-2022,all,bond_percent2_prev17,bond_percent_prev* ^ 2,(count / count) ^ 2,reconstructing bond_percent2_prev* = bond_percent_prev* ^ 2,1,control,0,0,,"bond_allvotes_prev17, bond_allvotes_prev17",ballot,Administrative,Wisconsin Department of Public Instruction (WDPI),
1,baron-2022,all,bond_percent2_prev18,bond_percent_prev* ^ 2,(count / count) ^ 2,reconstructing bond_percent2_prev* = bond_percent_prev* ^ 2,1,control,0,0,,"bond_allvotes_prev18, bond_allvotes_prev18",ballot,Administrative,Wisconsin Department of Public Instruction (WDPI),
1,baron-2022,all,op_win_prev1,whether op referendum passed,boolean,reconstructing op_win_prev* = op_percent_prev* >= 50,1,ind,0,0,,"op_allvotes_prev1, op_totalvotes_prev1",ballot,Administrative,Wisconsin Department of Public Instruction (WDPI),
1,baron-2022,all,op_win_prev2,whether op referendum passed,boolean,reconstructing op_win_prev* = op_percent_prev* >= 50,1,ind,0,0,,"op_allvotes_prev2, op_totalvotes_prev2",ballot,Administrative,Wisconsin Department of Public Instruction (WDPI),
1,baron-2022,all,op_win_prev3,whether op referendum passed,boolean,reconstructing op_win_prev* = op_percent_prev* >= 50,1,ind,0,0,,"op_allvotes_prev3, op_totalvotes_prev3",ballot,Administrative,Wisconsin Department of Public Instruction (WDPI),
1,baron-2022,all,op_win_prev4,whether op referendum passed,boolean,reconstructing op_win_prev* = op_percent_prev* >= 50,1,ind,0,0,,"op_allvotes_prev4, op_totalvotes_prev4",ballot,Administrative,Wisconsin Department of Public Instruction (WDPI),
1,baron-2022,all,op_win_prev5,whether op referendum passed,boolean,reconstructing op_win_prev* = op_percent_prev* >= 50,1,ind,0,0,,"op_allvotes_prev5, op_totalvotes_prev5",ballot,Administrative,Wisconsin Department of Public Instruction (WDPI),
1,baron-2022,all,op_win_prev6,whether op referendum passed,boolean,reconstructing op_win_prev* = op_percent_prev* >= 50,1,ind,0,0,,"op_allvotes_prev6, op_totalvotes_prev6",ballot,Administrative,Wisconsin Department of Public Instruction (WDPI),
1,baron-2022,all,op_win_prev7,whether op referendum passed,boolean,reconstructing op_win_prev* = op_percent_prev* >= 50,1,ind,0,0,,"op_allvotes_prev7, op_allvotes_prev7",ballot,Administrative,Wisconsin Department of Public Instruction (WDPI),
1,baron-2022,all,op_win_prev8,whether op referendum passed,boolean,reconstructing op_win_prev* = op_percent_prev* >= 50,1,ind,0,0,,"op_allvotes_prev8, op_allvotes_prev8",ballot,Administrative,Wisconsin Department of Public Instruction (WDPI),
1,baron-2022,all,op_win_prev9,whether op referendum passed,boolean,reconstructing op_win_prev* = op_percent_prev* >= 50,1,ind,0,0,,"op_allvotes_prev9, op_allvotes_prev9",ballot,Administrative,Wisconsin Department of Public Instruction (WDPI),
1,baron-2022,all,op_win_prev10,whether op referendum passed,boolean,reconstructing op_win_prev* = op_percent_prev* >= 50,1,ind,0,0,,"op_allvotes_prev10, op_allvotes_prev10",ballot,Administrative,Wisconsin Department of Public Instruction (WDPI),
1,baron-2022,all,op_win_prev11,whether op referendum passed,boolean,reconstructing op_win_prev* = op_percent_prev* >= 50,1,ind,0,0,,"op_allvotes_prev11, op_allvotes_prev11",ballot,Administrative,Wisconsin Department of Public Instruction (WDPI),
1,baron-2022,all,op_win_prev12,whether op referendum passed,boolean,reconstructing op_win_prev* = op_percent_prev* >= 50,1,ind,0,0,,"op_allvotes_prev12, op_allvotes_prev12",ballot,Administrative,Wisconsin Department of Public Instruction (WDPI),
1,baron-2022,all,op_win_prev13,whether op referendum passed,boolean,reconstructing op_win_prev* = op_percent_prev* >= 50,1,ind,0,0,,"op_allvotes_prev13, op_allvotes_prev13",ballot,Administrative,Wisconsin Department of Public Instruction (WDPI),
1,baron-2022,all,op_win_prev14,whether op referendum passed,boolean,reconstructing op_win_prev* = op_percent_prev* >= 50,1,ind,0,0,,"op_allvotes_prev14, op_allvotes_prev14",ballot,Administrative,Wisconsin Department of Public Instruction (WDPI),
1,baron-2022,all,op_win_prev15,whether op referendum passed,boolean,reconstructing op_win_prev* = op_percent_prev* >= 50,1,ind,0,0,,"op_allvotes_prev15, op_allvotes_prev15",ballot,Administrative,Wisconsin Department of Public Instruction (WDPI),
1,baron-2022,all,op_win_prev16,whether op referendum passed,boolean,reconstructing op_win_prev* = op_percent_prev* >= 50,1,ind,0,0,,"op_allvotes_prev16, op_allvotes_prev16",ballot,Administrative,Wisconsin Department of Public Instruction (WDPI),
1,baron-2022,all,op_win_prev17,whether op referendum passed,boolean,reconstructing op_win_prev* = op_percent_prev* >= 50,1,ind,0,0,,"op_allvotes_prev17, op_allvotes_prev17",ballot,Administrative,Wisconsin Department of Public Instruction (WDPI),
1,baron-2022,all,op_win_prev18,whether op referendum passed,boolean,reconstructing op_win_prev* = op_percent_prev* >= 50,1,ind,0,0,,"op_allvotes_prev18, op_allvotes_prev18",ballot,Administrative,Wisconsin Department of Public Instruction (WDPI),
1,baron-2022,all,bond_win_prev1,whether bond referendum passed,boolean,reconstructing bond_win_prev* = bond_percent_prev* >= 50,1,control,0,0,,"op_allvotes_prev1, op_totalvotes_prev1",ballot,Administrative,Wisconsin Department of Public Instruction (WDPI),
1,baron-2022,all,bond_win_prev2,whether bond referendum passed,boolean,reconstructing bond_win_prev* = bond_percent_prev* >= 50,1,control,0,0,,"op_allvotes_prev2, op_totalvotes_prev2",ballot,Administrative,Wisconsin Department of Public Instruction (WDPI),
1,baron-2022,all,bond_win_prev3,whether bond referendum passed,boolean,reconstructing bond_win_prev* = bond_percent_prev* >= 50,1,control,0,0,,"op_allvotes_prev3, op_totalvotes_prev3",ballot,Administrative,Wisconsin Department of Public Instruction (WDPI),
1,baron-2022,all,bond_win_prev4,whether bond referendum passed,boolean,reconstructing bond_win_prev* = bond_percent_prev* >= 50,1,control,0,0,,"op_allvotes_prev4, op_totalvotes_prev4",ballot,Administrative,Wisconsin Department of Public Instruction (WDPI),
1,baron-2022,all,bond_win_prev5,whether bond referendum passed,boolean,reconstructing bond_win_prev* = bond_percent_prev* >= 50,1,control,0,0,,"op_allvotes_prev5, op_totalvotes_prev5",ballot,Administrative,Wisconsin Department of Public Instruction (WDPI),
1,baron-2022,all,bond_win_prev6,whether bond referendum passed,boolean,reconstructing bond_win_prev* = bond_percent_prev* >= 50,1,control,0,0,,"op_allvotes_prev6, op_totalvotes_prev6",ballot,Administrative,Wisconsin Department of Public Instruction (WDPI),
1,baron-2022,all,bond_win_prev7,whether bond referendum passed,boolean,reconstructing bond_win_prev* = bond_percent_prev* >= 50,1,control,0,0,,"op_allvotes_prev7, op_allvotes_prev7",ballot,Administrative,Wisconsin Department of Public Instruction (WDPI),
1,baron-2022,all,bond_win_prev8,whether bond referendum passed,boolean,reconstructing bond_win_prev* = bond_percent_prev* >= 50,1,control,0,0,,"op_allvotes_prev8, op_allvotes_prev8",ballot,Administrative,Wisconsin Department of Public Instruction (WDPI),
1,baron-2022,all,bond_win_prev9,whether bond referendum passed,boolean,reconstructing bond_win_prev* = bond_percent_prev* >= 50,1,control,0,0,,"op_allvotes_prev9, op_allvotes_prev9",ballot,Administrative,Wisconsin Department of Public Instruction (WDPI),
1,baron-2022,all,bond_win_prev10,whether bond referendum passed,boolean,reconstructing bond_win_prev* = bond_percent_prev* >= 50,1,control,0,0,,"op_allvotes_prev10, op_allvotes_prev10",ballot,Administrative,Wisconsin Department of Public Instruction (WDPI),
1,baron-2022,all,bond_win_prev11,whether bond referendum passed,boolean,reconstructing bond_win_prev* = bond_percent_prev* >= 50,1,control,0,0,,"op_allvotes_prev11, op_allvotes_prev11",ballot,Administrative,Wisconsin Department of Public Instruction (WDPI),
1,baron-2022,all,bond_win_prev12,whether bond referendum passed,boolean,reconstructing bond_win_prev* = bond_percent_prev* >= 50,1,control,0,0,,"op_allvotes_prev12, op_allvotes_prev12",ballot,Administrative,Wisconsin Department of Public Instruction (WDPI),
1,baron-2022,all,bond_win_prev13,whether bond referendum passed,boolean,reconstructing bond_win_prev* = bond_percent_prev* >= 50,1,control,0,0,,"op_allvotes_prev13, op_allvotes_prev13",ballot,Administrative,Wisconsin Department of Public Instruction (WDPI),
1,baron-2022,all,bond_win_prev14,whether bond referendum passed,boolean,reconstructing bond_win_prev* = bond_percent_prev* >= 50,1,control,0,0,,"op_allvotes_prev14, op_allvotes_prev14",ballot,Administrative,Wisconsin Department of Public Instruction (WDPI),
1,baron-2022,all,bond_win_prev15,whether bond referendum passed,boolean,reconstructing bond_win_prev* = bond_percent_prev* >= 50,1,control,0,0,,"op_allvotes_prev15, op_allvotes_prev15",ballot,Administrative,Wisconsin Department of Public Instruction (WDPI),
1,baron-2022,all,bond_win_prev16,whether bond referendum passed,boolean,reconstructing bond_win_prev* = bond_percent_prev* >= 50,1,control,0,0,,"op_allvotes_prev16, op_allvotes_prev16",ballot,Administrative,Wisconsin Department of Public Instruction (WDPI),
1,baron-2022,all,bond_win_prev17,whether bond referendum passed,boolean,reconstructing bond_win_prev* = bond_percent_prev* >= 50,1,control,0,0,,"op_allvotes_prev17, op_allvotes_prev17",ballot,Administrative,Wisconsin Department of Public Instruction (WDPI),
1,baron-2022,all,bond_win_prev18,whether bond referendum passed,boolean,reconstructing bond_win_prev* = bond_percent_prev* >= 50,1,control,0,0,,"op_allvotes_prev18, op_allvotes_prev18",ballot,Administrative,Wisconsin Department of Public Instruction (WDPI),
1,pandey-2010,all,totpop,"total population (appears to be in 1,000s)",count,,1,control,0,0,,totpop,population,Census,Indian Census,2001 Census of India
1,pandey-2010,all,frsc,fraction SC population,count / count,created inter var sc = frsc * totpop,1,control,0,0,,"sc, totpop",race/ethnicity,Census,Indian Census,2001 Census of India
1,pandey-2010,all,frobc,fraction OBC population,count / count,created inter var obc = frobc * totpop,1,control,0,0,,"obc, totpop",race/ethnicity,Census,Indian Census,2001 Census of India
1,pandey-2010,all,density,"population density, appears to be 100s of people per square km",count / invariant,created inter var area = (totpop / 10) / density,1,control,0,0,,totpop,population,Census,Indian Census,2001 Census of India
1,pandey-2010,all,lit,literacy rate,count / count,created inter var literate = lit * totpop,1,control,0,0,,"literate, totpop",education,Census,Indian Census,2001 Census of India
1,pandey-2010,"landlord-teacherattend, landlord-teacheractivity",toenr,Total enrollment (in 1's?),count,,1,control,0,0,,toenr,"education, age",Survey,Debroy & Bhandari (2003),
1,pandey-2010,"landlord-studentscore, landlord-studentattend",tepupr,Teacher to pupil ratio,count / count,"neither teacher count nor pupil count given, cannot noise",0,control,0,0,,,,,,
1,jensenius-2015,all,PropSC,PropSC: percentage of SCs in the constituencies in 1971,count / count,reconstructing SC_percent71_true = SC_pop71_true / tot_pop71_true,1,ind,0,0,,"tot_pop71_true, SC_pop71_true",race/ethnicity,Census,Indian Census,Indian Census of 1971
1,jensenius-2015,lit-sc,Plit_SC_7,"Literacy rate among SCs in 2001, in 100s",count / count,"2001 pops not given, can't noise",0,dep,0,0,,,,,,
1,jensenius-2015,lit-sc,educ_lag,"Plit71_SC, lagged",count / count,"2001 pops not given, can't noise",0,control,0,0,,,,,,
1,jensenius-2015,emp-sc,P_W_SC,Employment rate among SCs in AC estimated from block-level 2001 census data,count / count,"# workers not given, can't noise",0,dep,0,0,,,,,,
1,jensenius-2015,emp-sc,worker_lag,"P_W71_SC, lagged",count / count,"# workers not given, can't noise",0,control,0,0,,,,,,
1,jensenius-2015,agr-sc,P_al_SC,Percentage of agricultural laborers among SCs in AC estimated from block-level 2001 census data,count / count,"# laborers not given, can't noise",0,dep,0,0,,,,,,
1,jensenius-2015,agr-sc,agr_lag,"P_al71_SC, lagged",count / count,"# laborers not given, can't noise",0,control,0,0,,,,,,
1,ahmed-2024,all,ln_AGE1824_TOT,"Log age 18 to 24 population,",log count,reconstructing ln_AGE1824_TOT = log(AGE1824_TOT),1,control,0,0,,AGE1824_TOT,age,Survey,Bureau of Economic Analysis,
1,ahmed-2024,all,ln_AGE1824_FEM_SHARE,"Log female share of the 18–24-year-old population,",log (count / count),created inter var AGE1824_FEM = AGE1824_FEM_SHARE * AGE1824_TOT,1,control,0,0,,"AGE1824_FEM, AGE1824_TOT",age,Survey,Bureau of Economic Analysis,
1,ahmed-2024,all,ln_NETMIG,Log Net migration,log count,reconstructing ln_NETMIG = log(NETMIG),1,control,0,0,,NETMIG,immigration,Survey,National Center for Education Statistics,Integrated Postsecondary Education Data System (IPEDS)
1,ahmed-2024,rml-compasso,ln_CTOTALT_lead4,"log total completion, lagged",log count,"reconstructing ln_CTOTALT = log(CTOTALT + 1), then shifting",1,dep,0,0,,CTOTALT,education,Survey,National Center for Education Statistics,Integrated Postsecondary Education Data System (IPEDS)
1,ahmed-2024,rml-compcol,ln_CTOTALT_lead5,"log total completion, lagged",log count,"reconstructing ln_CTOTALT = log(CTOTALT + 1), then shifting",1,dep,0,0,,CTOTALT,education,Survey,National Center for Education Statistics,Integrated Postsecondary Education Data System (IPEDS)
1,ahmed-2024,all,ln_STUFACR,Log student to faculty ratio,log (count / count),"students or faculty not given, not noised",0,control,0,0,,,,,,
1,ahmed-2024,all,ln_per_capita_income,Log per capita income,log (sum / count),"total population not given, not noised",0,control,0,0,,,,,,
1,ahmed-2024,all,ln_unemply_rate,"log of unemployment rate,",log (count / count),"total labor force not given, not noised",0,control,0,0,,,,,,
1,ahmed-2024,all,is_large_inst,"Aggregate enrollment over 20k dummy,",boolean,"total enrollment not given, not noised",0,control,0,0,,,,,,
1,ahmed-2024,rml-gradcol,grad_rate_bachelor_6_years_lead3,Bachelor degrees graduation rate ,count / count,"number of grads not given, can't noise",0,dep,0,0,,,,,,
1,ahmed-2024,rml-gradasso,grad_rate_associate_4_years_lead6,Associate degrees graduation rate,count / count,"number of grads not given, can't noise",0,dep,0,0,,,,,,