"","est1","","","","est2","","","","est3","","","","est4","","","","est5","","","","est6","","","","est7","","","","est8","","","","est9","","","","est10","","",""
"","b","se","t","p","b","se","t","p","b","se","t","p","b","se","t","p","b","se","t","p","b","se","t","p","b","se","t","p","b","se","t","p","b","se","t","p","b","se","t","p"
"D.log_real_earn","-.2874336",".1230536","-2.33584",".0194996","-.1998873",".0906195","-2.205786",".027399","-.2724653",".0875213","-3.113132",".0018511","-.1472291",".1257552","-1.17076",".2416954","-.4142935",".0682231","-6.072624","1.26e-09","-.2026991",".0866739","-2.33864",".0193541",".0415735",".1669942",".2489521",".8033979","-.1180169",".0679982","-1.735587",".0826368","-.1065728",".0798226","-1.33512",".1818372","-.3735147",".0816146","-4.576566","4.73e-06"
"msa1990",".010525",".0022486","4.680707","2.86e-06",".0089726",".0020568","4.362477",".0000129",".0101072",".0018184","5.558183","2.73e-08",".009477",".001799","5.268075","1.38e-07",".0108209",".0020026","5.403471","6.54e-08",".0065398",".0027912","2.342984",".0191302",".00731",".0025564","2.859477",".0042434",".0061254",".0019558","3.131899",".0017368",".0060717",".0019733","3.076863",".0020919",".0073247",".0018771","3.902099",".0000954"
"log_pop","-.0005684",".0008277","-.6867139",".492263","-.0014267",".0007362","-1.938038",".0526186","-.0010824",".00069","-1.568752",".1167058","-.0011926",".000643","-1.854897",".0636109","-.0009575",".0007211","-1.327889",".1842149",".0103793",".0009607","10.80399","0",".0010099",".0008277","1.220094",".2224291",".0057072",".000452","12.62521","0",".0056976",".0004524","12.59393","0",".005921",".0004767","12.41954","0"
"D.log_pop",".5168078",".1397062","3.699246",".0002162",".4339692",".0831583","5.218592","1.80e-07",".4742927",".0843073","5.625761","1.85e-08",".4039597",".0873038","4.627055","3.71e-06",".5539437",".0816436","6.784901","1.16e-11",".2861098",".1224539","2.33647",".0194668",".7545996",".1134056","6.653987","2.85e-11",".6010917",".1220863","4.923498","8.50e-07",".5943748",".1237679","4.802335","1.57e-06",".7510505",".1201101","6.253016","4.03e-10"
"manufact_earn_share_1969","-.0059411",".0076171","-.7799733",".4354066","-.0023903",".0078289","-.305322",".7601209","-.0048808",".0067465","-.723452",".4694023","-.0041974",".0063296","-.6631377",".5072424","-.0056547",".0070523","-.8018112",".4226622","-.0249186",".0099816","-2.49644",".0125447",".0329958",".0098159","3.36146",".0007753",".000653",".0061176",".1067359",".9149985",".0007791",".0061823",".1260228",".8997139","-.0021632",".0066378","-.325888",".7445091"
"stateyrv1","0",".",".",".",".0191197",".0095112","2.010239",".0444059","0",".",".",".","0",".",".",".","0",".",".",".","-.1372969",".0237469","-5.781684","7.40e-09",".0572739",".0216813","2.64163",".0082508",".0038243",".0191164",".2000548",".8414377",".0036207",".0192896",".1877011",".8511109",".0083711",".0185028",".4524203",".6509662"
"stateyrv2","0",".",".",".",".021645",".0091445","2.367008",".0179325","0",".",".",".","0",".",".",".","0",".",".",".","-.3146891",".0238587","-13.18972","0",".0710151",".0235147","3.020025",".0025275","-.1675726",".0190901","-8.777979","0","-.1673246",".0189921","-8.810218","0","-.1731084",".0187795","-9.217919","0"
"stateyrv3","0",".",".",".","-.0158656",".0090921","-1.74499",".0809867","0",".",".",".","0",".",".",".","0",".",".",".","-.166124",".0236169","-7.034105","2.01e-12","-.0003894",".0217827","-.0178749",".9857387","-.0162126",".0190509","-.8510183",".3947592","-.0159008",".0189415","-.839472",".4012045","-.023174",".0182877","-1.267193",".2050863"
"stateyrv4","0",".",".",".",".0276896",".0106728","2.594411",".0094753","0",".",".",".","0",".",".",".","0",".",".",".",".050677",".023719","2.136559",".0326339",".0209709",".022352",".9382094",".3481368",".1953311",".0190738","10.24081","0",".1954429",".0190503","10.25933","0",".1928368",".0184702","10.44044","0"
"stateyrv5","0",".",".",".","-.0195448",".0106363","-1.837556",".0661279","0",".",".",".","0",".",".",".","0",".",".",".","-.1033936",".0236189","-4.377576",".000012",".0965804",".0254377","3.796744",".0001466",".0399958",".0191213","2.091684",".0364668",".0399643",".0191683","2.084919",".0370766",".0406996",".0187011","2.176321",".0295313"
"stateyrv6","0",".",".",".",".0171153",".0106962","1.600131",".1095695","0",".",".",".","0",".",".",".","0",".",".",".","-.0800044",".0237357","-3.370633",".00075",".0722867",".0215355","3.356635",".000789",".0678549",".0189585","3.579126",".0003447",".0679733",".0189452","3.587882",".0003334",".0652121",".01814","3.594927",".0003245"
"stateyrv7","0",".",".",".",".0028609",".0137255",".2084345",".8348897","0",".",".",".","0",".",".",".","0",".",".",".","-.1003079",".023575","-4.254835",".0000209",".0776326",".0255198","3.042056",".0023497",".0509363",".0192481","2.646303",".0081377",".0514895",".0191071","2.694778",".0070436",".0385864",".0187483","2.05813",".0395776"
"stateyrv8","0",".",".",".",".0077953",".0094041",".828925",".4071468","0",".",".",".","0",".",".",".","0",".",".",".","-.1837318",".0241664","-7.602786","2.91e-14",".0525733",".0212627","2.472563",".0134148","-.0379493",".0197065","-1.925727",".0541384","-.0378789",".019706","-1.922202",".0545803","-.039521",".0191011","-2.069047",".0385417"
"stateyrv9","0",".",".",".",".0057393",".0086255",".665386",".5058036","0",".",".",".","0",".",".",".","0",".",".",".","-.1381112",".023752","-5.814723","6.07e-09",".0374014",".0212807","1.757527",".0788281",".0101278",".0192434",".5262984",".5986809",".0102759",".0192463",".5339137",".5934012",".0068209",".0187058",".3646415",".715379"
"stateyrv10","0",".",".",".",".0197877",".0121132","1.633567",".1023498","0",".",".",".","0",".",".",".","0",".",".",".","-.0963202",".023613","-4.07912",".0000452",".0613054",".0299384","2.047714",".040588",".0498469",".0189243","2.634018",".0084381",".0498439",".0189673","2.62789",".0085916",".0499139",".0181523","2.749725",".0059645"
"stateyrv11","0",".",".",".",".028092",".010436","2.691825",".0071062","0",".",".",".","0",".",".",".","0",".",".",".","-.3698176",".0252914","-14.62228","0",".0966381",".0243169","3.974111",".0000706","-.2289507",".0184321","-12.42132","0","-.2290241",".0185349","-12.35636","0","-.2273125",".0173588","-13.09492","0"
"stateyrv12",".1004732",".0165838","6.05851","1.37e-09","-.014821",".0102956","-1.439545",".149996",".1076988",".0141275","7.623368","2.46e-14",".1019418",".0141803","7.188991","6.53e-13",".1142185",".0148281","7.702837","1.33e-14","-.1559245",".0256073","-6.089063","1.14e-09",".0027378",".021246",".128863",".8974661","-.0194432",".0214564","-.9061719",".3648449","-.0198791",".0218032","-.9117474",".3619017","-.0097128",".0212052","-.4580396",".646924"
"stateyrv13",".0706446",".0160203","4.409683",".0000104",".0111891",".010121","1.105531",".2689297",".0763591",".0131727","5.796759","6.76e-09",".0729938",".01368","5.335799","9.51e-08",".0801701",".013015","6.159848","7.28e-10","-.3612257",".058323","-6.193536","5.88e-10",".0722668",".0214742","3.365277",".0007647","-.2153955",".0555611","-3.876731",".0001059","-.2156006",".0554976","-3.884862",".0001024","-.2108171",".0576026","-3.659853",".0002524"
"stateyrv14",".0908776",".0168433","5.395477","6.83e-08","-.0283437",".0083656","-3.388104",".0007038",".0978006",".0145921","6.702317","2.05e-11",".0963079",".0142605","6.753459","1.44e-11",".0994911",".0147689","6.736516","1.62e-11","-.1614954",".0239164","-6.752488","1.45e-11",".0270851",".0204834","1.322299",".1860688","-.0171125",".0192266","-.8900446",".3734419","-.0171671",".0192972","-.8896124",".373674","-.0158943",".0184276","-.8625277",".3883972"
"stateyrv15",".0874515",".0133758","6.538046","6.23e-11","-.0121853",".0087483","-1.392876",".1636574",".0936085",".0100693","9.296415","0",".0910127",".0100158","9.086884","0",".0965482",".0104027","9.28106","0",".0030554",".0237985",".1283885",".8978416",".0162448",".0206782",".7856025",".4321004",".1388309",".0194806","7.126636","1.03e-12",".1386739",".0196252","7.066103","1.59e-12",".1423353",".0185659","7.666498","1.78e-14"
"stateyrv16",".0817612",".0202331","4.040966",".0000532","-.0179801",".0094414","-1.904385",".0568601",".0883613",".017993","4.910882","9.07e-07",".0896821",".0173701","5.163018","2.43e-07",".0868656",".0188924","4.597912","4.27e-06","-.1157544",".0284407","-4.070025",".000047",".0570901",".0256235","2.228036",".0258781",".0237591",".0250839",".9471873",".3435433",".023929",".0250502",".9552416",".3394556",".0199658",".0249403",".8005447",".4233953"
"stateyrv17",".1236247",".0217835","5.67516","1.39e-08","-.0052402",".0101015","-.5187595",".6039285",".1308229",".0196253","6.666032","2.63e-11",".1291007",".0199581","6.468578","9.89e-11",".1327732",".0197473","6.723615","1.77e-11","-.1566785",".0246471","-6.35688","2.06e-10",".0556371",".0213784","2.602492",".0092549","-.0166368",".0208645","-.7973729",".4252345","-.0167042",".0209077","-.798952",".4243182","-.0151304",".0205221","-.7372722",".4609568"
"stateyrv18",".0624088",".0205501","3.036904",".0023902","-.0310254",".0132198","-2.346889",".0189309",".0674218",".0174441","3.865011",".0001111",".0575356",".0190169","3.025502",".0024822",".0786178",".017089","4.600503","4.21e-06","-.0527265",".0290284","-1.816372",".0693133",".0260488",".0295805",".8806062",".378531",".0825617",".0251062","3.288506",".0010072",".0817217",".0256171","3.190122",".0014221",".101317",".0251204","4.033255",".000055"
"stateyrv19",".0639344",".0138073","4.630471","3.65e-06","-.0097197",".0088798","-1.094579",".2737013",".0710082",".0103826","6.839153","7.97e-12",".0710188",".0101966","6.964944","3.29e-12",".0709962",".0108509","6.54289","6.03e-11","-.1901937",".02349","-8.096784","6.66e-16",".0461771",".0214114","2.156655",".0310326","-.0468932",".0193364","-2.425122",".0153032","-.0468073",".0193224","-2.422433",".015417","-.0488109",".0186047","-2.623584",".008701"
"stateyrv20",".0897774",".0131971","6.802825","1.03e-11","-.0077367",".0083471","-.9268644",".3539969",".0975449",".0096442","10.11436","0",".0978894",".0092596","10.57164","0",".0971548",".0102831","9.44803","0","-.2574479",".0238446","-10.79691","0",".0380371",".0203634","1.867914",".0617741","-.1120083",".0192025","-5.832998","5.44e-09","-.1119064",".0192062","-5.82658","5.66e-09","-.1142828",".0184501","-6.194157","5.86e-10"
"stateyrv21",".1047898",".020381","5.141553","2.72e-07","-.032107",".009631","-3.333725",".0008569",".1123991",".0181048","6.208255","5.36e-10",".110533",".0173604","6.366982","1.93e-10",".1145125",".019128","5.986647","2.14e-09","-.1797518",".029588","-6.075156","1.24e-09",".0166147",".0231618",".7173331",".4731686","-.0394597",".0252283","-1.564106",".1177927","-.0395415",".0252813","-1.564063",".1178027","-.037634",".0242251","-1.553517",".1202997"
"stateyrv22",".0476625",".0262127","1.818298",".0690186","-.0049935",".0129566","-.3854027",".6999391",".0533798",".0186675","2.859512",".0042429",".0498529",".0186028","2.679856",".0073654",".0573739",".0192101","2.986652",".0028205","-.213964",".0391477","-5.465553","4.61e-08",".0794808",".0470563","1.689058",".0912083","-.0743605",".0320874","-2.317439",".0204798","-.0745366",".0321426","-2.318937",".0203984","-.0704302",".0333196","-2.113779",".0345342"
"stateyrv23",".2097324",".0219643","9.548782","0","-.0272933",".0094812","-2.878685",".0039934",".2168652",".0200811","10.79947","0",".2081096",".0205835","10.11053","0",".2267809",".0205483","11.03648","0","-.0848992",".0260933","-3.253678",".0011392",".0338954",".0227947","1.486987",".1370183",".0470961",".0244706","1.924596",".0542799",".0463925",".024903","1.862928",".0624724",".0628032",".0229585","2.735503",".0062285"
"stateyrv24",".2109342",".0177584","11.87798","0","-.0074729",".0092723","-.8059393",".4202778",".2161252",".0145276","14.87683","0",".2071913",".0161449","12.83322","0",".2262428",".0136293","16.59971","0","-.1856676",".0263614","-7.043155","1.88e-12",".047897",".0213293","2.245594",".02473","-.0436297",".0223758","-1.949859",".0511929","-.0443179",".022909","-1.934518",".0530495","-.0282656",".0217662","-1.2986",".1940812"
"stateyrv25",".2146922",".0172642","12.4357","0","-.0360784",".0086507","-4.170585",".0000304",".2211205",".0158488","13.95192","0",".2162798",".0155174","13.93789","0",".2266026",".0152603","14.84918","0","-.2108978",".0244009","-8.643028","0",".0095871",".0202084",".4744135",".6352051","-.0676418",".019676","-3.437778",".0005865","-.0680032",".0199497","-3.408736",".0006526","-.0595737",".0189679","-3.140763",".0016851"
"stateyrv26",".2213674",".0157542","14.0513","0","-.0119174",".0085952","-1.386525",".1655866",".2266415",".0124917","18.14333","0",".217026",".0145083","14.95873","0",".2375309",".0114033","20.83009","0","-.0400035",".0255387","-1.566388",".1172577",".0093061",".0206494",".4506728",".6522254",".0917052",".0208293","4.402705",".0000107",".0909062",".0214967","4.228839",".0000235",".1095424",".02024","5.412175","6.23e-08"
"stateyrv27",".2294667",".0223547","10.2648","0","-.0346727",".0100199","-3.460394",".0005394",".2340544",".0188144","12.44015","0",".2208841",".0214468","10.29914","0",".2489697",".0174704","14.25093","0","-.1468179",".029275","-5.01513","5.30e-07",".0250983",".021211","1.183269",".2367026","-.0128071",".025738","-.4975972",".618768","-.0138783",".0264676","-.5243509",".6000345",".0111076",".0250407",".4435826",".6573444"
"stateyrv28",".212272",".0174245","12.18236","0","-.0289331",".0099089","-2.919896",".0035015",".2186996",".0142326","15.36608","0",".212286",".0153674","13.81406","0",".2259628",".0141668","15.95012","0","-.1736387",".0283095","-6.133581","8.59e-10",".0339536",".0212213","1.599977",".1096037","-.0343097",".0241814","-1.418849",".1559432","-.0347993",".0245854","-1.415446",".1569378","-.0233787",".0232426","-1.005855",".3144854"
"stateyrv29",".2478969",".0239687","10.34252","0","-.0205395",".0142946","-1.436868",".1507555",".2518978",".0193539","13.01534","0",".2350233",".0227395","10.33547","0",".2710079",".0182504","14.8494","0","-.1428098",".0298037","-4.79168","1.65e-06",".0102622",".0276075",".3717189",".7101022","-.0093417",".0247174","-.377941",".7054745","-.0107126",".025814","-.4149914",".6781482",".0212636",".0257744",".8249902",".4093772"
"stateyrv30",".1952175",".013499","14.46166","0","-.0179364",".0104776","-1.711889",".0869171",".2014468",".0099352","20.276","0",".1958392",".0108254","18.09066","0",".2077974",".0097163","21.38645","0","-.1992735",".0237861","-8.377722","0",".0296471",".0205764","1.44083",".1496326","-.0577837",".0196456","-2.941304",".0032683","-.0582127",".0200081","-2.909458",".0036206","-.048205",".0188125","-2.562384",".0103956"
"stateyrv31",".2073616",".0138147","15.0102","0","-.0214771",".0084422","-2.544019",".0109585",".2143642",".0106432","20.14095","0",".2090421",".011499","18.17918","0",".2203913",".0106533","20.68765","0","-.3304356",".0268111","-12.32458","0",".0204411",".0204179","1.001136",".3167611","-.1876807",".0229215","-8.187974","2.22e-16","-.1880875",".0235408","-7.989865","1.33e-15","-.1785982",".022443","-7.957862","1.78e-15"
"stateyrv32",".2185128",".0146416","14.92411","0","-.0265026",".0161259","-1.643477",".1002843",".2255949",".0117325","19.22825","0",".2197746",".0122357","17.96172","0",".2321862",".0121052","19.18065","0","-.1292553",".0491313","-2.630817",".008518",".0218905",".0267411",".8186089",".4130096",".0093592",".0470439",".1989468",".8423044",".0089074",".0470223",".1894281",".8497573",".0194479",".048262",".4029662",".6869731"
"stateyrv33",".1867437",".0327293","5.7057","1.16e-08","-.0169411",".010324","-1.640932",".1008116",".1917972",".026363","7.275231","3.46e-13",".1830887",".0267398","6.847056","7.54e-12",".2016595",".0269863","7.472669","7.86e-14","-.1721749",".0270289","-6.370031","1.89e-10",".0779076",".0353518","2.203782",".0275397","-.0401594",".0221415","-1.813762",".0697144","-.0408119",".0226205","-1.804205",".0711992","-.02559",".0225381","-1.13541",".2562036"
"stateyrv34","-.0226253",".0159888","-1.415074",".1570467","-.045296",".0101151","-4.478056","7.53e-06","-.0152771",".0134579","-1.135179",".2563003","-.0207937",".0141349","-1.471083",".1412685","-.0090296",".0133864","-.6745375",".4999697","-.3488385",".0244574","-14.26309","0",".0027417",".0213115",".1286479",".8976363","-.2126555",".0219521","-9.687257","0","-.2130782",".0221863","-9.60403","0","-.2032202",".0212454","-9.565383","0"
"stateyrv35","-.0161281",".0172658","-.9341031",".3502507","-.0455487",".0095798","-4.754657","1.99e-06","-.0107921",".0141888","-.7606052",".4468929","-.0185776",".0154979","-1.198719",".2306373","-.0019751",".0135279","-.1460027",".8839192","-.1628275",".0275517","-5.90989","3.42e-09","-.0443887",".0220726","-2.011032",".0443221","-.0207409",".0239321","-.8666553",".3861309","-.021253",".0242772","-.8754298",".3813401","-.0093081",".0232511","-.4003314",".6889124"
"stateyrv36","-.0182959",".0155599","-1.175833",".2396617","-.0528724",".0084522","-6.255439","3.96e-10","-.0121201",".0134154","-.9034514",".3662863","-.0172566",".0135337","-1.275082",".2022802","-.0063031",".013078","-.4819657",".6298303","-.2440842",".0252286","-9.674907","0","-.0120248",".0200219","-.6005802",".5481196","-.0985948",".0199159","-4.950546","7.40e-07","-.0989852",".0201977","-4.900824","9.54e-07","-.0898787",".019338","-4.647768","3.36e-06"
"stateyrv37","-.0092462",".0144403","-.6403092",".5219716","-.0319933",".00874","-3.66057",".0002517","-.0036511",".0112402","-.324825",".7453135","-.0106715",".0123965","-.8608441",".3893239",".0042994",".0107366",".4004376",".6888343","-.2159627",".0259382","-8.326047","0","-.0073394",".0201218","-.3647467",".7153005","-.0824277",".0217897","-3.782874",".000155","-.0829896",".0222196","-3.73497",".0001877","-.0698833",".0212016","-3.296128",".0009803"
"stateyrv38",".0041634",".0165569",".251458",".80146","-.0576087",".0098376","-5.855979","4.74e-09",".0094275",".013443",".7012964",".483118",".0019083",".0143586",".1329042",".8942692",".0179429",".0135843","1.32086",".1865481","-.1232011",".0262144","-4.699742","2.60e-06","-.0131951",".0207641","-.6354767",".5251175",".014851",".0219361",".677012",".4983984",".0143872",".0222789",".6457745",".5184254",".0252069",".021444","1.175476",".2398043"
"stateyrv39","-.0024796",".0139542","-.1776987",".8589596","-.0423443",".0086241","-4.909984","9.11e-07",".0043461",".0108364",".40106",".688376",".0011021",".0109295",".1008328",".9196832",".0080199",".0111273",".72074",".4710695","-.1481786",".027075","-5.472902","4.43e-08",".0066807",".0211334",".3161181",".7519129","-.0064561",".0228265","-.2828341",".777304","-.0066664",".0229617","-.2903278",".7715655","-.0017612",".0231274","-.0761518",".9392983"
"stateyrv40",".0286434",".0399184",".7175494",".4730352","-.0707933",".0162822","-4.347902",".0000137",".0304219",".0308998",".9845345",".3248528","-.0038403",".0392372","-.0978749",".9220317",".0692233",".0282629","2.449267",".0143147","-.1558114",".0356116","-4.375296",".0000121",".0157393",".0300348",".5240356",".6002538","-.0322077",".0281912","-1.142473",".2532574","-.0351893",".0312476","-1.126144",".2601047",".0343585",".0318883","1.077465",".2812728"
"stateyrv41","-.0212854",".0142749","-1.491105",".1359338","-.0276376",".0089232","-3.097284",".001953","-.0152385",".0107879","-1.412556",".1577863","-.0220582",".0119101","-1.852063",".0640168","-.0075153",".0106347","-.7066792",".4797658","-.3602503",".0242745","-14.84067","0",".0063284",".0206175",".3069422",".7588874","-.2191029",".0195671","-11.19753","0","-.219643",".0200516","-10.95387","0","-.2070436",".0189651","-10.9171","0"
"stateyrv42","-.0166568",".0128511","-1.296136",".1949287","-.0334417",".0090646","-3.689242",".0002249","-.0095903",".0094903","-1.010538",".3122375","-.0145317",".0101037","-1.438262",".1503596","-.0039943",".009736","-.4102581",".6816166","-.2805257",".0245543","-11.42472","0","-.0032566",".0216328","-.1505385",".8803398","-.1374887",".0199449","-6.893436","5.45e-12","-.1378537",".020278","-6.7982","1.06e-11","-.1293408",".0191755","-6.745124","1.53e-11"
"stateyrv43","-.0223542",".0154825","-1.443834",".1487857","-.0503984",".0110941","-4.542832","5.55e-06","-.0149635",".0129947","-1.151515",".2495204","-.0178957",".0130779","-1.368398",".1711874","-.0116429",".0133234","-.8738662",".3821911","-.1635904",".0304403","-5.374134","7.70e-08","-.01492",".02335","-.6389721",".5228411","-.0229534",".0270247","-.8493482",".3956876","-.0231798",".0272186","-.8516181",".3944261","-.0178977",".0250164","-.7154412",".4743365"
"stateyrv44","-.0463921",".0254452","-1.823216",".0682707","-.0372923",".0101159","-3.686507",".0002274","-.0414318",".0219048","-1.891444",".0585651","-.0503635",".0233045","-2.161108",".030687","-.0313168",".0219564","-1.426318",".1537764","-.0919475",".0263791","-3.485622",".000491","-.0010179",".0283777","-.0358704",".9713857",".0416556",".0254642","1.635853",".1018704",".0408244",".026052","1.567034",".1171068",".060212",".0267084","2.254422",".0241696"
"stateyrv45",".0423454",".014858","2.850005",".0043718","-.0484407",".0095687","-5.062395","4.14e-07",".0500213",".0114228","4.379058",".0000119",".0525774",".0111633","4.709828","2.48e-06",".0471266",".0120637","3.906496",".0000936",".0552291",".0350798","1.574388",".1153978",".0028238",".022472",".1256575",".9000031",".203762",".0312157","6.527556","6.69e-11",".2040724",".0312107","6.538536","6.21e-11",".196834",".0309375","6.362308","1.99e-10"
"stateyrv46",".0035932",".0169599",".2118661",".8322115","-.0290362",".0091051","-3.188989",".0014277",".0106993",".0130434",".820283",".4120548",".0184212",".0133679","1.378017",".1681981",".0019543",".0141535",".1380771",".8901795",".1840993",".0682686","2.696692",".0070032",".0059617",".0210944",".2826181",".7774696",".3359326",".06703","5.011673","5.40e-07",".3365568",".0669122","5.029824","4.91e-07",".3219972",".0665136","4.841071","1.29e-06"
"stateyrv47",".0349728",".0140505","2.489074",".0128076","-.0433171",".0087017","-4.977981","6.43e-07",".042015",".0105742","3.973361",".0000709",".0436638",".0101163","4.316191",".0000159",".0401478",".0115652","3.471429",".0005177",".1219351",".0261108","4.669905","3.01e-06",".016359",".0202111",".8094061",".4182816",".2715025",".0218608","12.41961","0",".2717325",".0217422","12.49792","0",".2663678",".0214592","12.41274","0"
"stateyrv48","-.0041872",".0162833","-.2571487",".797064","-.013966",".0094619","-1.476018",".139939",".0031137",".0109909",".2832972",".7769491",".0119656",".0119369","1.002406",".3161474","-.0069109",".0118542","-.5829944",".5598971",".3047365",".0295997","10.29524","0",".0190448",".0209035",".9110836",".3622513",".4512304",".0261478","17.25689","0",".4521171",".0259743","17.4063","0",".4314331",".0259792","16.60684","0"
"stateyrv49",".0197571",".018268","1.081512",".2794693","-.045987",".0109407","-4.203301",".0000263",".0267831",".0148166","1.807639",".0706627",".0333553",".0149588","2.22981",".0257601",".0193401",".0156066","1.239228",".2152609",".1926696",".0595914","3.233178",".0012242",".0264125",".021295","1.240318",".2148579",".3383289",".0573988","5.894352","3.76e-09",".3389556",".0572384","5.921824","3.18e-09",".3243386",".0570978","5.680407","1.34e-08"
"stateyrv50",".0235899",".0150406","1.568415",".1167843","-.0253582",".0091096","-2.783689",".0053745",".031291",".0115773","2.702783",".0068762",".0354376",".0109186","3.245603",".001172",".026595",".0124946","2.128526",".0332935",".3627771",".064082","5.661137","1.50e-08",".0235411",".0203024","1.159524",".2462428",".5098431",".0611913","8.331957","0",".5103204",".0608902","8.38099","0",".4991864",".0622819","8.014953","1.11e-15"
"stateyrv51","-.0067881",".0258871","-.2622195",".7931522","-.0290782",".0150556","-1.931391",".0534347",".0012233",".0209164",".058485",".9533623",".0188431",".0229716",".8202781",".4120576","-.0187309",".0218683","-.8565326",".3917033","-.0803358",".0469718","-1.710296",".0872112",".0184596",".0259446",".7115003",".4767742",".0773842",".0446119","1.734609",".0828101",".0790552",".0444902","1.776915",".0755823",".0400781",".0470827",".8512275",".394643"
"stateyrv52",".0199899",".0148659","1.344682",".1787278","-.0326141",".0084896","-3.84166",".0001222",".0274595",".0108519","2.530387",".0113937",".0323457",".010451","3.094987",".0019682",".0219258",".0123565","1.774436",".0759911",".1732761",".0342883","5.053504","4.34e-07",".0273149",".0200763","1.360555",".1736544",".3221962",".0302504","10.65097","0",".3227259",".0299947","10.75941","0",".3103703",".0309701","10.02162","0"
"stateyrv53",".0499286",".0139315","3.583876",".0003385","-.0273099",".0090301","-3.024328",".0024919",".0580226",".0102346","5.669245","1.43e-08",".0617674",".0092244","6.696068","2.14e-11",".0537817",".0117335","4.583603","4.57e-06",".265984",".0276002","9.637033","0",".0100342",".0213731",".4694767",".6387289",".4151898",".0234944","17.67187","0",".4155869",".0237862","17.47176","0",".4063239",".0224068","18.13399","0"
"stateyrv54",".0348751",".019664","1.773557",".0761365","-.0307732",".010693","-2.87787",".0040037",".0429473",".0167214","2.5684",".0102169",".0467708",".0162721","2.874294",".0040493",".0386172",".0176284","2.190618",".0284794",".0172821",".0919092",".1880349",".8508493","-.0017749",".0212275","-.0836145",".933363",".1643508",".0880052","1.867512",".0618301",".1648",".0883254","1.865827",".0620655",".1543226",".0873891","1.765925",".0774084"
"stateyrv55",".0207406",".0248997",".8329653",".4048643","-.0152116",".0105279","-1.444891",".1484885",".0270258",".0229824","1.175933",".2396218",".0246905",".0222673","1.108823",".2675064",".0296705",".0242009","1.226007",".2201962",".0422663",".0941504",".4489238",".6534866",".0300657",".0259171","1.160073",".246019",".1758173",".0877435","2.003765",".0450952",".1756182",".0877861","2.000524",".0454437",".1802635",".0869691","2.07273",".0381974"
"stateyrv56",".0469153",".0174151","2.693944",".0070612","-.0421872",".010431","-4.044421",".0000525",".0545202",".0148247","3.677656",".0002354",".0567256",".0135783","4.177678",".0000295",".0520227",".0166175","3.13059",".0017446","-.1608056",".0238685","-6.737135","1.62e-11","-.024671",".0223032","-1.106164",".2686556","-.0118177",".019615","-.6024844",".5468517","-.0115223",".0195347","-.5898372",".5552998","-.0184137",".0188258","-.9781083",".3280207"
"stateyrv57","-.0042637",".0149095","-.2859745",".7748977","-.0215403",".0106404","-2.024397",".0429293",".0025078",".0113913",".2201487",".8257553",".0065675",".0110161",".5961709",".5510611","-.0020897",".0124544","-.1677924",".8667466","-.138484",".0245512","-5.640608","1.69e-08",".0071593",".0225906",".316916",".7513074",".0104979",".0202162",".5192817",".6035643",".0108467",".0200982",".5396845",".5894146",".002712",".0196635",".137918",".8903052"
"stateyrv58",".013586",".0141105",".962828",".3356339","-.0427423",".0082295","-5.193774","2.06e-07",".0210815",".0098923","2.131113",".0330798",".0239654",".0096491","2.48369",".0130029",".0178156",".0110837","1.607368",".1079737","-.1367588",".0255914","-5.343938","9.09e-08","-.0233137",".0200906","-1.160426",".2458753",".0105476",".0210731",".5005249",".6167055",".0108929",".0210033",".5186298",".6040189",".0028374",".020389",".1391626",".8893217"
"stateyrv59",".0283228",".0170235","1.663746",".0961632","-.0160578",".0086051","-1.866077",".0620306",".0356305",".0117537","3.031441",".0024339",".0453669",".0127719","3.552098",".0003822",".0246042",".0127798","1.925247",".0541984","-.1714448",".0245981","-6.969837","3.17e-12","-.0282657",".0204034","-1.38534",".1659484","-.0231434",".019799","-1.168913",".2424387","-.0221767",".0196177","-1.130446",".2582884","-.0447238",".0197988","-2.258918",".0238885"
"stateyrv60","-.0141679",".0163416","-.8669807",".3859526","-.0313484",".0096546","-3.246992",".0011663","-.0071838",".0125886","-.5706584",".5682312","-.0015573",".0123709","-.1258849",".8998231","-.0135557",".0136807","-.9908562",".3217558","-.1582735",".0271538","-5.828781","5.58e-09",".0045689",".0224786",".2032538",".8389367","-.0134732",".0230456","-.584632",".5587952","-.0129293",".0229548","-.56325",".5732647","-.0256158",".0227923","-1.12388",".2610639"
"stateyrv61",".0401891",".0146078","2.751198",".0059378","-.0247742",".0096545","-2.566083",".0102854",".0477284",".0112896","4.227635",".0000236",".0488772",".0116339","4.201268",".0000265",".0464275",".0115932","4.004713",".0000621","-.101938",".0272081","-3.746607",".0001792",".0147482",".0209783",".7030215",".4820423",".0416067",".0213584","1.948025",".051412",".0418119",".0212601","1.966686",".0492194",".0370257",".0215034","1.721855",".0850958"
"stateyrv62","-.0329897",".022414","-1.471836",".1410652","-.0377917",".0104721","-3.608797",".0003076","-.0257741",".0190929","-1.34993",".1770383","-.0154643",".0186568","-.8288832",".4071705","-.0374497",".021045","-1.779502",".0751576","-.1288492",".0252064","-5.11177","3.19e-07","-.0059272",".0249198","-.2378504",".8119971",".0228195",".0206288","1.106196",".2686418",".0237849",".0204395","1.163673",".2445565",".0012654",".0209519",".0603953",".9518408"
"stateyrv63",".0307609",".0134931","2.279747",".0226227","-.026222",".0087431","-2.999164",".0027072",".0380223",".0094879","4.007446",".0000614",".0411312",".0093441","4.401827",".0000107",".0345015",".0102587","3.363157",".0007706","-.1452823",".0236107","-6.153243","7.59e-10",".0048212",".0205587",".2345069",".8145915",".0024286",".0191212",".1270101",".8989324",".0027959",".0190351",".1468831",".8832243","-.0057726",".0184017","-.3137011",".7537481"
"stateyrv64",".0158096",".013264","1.191919",".233293","-.0304964",".0084839","-3.594634",".0003248",".0237275",".0093781","2.530091",".0114033",".0248975",".0092149","2.701883",".0068948",".0224026",".0098715","2.26941",".0232434","-.0878612",".0246114","-3.569938",".0003571","-.0153895",".0203586","-.7559217",".4496961",".0589664",".020189","2.920713",".0034923",".0591845",".0202755","2.91902",".0035113",".0540977",".0195546","2.766489",".0056663"
"stateyrv65",".0265119",".0138393","1.915694",".0554041","-.0278616",".011165","-2.495428",".0125805",".0346993",".0096365","3.600832",".0003172",".0384154",".0092565","4.150095",".0000332",".030491",".0103686","2.940708",".0032746","-.217764",".0300493","-7.2469","4.26e-13","-.0179622",".0209846","-.8559704",".3920142","-.0712738",".0249189","-2.860227",".0042334","-.07087",".025002","-2.834568",".0045888","-.0802885",".0245205","-3.274348",".0010591"
"stateyrv66","-.0213641",".024524","-.8711477",".3836735","-.0307734",".0099907","-3.080195",".0020687","-.013892",".0271307","-.5120401",".608623","-.0128487",".0255155","-.5035626",".6145688","-.0150736",".0293698","-.5132366",".6077858","-.1917176",".0286711","-6.686793","2.28e-11",".0081478",".0209949",".3880833",".6979544","-.0535727",".0214172","-2.501382",".012371","-.0532629",".0213369","-2.496278",".0125504","-.0604896",".0207104","-2.92074",".003492"
"stateyrv67",".0656397",".0152597","4.301511",".000017","-.0477887",".011058","-4.321652",".0000155",".0726507",".0125407","5.793198","6.91e-09",".0697128",".0125811","5.541079","3.01e-08",".0759779",".012786","5.942252","2.81e-09","-.1392286",".0284983","-4.885514","1.03e-06","-.0234172",".0232441","-1.007446",".3137205",".0059717",".0238741",".2501318",".8024855",".0057906",".0240055",".2412189",".8093855",".0100145",".0235206",".4257743",".6702723"
"stateyrv68",".0353942",".0151821","2.331304",".0197373","-.0142747",".0084872","-1.681903",".0925877",".041642",".012334","3.376209",".0007349",".0400001",".0118899","3.364206",".0007676",".0435015",".0130691","3.328578",".0008729","-.1324019",".0244175","-5.422427","5.88e-08","-.0157991",".0205473","-.7689161",".4419431",".0109626",".0200668",".5463038",".5848571",".0107912",".0201804",".5347393",".5928301",".0147872",".0197262",".749626",".45348"
"stateyrv69",".0409136",".0155035","2.638993",".0083153","-.0305849",".0083435","-3.665734",".0002466",".0471228",".0130055","3.623283",".0002909",".0395046",".0138782","2.846515",".0044201",".0557502",".0123538","4.512811","6.40e-06","-.1320923",".0246724","-5.353853","8.61e-08","-.0317941",".0199927","-1.590288",".11177",".0085529",".020033",".4269408",".6694225",".0079383",".020517",".386912",".6988214",".0222751",".019315","1.153251",".2488073"
"stateyrv70",".0480544",".0152461","3.151909",".0016221","-.0233484",".0083607","-2.792649",".0052278",".0531989",".0116609","4.562167","5.06e-06",".0437357",".0136266","3.209577",".0013293",".0639159",".0106968","5.975245","2.30e-09","-.1432344",".0249184","-5.748149","9.02e-09","-.0230746",".0203429","-1.134283",".2566757","-.0091764",".0203461","-.4510152",".6519786","-.0099632",".0210178","-.4740364",".6354739",".0083899",".0197494",".4248201",".6709678"
"stateyrv71","-.0158609",".0160098","-.9906995",".3218323","-.0464397",".0088871","-5.225501","1.74e-07","-.0096595",".0132332","-.7299467",".4654228","-.0098136",".0120055","-.8174253",".4136854","-.009485",".0149922","-.6326632",".5269536","-.1053181",".0272366","-3.866791",".0001103",".0194828",".0209386",".9304731",".3521262",".0360081",".0229482","1.569104",".1166238",".0359215",".0230301","1.559765",".1188155",".037942",".0224958","1.686628",".0916748"
"stateyrv72",".0369848",".015879","2.329174",".0198499","-.0239995",".0107217","-2.238404",".0251947",".0438941",".013203","3.324558",".0008856",".0402828",".0130807","3.079561",".0020731",".0479838",".0134779","3.560184",".0003706","-.1423513",".0250434","-5.684182","1.31e-08",".0162942",".0209198",".7788862",".4360467","-.0011965",".0204031","-.0586415",".9532376","-.001426",".0205634","-.0693482",".9447125",".0039289",".0193605",".2029311",".8391889"
"stateyrv73","-.0868576",".0241141","-3.601942",".0003158","-.0391779",".0122675","-3.193647",".0014049","-.0788389",".0191401","-4.119049",".000038","-.0634101",".0200398","-3.164211",".001555","-.0963118",".0216427","-4.450085","8.58e-06","-.2286899",".0304176","-7.518335","5.55e-14","-.002185",".0257574","-.0848304",".9323962","-.0753486",".0257624","-2.924747",".0034474","-.0738957",".0255891","-2.887778",".0038797","-.1077844",".029801","-3.616805",".0002983"
"stateyrv74",".0149762",".0138649","1.080154",".2800735","-.0226493",".0089362","-2.534538",".0112596",".0216871",".0108225","2.003883",".0450826",".0189305",".0110467","1.71368",".0865875",".0248088",".0108539","2.285701",".0222718","-.1695101",".0240934","-7.035543","1.98e-12","-.0034803",".0203964","-.1706357",".8645102","-.0272375",".0204472","-1.332088",".1828311","-.027405",".0205822","-1.331489",".1830282","-.0234996",".0194942","-1.20547",".2280218"
"stateyrv75",".0260249",".0137172","1.897248",".0577952","-.0346065",".0088549","-3.908188",".000093",".0331681",".0102756","3.227867",".0012472",".0270227",".011499","2.349994",".0187737",".0401278",".009726","4.125803",".0000369","-.1457903",".0239983","-6.075013","1.24e-09","-.0210878",".0205504","-1.026151",".3048205","-.0050478",".0195766","-.2578464",".7965254","-.0055499",".0199549","-.2781206",".7809198",".0061621",".018549",".3322067",".7397332"
"stateyrv76",".0298877",".0156259","1.912699",".0557867","-.0261144",".0101524","-2.572235",".0101044",".0370413",".0130222","2.84447",".0044485",".0314255",".0141865","2.215168",".0267485",".0434011",".0126402","3.433592",".0005956","-.1749476",".0247695","-7.063014","1.63e-12","-.0243518",".0206996","-1.176437",".2394203","-.0357322",".0203451","-1.756305",".0790363","-.0361542",".0206974","-1.746801",".0806718","-.0263093",".0193776","-1.35772",".1745525"
"stateyrv77","-.0346802",".0264638","-1.31048",".1900336","-.0251893",".0146466","-1.71981",".0854671","-.0278162",".0196364","-1.416566",".1566098","-.0297724",".0192358","-1.547761",".1216799","-.0256009",".0204308","-1.25305",".2101876","-.1402568",".0397674","-3.526928",".0004204","-.0054115",".0284726","-.19006",".8492621","-.0047536",".0346399","-.137228",".8908506","-.0048316",".0346917","-.1392731",".8892343","-.003011",".0345199","-.0872244",".9304931"
"stateyrv78",".0386965",".016492","2.34638",".0189567","-.0383446",".0099637","-3.848416",".0001189",".0459459",".0141532","3.246323",".0011691",".0430772",".0142597","3.020897",".0025203",".0491947",".0144029","3.415617",".0006364","-.1729196",".0249743","-6.923891","4.39e-12",".0145508",".0240833",".6041866",".5457196","-.0300809",".0218578","-1.376209",".168757","-.0302633",".0220012","-1.37553",".1689672","-.026009",".0210189","-1.23741",".215935"
"stateyrv79","-.0034772",".013896","-.2502275",".8024114","-.0192838",".0095676","-2.015539",".0438482",".0029656",".0106662",".2780389",".7809825",".0031253",".0097608",".3201901",".7488242",".0027847",".0119829",".2323926",".8162331","-.1642516",".0283299","-5.797817","6.72e-09",".0333523",".0209619","1.591088",".1115899","-.0194048",".0243274","-.7976525",".4250722","-.0194394",".0243108","-.7996172",".4239326","-.0186337",".0252231","-.7387539",".4600564"
"stateyrv80",".0010786",".0140296",".0768835",".9387162","-.0088795",".0088882","-.9990227",".3177837",".0078561",".011238",".6990612",".4845138",".0049055",".0111433",".4402159",".6597808",".0111976",".0113879",".9832885",".3254655","-.1619132",".0244148","-6.631777","3.32e-11",".0256445",".0205397","1.248534",".2118355","-.018044",".0203292","-.887588",".3747624","-.0182322",".0204927","-.8896918",".3736314","-.0138427",".0196931","-.7029209",".4821051"
"stateyrv81","-.0062448",".0130809","-.4773944",".6330813","-.0050003",".008505","-.5879206",".5565856","-.0003641",".0097403","-.0373771",".9701844","-.0035892",".0099213","-.3617632",".717529",".0032883",".0098497",".3338475",".7384947","-.1713838",".02356","-7.274349","3.48e-13",".0263381",".0202967","1.297651",".1944074","-.0328656",".0190132","-1.72857",".0838861","-.0330826",".0191986","-1.723175",".0848568","-.0280218",".0181833","-1.541069",".1233"
"stateyrv82","-.0126866",".0158404","-.800906",".4231861","-.0174419",".0106689","-1.634831",".1020846","-.0060229",".0125589","-.4795757",".6315292","-.0036026",".0115923","-.3107762",".7559707","-.008764",".0142414","-.6153865",".5382995","-.1550574",".0254719","-6.087386","1.15e-09",".0429152",".0233305","1.839443",".0658501","-.0136986",".0211163","-.6487196",".5165197","-.0135606",".0210414","-.6444728",".5192689","-.0167792",".0218441","-.7681355",".4424067"
"stateyrv83","-.0059102",".0130311","-.4535423",".6501583",".0013981",".0097524",".1433548",".88601",".0009496",".0096607",".0982913",".921701","-.0026056",".0098051","-.2657354",".790443",".0049757",".0099343",".5008615",".6164686","-.1686054",".0242783","-6.9447","3.79e-12",".0503164",".0226991","2.216669",".0266457","-.0266564",".0198273","-1.344432",".1788087","-.0268937",".0199626","-1.3472",".1779158","-.0213601",".0192193","-1.111387",".2664018"
"stateyrv84","-.0356782",".0189201","-1.885734",".0593308","-.0317304",".0114448","-2.77247",".0055633","-.0284566",".0147885","-1.924235",".0543251","-.0182558",".0152878","-1.194145",".2324214","-.0400087",".0162716","-2.458801",".0139402","-.1866522",".0256302","-7.282495","3.28e-13",".0342082",".0231945","1.474841",".1402553","-.0347458",".0212654","-1.633913",".1022772","-.0337603",".0210827","-1.601327",".1093045","-.0567481",".0224846","-2.523872",".011607"
"stateyrv85","-.0148798",".013298","-1.11895",".2631614",".0018731",".0088599",".2114125",".8325654","-.0082617",".0100567","-.8215117",".4113549","-.0109054",".0098549","-1.106604",".2684651","-.0052676",".0105833","-.4977291",".618675","-.1999294",".0235732","-8.481213","0",".025491",".0208037","1.225314",".2204569","-.0563264",".019425","-2.899686",".0037354","-.0564844",".0195628","-2.887345",".0038851","-.0527978",".0189015","-2.79331",".0052172"
"stateyrv86",".0059335",".0124324",".4772581",".6331784","-.0087531",".0083634","-1.046596",".2952861",".0133781",".0087922","1.521583",".1281135",".0109505",".0088532","1.236904",".2161226",".0161273",".0090851","1.775145",".0758739","-.1746896",".0240793","-7.254758","4.02e-13",".0417312",".0200405","2.082343",".0373111","-.0295766",".0199208","-1.484706",".1376217","-.0297212",".0201401","-1.475721",".1400187","-.0263482",".0193004","-1.365166",".172201"
"stateyrv87","-.0252447",".0136295","-1.852213",".0639953","-.0166501",".0103973","-1.601387",".1092913","-.0177439",".0102924","-1.723978",".0847118","-.0214131",".0110131","-1.94433",".0518557","-.0135887",".0102784","-1.322068",".1861456","-.2324869",".0261481","-8.891169","0",".0363006",".0204565","1.774522",".0759768","-.0926823",".0238778","-3.881521",".0001038","-.0929303",".0241401","-3.849625",".0001183","-.0871445",".0229783","-3.792468",".0001492"
"stateyrv88","-.0207475",".0238665","-.8693158",".3846744","-.0059328",".0144075","-.4117857",".6804965","-.0146018",".0211162","-.6915007",".489251","-.0232694",".0219443","-1.060383",".2889706","-.004786",".0210344","-.2275333",".8200091","-.1942477",".0338417","-5.739897","9.47e-09",".0415352",".0326225","1.27321",".2029435","-.0619046",".026796","-2.31022",".020876","-.0624222",".0272992","-2.286591",".0222197","-.0503476",".0243185","-2.070337",".0384208"
"stateyrv89","-.0247851",".01507","-1.644662",".1000395","-.0483156",".0105003","-4.601362","4.20e-06","-.017743",".0121812","-1.456592",".1452291","-.0229354",".0128898","-1.779339",".0751842","-.0118627",".0119822","-.9900298",".3221595","-.1531012",".0254283","-6.020902","1.73e-09",".0336329",".0234818","1.432299",".1520584","-.0121962",".022323","-.5463521",".5848239","-.0125838",".0225621","-.5577403",".5770217","-.0035424",".0218191","-.162352",".8710287"
"stateyrv90","-.0463287",".0137294","-3.374426",".0007397","-.0206743",".0091158","-2.267963",".0233315","-.0400574",".0105576","-3.794166",".0001481","-.0409487",".0101137","-4.048836",".0000515","-.039048",".0113829","-3.43042",".0006026","-.1692663",".0270358","-6.260824","3.83e-10",".0393489",".0210886","1.865882",".0620579","-.0248445",".0230124","-1.079613",".2803147","-.0249343",".023046","-1.081936",".2792811","-.0228387",".023327","-.9790645",".3275481"
"stateyrv91","-.0557775",".0146502","-3.807285",".0001405","-.0005375",".0099923","-.0537919",".9571009","-.0493401",".0121418","-4.063669",".0000483","-.0546666",".012152","-4.498584","6.84e-06","-.043308",".0121547","-3.563066",".0003665","-.168273",".0245725","-6.848022","7.49e-12",".0281853",".020377","1.383189",".166607","-.0253162",".0204474","-1.238116",".2156729","-.0257221",".0207814","-1.237746",".2158101","-.0162557",".0199572","-.814529",".415342"
"stateyrv92","-.0411919",".0128503","-3.205519",".0013482","-.0160966",".0089259","-1.803347",".0713337","-.0350221",".0092528","-3.785022",".0001537","-.0356968",".0089221","-4.00092",".0000631","-.0342581",".0098595","-3.47461",".0005116","-.1761248",".0234321","-7.516398","5.64e-14",".0304517",".020438","1.489955",".136236","-.0356032",".0189193","-1.881845",".059857","-.0355874",".0189506","-1.877906",".060394","-.0359573",".018147","-1.981447",".0475411"
"stateyrv93","-.0146811",".0181688","-.8080424",".4190662","-.0267715",".0092548","-2.892708",".0038194","-.0095427",".0148417","-.6429665",".5202458","-.0197356",".0160213","-1.231836",".2180102",".0020006",".0151697",".1318801",".8950791","-.1840309",".0255235","-7.210268","5.58e-13",".0336872",".0216159","1.558449",".1191269","-.0481392",".0212879","-2.261344",".023738","-.0488632",".0218582","-2.23546",".0253872","-.0319754",".0208871","-1.530868",".125802"
"stateyrv94","-.0507242",".0153754","-3.299053",".0009701",".0003199",".009037",".0354037",".9717578","-.0440515",".0122405","-3.598847",".0003196","-.0483642",".0130258","-3.712957",".0002049","-.0391676",".0121055","-3.235528",".0012142","-.1632724",".0238963","-6.832532","8.34e-12",".0545698",".0207592","2.628702",".0085711","-.0204265",".0195524","-1.044702",".2961606","-.0207345",".0197298","-1.050922",".2932946","-.0135497",".0188581","-.7185076",".4724444"
"stateyrv95",".0065408",".0295171",".2215923",".8246313","-.0203554",".0099892","-2.037731",".0415768",".0095604",".0228967",".417543",".6762813","-.0145578",".0281846","-.5165163",".6054938",".0368738",".0219771","1.67783",".0933804","-.1738747",".0295541","-5.883276","4.02e-09",".0350705",".0221416","1.583919",".1132121","-.0435346",".0234527","-1.856277",".0634141","-.0456531",".0256433","-1.780316",".0750242",".0037626",".0254383",".1479092",".8824144"
"stateyrv96","-.075497",".0126718","-5.957871","2.56e-09","-.0012856",".0084076","-.1529123",".8784675","-.068947",".0090906","-7.58442","3.33e-14","-.0725852",".0094579","-7.67456","1.67e-14","-.0648269",".009237","-7.01821","2.25e-12","-.1935613",".0236393","-8.188122","2.22e-16",".0331632",".021162","1.567111",".1170887","-.0510504",".0193733","-2.635084",".0084116","-.0512989",".019578","-2.620228",".0087871","-.0455017",".0186775","-2.436181",".0148433"
"stateyrv97","-.0411293",".0127887","-3.216075",".0012996",".0231691",".0084051","2.756556",".0058414","-.0339304",".0093348","-3.634834",".0002782","-.0387317",".0100905","-3.838417",".0001238","-.0284931",".0090536","-3.147159",".0016487","-.1596978",".0242115","-6.595951","4.23e-11",".0590167",".0202423","2.915509",".0035511","-.0164129",".0198984","-.8248367",".4094643","-.0167801",".0204294","-.8213687",".4114363","-.0082155",".0193654","-.424239",".6713915"
"stateyrv98","-.068282",".0152304","-4.483274","7.35e-06","-.0076303",".0102174","-.7467951",".4551872","-.0606901",".012604","-4.815132","1.47e-06","-.0642631",".0125166","-5.13423","2.83e-07","-.0566436",".0130389","-4.344188",".000014","-.2229895",".0262271","-8.50225","0",".0442497",".0224099","1.974561",".048318","-.0837847",".0234087","-3.579211",".0003446","-.0840799",".0237083","-3.54644",".0003905","-.0771935",".0226334","-3.4106",".0006482"
"stateyrv99","-.020938",".0320504","-.6532851",".5135725","-.0591651",".0121861","-4.855113","1.20e-06","-.0146758",".0306633","-.4786106",".6322156","-.0246305",".0320151","-.7693415",".4416906","-.0034022",".0299672","-.1135291",".9096111","-.2195978",".0360259","-6.095556","1.09e-09",".0180254",".026323",".6847776",".4934843","-.0921611",".0285438","-3.228756",".0012433","-.0929812",".0292187","-3.182253",".0014613","-.0738514",".0272953","-2.705651",".0068171"
"stateyrv100","-.1060132",".0152406","-6.955962","3.50e-12","-.0261913",".0103211","-2.537653",".0111599","-.0981642",".0121403","-8.085806","6.66e-16","-.0977501",".0119075","-8.209133","2.22e-16","-.098633",".0125937","-7.831947","4.88e-15","-.2041851",".0253732","-8.047278","8.88e-16",".0056444",".0229826",".2455949",".8059958","-.0607851",".0222989","-2.725927",".0064121","-.0606505",".0222643","-2.724109",".0064475","-.0637907",".021971","-2.903399",".0036914"
"stateyrv101","-.0678828",".0129114","-5.257587","1.46e-07",".0028368",".0090277",".3142352",".7533424","-.0615987",".0094045","-6.549898","5.76e-11","-.0623756",".0090702","-6.876944","6.12e-12","-.0607189",".0100243","-6.057142","1.39e-09","-.1784214",".0260407","-6.851647","7.30e-12",".0327689",".0211798","1.547176",".1218208","-.0321605",".0222735","-1.44389",".14877","-.0320447",".0222616","-1.439462",".1500197","-.0347445",".0216711","-1.603265",".1088763"
"stateyrv102","-.0981193",".0135194","-7.257652","3.94e-13","-.0007186",".0093306","-.077019",".9386084","-.0908721",".0098795","-9.198051","0","-.0900036",".0091762","-9.808395","0","-.0918557",".0109521","-8.387069","0","-.1982869",".0241782","-8.201052","2.22e-16",".0026138",".0201074",".129991",".8965735","-.0517664",".0201517","-2.568844",".0102038","-.0516057",".0200937","-2.568256",".0102212","-.0553562",".0195014","-2.838572",".0045316"
"stateyrv103","-.0704295",".0126606","-5.562903","2.65e-08","-.0042364",".0096522","-.4389061",".6607295","-.0641795",".008779","-7.310544","2.66e-13","-.0632595",".0083356","-7.589068","3.22e-14","-.0652214",".0096133","-6.784503","1.16e-11","-.1782801",".0235022","-7.585671","3.31e-14",".0075676",".0206542",".3663972",".7140687","-.0354056",".0189073","-1.872595",".0611244","-.0352451",".018859","-1.868876",".0616401","-.0389901",".0182617","-2.135076",".0327548"
"stateyrv104","-.1165155",".0182616","-6.380345","1.77e-10","-.0072286",".0091506","-.7899633",".4295492","-.1092754",".0140024","-7.804024","6.00e-15","-.0993118",".0143848","-6.903942","5.06e-12","-.120559",".0153399","-7.859188","3.77e-15","-.198861",".0253925","-7.831494","4.88e-15",".0110234",".0239406",".46045",".6451933","-.0483151",".0212643","-2.272118",".0230794","-.0474616",".0210919","-2.250224",".0244347","-.0673689",".0215171","-3.130946",".0017424"
"stateyrv105","-.0947874",".0144784","-6.546816","5.88e-11",".0106427",".0092641","1.148812",".2506336","-.0871421",".0107681","-8.092607","6.66e-16","-.0838327",".0107722","-7.782356","7.11e-15","-.09089",".0111828","-8.127636","4.44e-16","-.1839401",".0240011","-7.663811","1.80e-14",".0200284",".0208701",".9596684",".3372221","-.036242",".0194959","-1.858954",".0630337","-.0358451",".0194157","-1.846191",".0648645","-.0451035",".01897","-2.37762",".0174248"
"stateyrv106","-.1131228",".0246482","-4.589503","4.44e-06",".0020309",".0139122",".1459797",".8839374","-.1052799",".0199978","-5.264572","1.41e-07","-.0893047",".0215322","-4.147498",".0000336","-.1233716",".0214652","-5.747526","9.06e-09","-.2515085",".0273956","-9.180622","0","-.0017716",".0244595","-.072431",".9422589","-.0942215",".0227131","-4.148328",".0000335","-.0926483",".0226891","-4.083391",".0000444","-.129345",".025249","-5.122774","3.01e-07"
"stateyrv107","-.1077602",".0135948","-7.926559","2.22e-15",".018593",".008422","2.207663",".0272677","-.1010166",".0101859","-9.917277","0","-.1038802",".0099851","-10.40353","0","-.0977737",".0108726","-8.992627","0","-.1255132",".0236485","-5.307442","1.11e-07",".0217048",".0212671","1.020584",".3074514",".0166216",".0196112",".847554",".3966864",".0164446",".0197633",".8320765",".4053658",".0205725",".0188316","1.092446",".2746373"
"stateyrv108","-.109316",".0126393","-8.648922","0",".0306093",".0082059","3.730171",".0001913","-.1012466",".0085434","-11.85088","0","-.1005178",".0081949","-12.26591","0","-.1020718",".0091449","-11.16156","0","-.1998016",".0238463","-8.378713","0",".040221",".0200077","2.010273",".0444023","-.0544885",".0201347","-2.706203",".0068058","-.0543275",".0199683","-2.720687",".0065146","-.058083",".0193125","-3.007535",".0026338"
"stateyrv109","-.1022574",".015287","-6.689157","2.24e-11","-.0033354",".0093246","-.357693",".7205731","-.0938154",".0114175","-8.216837","2.22e-16","-.0909168",".0111741","-8.136391","4.44e-16","-.0970979",".0120253","-8.074443","6.66e-16","-.2147579",".026554","-8.087604","6.66e-16","-.0079368",".0232715","-.3410529",".7330638","-.0713693",".0241797","-2.951626",".0031611","-.0710181",".0239776","-2.961857",".0030579","-.0792095",".0230398","-3.437937",".0005862"
"stateyrv110","-.0872706",".024002","-3.635975",".0002769","-.0172599",".0117623","-1.467389",".1422703","-.0801605",".0179947","-4.454663","8.40e-06","-.0826655",".017461","-4.734279","2.20e-06","-.0773237",".0189925","-4.071287",".0000468","-.2302128",".0359425","-6.405024","1.50e-10","-.0007744",".0225137","-.0343968",".9725607","-.0973522",".027295","-3.566662",".0003616","-.0973422",".0273045","-3.565059",".0003638","-.0975762",".0270982","-3.60084",".0003172"
"stateyrv111","-.0790651",".0143641","-5.504348","3.71e-08","-.0105206",".0091188","-1.153733",".2486096","-.0709812",".0100713","-7.047894","1.82e-12","-.0661825",".0099843","-6.628656","3.39e-11","-.0764157",".0109277","-6.992844","2.69e-12","-.0844353",".0253079","-3.336326",".0008489",".0397783",".026347","1.509785",".1310984",".0652161",".0217661","2.996217",".0027335",".0657384",".0216472","3.036808",".002391",".053555",".0214114","2.501235",".0123761"
"stateyrv112","-.0884439",".0194763","-4.541102","5.60e-06",".0081272",".0088578",".9175223",".358869","-.08035",".013618","-5.900282","3.63e-09","-.0669076",".015771","-4.242436",".0000221","-.0955734",".014319","-6.674598","2.48e-11","-.1879969",".0275803","-6.816341","9.34e-12",".0373515",".0268314","1.392078",".1638988","-.0347675",".0232945","-1.492523",".135562","-.0335571",".0232199","-1.445186",".1484055","-.0617912",".0240775","-2.566342",".0102778"
"stateyrv113","-.0623275",".0151029","-4.126842",".0000368",".0059658",".0089862",".6638895",".506761","-.0542946",".0097636","-5.560916","2.68e-08","-.0480523",".0099647","-4.82223","1.42e-06","-.0613639",".0114152","-5.375623","7.63e-08","-.1773491",".0247692","-7.160065","8.06e-13",".0263286",".0206813","1.273062",".202996","-.0285673",".0205732","-1.388569",".1649638","-.0279143",".020319","-1.373801",".1695035","-.0431453",".0206924","-2.085086",".0370615"
"stateyrv114","-.0696079",".021343","-3.26139",".0011087","-.0047705",".0085199","-.5599278",".5755287","-.0614972",".0141231","-4.35437",".0000133","-.0447429",".0177223","-2.524669",".0115807","-.0804713",".014369","-5.600343","2.14e-08","-.1776327",".0258491","-6.871923","6.33e-12",".0266445",".0212106","1.256189",".2090474","-.0236205",".020935","-1.128282",".2592007","-.0220134",".0209197","-1.052279",".2926717","-.0595018",".0216827","-2.744202",".0060658"
"stateyrv115","-.0602511",".0179419","-3.358128",".0007847","-.0206864",".0098615","-2.097685",".035933","-.0531373",".0133942","-3.967186",".0000727","-.0421278",".0147243","-2.861108",".0042216","-.0656054",".0140832","-4.658408","3.19e-06","-.1863706",".0254623","-7.319478","2.49e-13",".0128096",".021984",".5826804",".5601085","-.0316896",".0216102","-1.466416",".142535","-.0305686",".021513","-1.420935",".1553356","-.0567153",".0211968","-2.675655",".0074583"
"stateyrv116","-.066672",".016857","-3.955142",".0000765",".0316294",".0089552","3.531967",".0004125","-.0584267",".0124827","-4.680627","2.86e-06","-.049535",".012673","-3.908696",".0000928","-.0684964",".0130266","-5.258189","1.45e-07","-.1636067",".0243987","-6.705543","2.01e-11",".0257416",".0213468","1.205878",".2278645","-.011461",".0198174","-.5783283",".5630425","-.01056",".019744","-.5348451",".592757","-.0315768",".0192711","-1.638555",".1013059"
"stateyrv117","-.1820714",".0558909","-3.257622",".0011235","-.0269232",".0100504","-2.678811",".0073884","-.1701623",".042717","-3.98348",".0000679","-.1204345",".0523792","-2.29928",".021489","-.2264783",".0447757","-5.058065","4.24e-07","-.1698973",".0444016","-3.826376",".00013",".0254489",".0257229",".9893486",".3224926",".0090949",".0353941",".2569619",".7972082",".0135928",".0375556",".3619391",".7173975","-.0913238",".0486812","-1.875955",".0606614"
"stateyrv118","-.094662",".0146887","-6.444533","1.16e-10",".0231918",".0091741","2.527974",".0114723","-.0867784",".0102312","-8.481763","0","-.0813635",".0098111","-8.29303","0","-.0929106",".0116187","-7.996639","1.33e-15","-.2002272",".0238957","-8.379226","0",".0364251",".023463","1.552444",".1205559","-.0539072",".0196184","-2.74779",".0059998","-.0533265",".0194261","-2.745103",".0060492","-.0668717",".019447","-3.43867",".0005846"
"stateyrv119","-.0871055",".014897","-5.847172","5.00e-09",".0221408",".0084069","2.633657",".0084471","-.0782823",".0098575","-7.941381","2.00e-15","-.072298",".0100035","-7.227247","4.93e-13","-.0850593",".0105912","-8.031135","8.88e-16","-.1810731",".0242641","-7.462605","8.48e-14",".0225038",".0209418","1.074591",".2825579","-.0333082",".0206054","-1.616475",".1059917","-.0326747",".019919","-1.640377",".1009267","-.0474501",".020142","-2.355775",".0184841"
"stateyrv120","-.0921888",".0178636","-5.160711","2.46e-07",".006327",".0098544",".6420499",".5208408","-.0828883",".0123692","-6.70117","2.07e-11","-.0734171",".0130258","-5.636266","1.74e-08","-.0936143",".0123813","-7.56095","4.00e-14","-.1889007",".0284907","-6.630265","3.35e-11",".0060516",".021598",".280193",".7793294","-.041524",".0253136","-1.640385",".1009252","-.0405273",".0247364","-1.638368",".101345","-.063775",".0256609","-2.485301",".0129442"
"stateyrv121","-.0995293",".0224374","-4.435872","9.17e-06",".005423",".0094362",".5747037",".5654917","-.0913545",".018614","-4.907837","9.21e-07","-.0870291",".017743","-4.90498","9.34e-07","-.096253",".0198763","-4.842611","1.28e-06","-.2053457",".0387623","-5.297566","1.17e-07",".015728",".0288919",".5443733",".5861846","-.066713",".0290485","-2.296604",".0216414","-.0661758",".0287143","-2.304632",".0211872","-.0787058",".0315413","-2.495323",".0125842"
"stateyrv122","0",".",".",".",".006134",".0135489",".4527303",".6507429","0",".",".",".","0",".",".",".","0",".",".",".","-.1452084",".0244144","-5.94766","2.72e-09",".0384131",".0620798",".6187704",".5360677","-.0001054",".0207917","-.0050699",".9959549","-.0000427",".0208463","-.002047",".9983667","-.0015061",".0192052","-.0784198",".9374941"
"stateyrv123","0",".",".",".",".0025658",".0093364",".2748174",".7834566","0",".",".",".","0",".",".",".","0",".",".",".","-.1258798",".0252785","-4.979722","6.37e-07",".0482734",".025802","1.870916",".0613567",".0211811",".0215567",".9825753",".3258165",".021427",".0215153",".9958964",".3193005",".0156907",".0205944",".7618908",".4461252"
"stateyrv124","0",".",".",".","-.0916561",".0847656","-1.081288",".2795689","0",".",".",".","0",".",".",".","0",".",".",".","-.1523248",".0240025","-6.346214","2.21e-10","-.0455821",".0341678","-1.334066",".1821823","-.0061137",".0199206","-.3069044",".7589161","-.0061031",".0199537","-.305866",".7597067","-.0063498",".0191587","-.3314292",".7403203"
"stateyrv125","0",".",".",".","-.0102986",".0124159","-.8294729",".4068369","0",".",".",".","0",".",".",".","0",".",".",".","-.1304141",".0235036","-5.548677","2.88e-08","-.0078908",".0296676","-.2659724",".7902604",".0145559",".0189047",".7699601",".4413236",".0148628",".0187971",".7906958",".4291215",".007704",".0181818",".4237218",".6717687"
"stateyrv126","0",".",".",".","-.0055539",".0099197","-.5598831",".5755592","0",".",".",".","0",".",".",".","0",".",".",".","-.1054098",".024181","-4.359198",".0000131",".0266669",".0340731",".7826373",".4338401",".0422505",".0202543","2.085998",".0369788",".0427567",".0201505","2.121872",".0338485",".0309474",".0191647","1.614812",".1063515"
"stateyrv127","0",".",".",".",".0273928",".0092452","2.962908",".0030475","0",".",".",".","0",".",".",".","0",".",".",".","-.1489044",".0237573","-6.267724","3.66e-10",".0417191",".0287362","1.451795",".1465587","-.0004388",".0193399","-.0226871",".9818999","-.0000993",".0192874","-.0051475",".9958929","-.008018",".0184471","-.4346486",".6638175"
"stateyrv128","0",".",".",".","-.0057794",".010607","-.5448629",".5858478","0",".",".",".","0",".",".",".","0",".",".",".","-.0538929",".0316067","-1.705111",".0881738","-.0148186",".0304507","-.4866426",".6265116",".072451",".0246313","2.941418",".0032671",".0700037",".0271007","2.583091",".0097919",".1270895",".0306761","4.142944",".0000343"
"stateyrv129","0",".",".",".",".0209317",".0081697","2.562108",".0104039","0",".",".",".","0",".",".",".","0",".",".",".","-.1909752",".0235931","-8.094524","6.66e-16",".0644882",".0309641","2.08268",".0372804","-.0479436",".0193163","-2.482024",".0130638","-.0480901",".0194498","-2.472523",".0134163","-.0446726",".0184361","-2.423104",".0153885"
"stateyrv130","0",".",".",".",".0342873",".0087014","3.940417",".0000813","0",".",".",".","0",".",".",".","0",".",".",".","-.1467187",".0238665","-6.147469","7.87e-10",".0890234",".0234968","3.788743",".0001514","-.0032387",".019758","-.1639187",".8697951","-.0033804",".0199828","-.1691664",".8656658","-.0000747",".0189942","-.0039343",".9968609"
"stateyrv131","0",".",".",".",".0379156",".0090223","4.202416",".0000264","0",".",".",".","0",".",".",".","0",".",".",".","-.1405536",".027338","-5.141324","2.73e-07",".0397612",".0436638",".9106222",".3624944",".0065736",".0244103",".2692946",".787703",".0070149",".0241127",".2909201",".7711124","-.0032793",".0237206","-.1382485",".8900441"
"stateyrv132","0",".",".",".","-.0177366",".0155643","-1.139568",".2544664","0",".",".",".","0",".",".",".","0",".",".",".","-.1473669",".0354732","-4.154322",".0000326","-.0142204",".0315786","-.4503185",".6524808","-.001751",".0259003","-.0676037",".9461011","-.0010315",".0255615","-.0403546",".9678105","-.0178128",".0272825","-.6529022",".5138194"
"stateyrv133","0",".",".",".","-.0184282",".0125503","-1.468343",".1420111","0",".",".",".","0",".",".",".","0",".",".",".","-.1283129",".0247418","-5.186066","2.15e-07",".0331256",".0226902","1.459908",".1443153",".0170905",".020015",".8538826",".39317",".0173746",".0198637",".8746893",".381743",".0107473",".0195554",".549583",".5826054"
"stateyrv134","0",".",".",".","-.0154789",".0085818","-1.803692",".0712796","0",".",".",".","0",".",".",".","0",".",".",".","-.1290564",".0280822","-4.595663","4.31e-06",".017926",".0246447",".7273782",".4669943",".0213533",".0243202",".8780054",".3799408",".0219591",".0242229",".9065416",".3646492",".0078284",".0245502",".3188748",".7498214"
"stateyrv135","0",".",".",".",".0212281",".0126063","1.683932",".0921948","0",".",".",".","0",".",".",".","0",".",".",".","-.1882851",".0238391","-7.898159","2.89e-15",".0289677",".0244265","1.185913",".2356566","-.0379018",".0192654","-1.967354",".0491425","-.0372447",".0190655","-1.953507",".0507595","-.0525733",".0187263","-2.807454",".0049935"
"stateyrv136","0",".",".",".","-.0275213",".0085901","-3.203843",".0013561","0",".",".",".","0",".",".",".","0",".",".",".","-.1353398",".023828","-5.679871","1.35e-08",".0182167",".0233242",".7810232",".4347888",".0120147",".019253",".624046",".5325974",".0127143",".0190476",".6675018",".5044516","-.0036029",".0187771","-.1918794",".8478367"
"stateyrv137","0",".",".",".","-.0041348",".0088217","-.4687092",".6392775","0",".",".",".","0",".",".",".","0",".",".",".","-.144922",".0308438","-4.698574","2.62e-06",".0431471",".0247318","1.744601",".0810543",".004805",".0272957",".1760361",".8602655",".0056862",".0271082",".2097585",".8338562","-.0148672",".0272583","-.5454167",".585467"
"stateyrv138","0",".",".",".","-.0013554",".0085435","-.1586444",".8739491","0",".",".",".","0",".",".",".","0",".",".",".","-.1797679",".0375745","-4.784303","1.72e-06",".0373446",".0205521","1.817068",".0692067","-.0197092",".0271449","-.7260744",".4677932","-.0190599",".0265248","-.718567",".4724078","-.0342063",".0316563","-1.080553",".279896"
"stateyrv139","0",".",".",".","-.0025529",".0099791","-.255824",".7980867","0",".",".",".","0",".",".",".","0",".",".",".","-.1568215",".0264173","-5.936328","2.91e-09",".0464068",".035679","1.300673",".1933703","-.0109209",".0229055","-.4767809",".6335181","-.010415",".0227558","-.4576844",".6471792","-.022216",".0234984","-.9454235",".3444427"
"stateyrv140","0",".",".",".",".0092752",".0085449","1.085472",".2777127","0",".",".",".","0",".",".",".","0",".",".",".","-.2112799",".0237333","-8.90225","0",".0404958",".0212168","1.90867",".0563047","-.0716795",".0193198","-3.710161",".0002071","-.0714767",".019257","-3.711731",".0002058","-.0762079",".0186187","-4.093073",".0000426"
"stateyrv141","0",".",".",".",".0129992",".0084142","1.544917",".1223662","0",".",".",".","0",".",".",".","0",".",".",".","-.1797539",".0237459","-7.569894","3.73e-14",".0642437",".0207058","3.102696",".0019177","-.0353935",".0192159","-1.841887",".0654917","-.0349223",".0190678","-1.831474",".0670299","-.0459131",".0186419","-2.462903",".0137817"
"stateyrv142","0",".",".",".",".0280833",".0107836","2.60425",".0092076","0",".",".",".","0",".",".",".","0",".",".",".","-.1331267",".0244889","-5.436205","5.44e-08",".027663",".0222968","1.240672",".2147269",".0155415",".0204917",".7584285",".4481945",".0160865",".020156",".7981026",".424811",".0033738",".0204695",".1648185",".8690869"
"stateyrv143","0",".",".",".","-.0022782",".0125272","-.1818617",".8556912","0",".",".",".","0",".",".",".","0",".",".",".","-.1784149",".0246523","-7.237241","4.58e-13",".0220752",".0430848",".5123647",".6083958","-.0264622",".0240712","-1.099329",".2716245","-.025345",".0241643","-1.048857",".2942437","-.0514045",".022188","-2.316777",".0205159"
"stateyrv144","-.0664844",".0140234","-4.740972","2.13e-06","-.0163699",".0093551","-1.749845",".080145","-.0588525",".0107456","-5.476908","4.33e-08","-.0588906",".0103452","-5.69254","1.25e-08","-.0588094",".0114533","-5.134692","2.83e-07","-.1055512",".0258465","-4.083762",".0000443",".0353309",".0217151","1.627017",".1037336",".0398967",".0212411","1.878279",".060343",".0399624",".0212196","1.88328",".0596624",".0384295",".0208986","1.838854",".0659366"
"stateyrv145","-.0723841",".0137008","-5.283198","1.27e-07","-.0308863",".0082063","-3.763728",".0001674","-.0656322",".0099459","-6.598949","4.14e-11","-.062571",".0094102","-6.649295","2.94e-11","-.0690989",".0111268","-6.210115","5.29e-10","-.0506365",".0253812","-1.995044",".0460381",".068158",".0238483","2.857987",".0042634",".0982034",".021046","4.666135","3.07e-06",".0985418",".0209231","4.709703","2.48e-06",".0906488",".021311","4.253623",".000021"
"stateyrv146","-.1020918",".0137512","-7.424201","1.13e-13","-.0159169",".0111879","-1.422684",".1548277","-.0945018",".0089929","-10.50845","0","-.0892003",".0091876","-9.708788","0","-.1005058",".0101435","-9.90837","0","-.146263",".023908","-6.117746","9.49e-10",".0533297",".0214975","2.480739",".013111",".0057588",".0193044",".298314",".7654636",".0063228",".0191477",".3302129",".7412391","-.0068336",".018611","-.3671809",".7134841"
"stateyrv147","-.0717794",".0137962","-5.202822","1.96e-07","-.0385141",".0085519","-4.503566","6.68e-06","-.0653444",".009813","-6.658934","2.76e-11","-.0619765",".0092662","-6.688434","2.26e-11","-.0691585",".0110959","-6.232785","4.58e-10","-.1078024",".0235406","-4.57943","4.66e-06",".0246052",".0206632","1.190775",".2337419",".0382343",".0190716","2.004783",".0449862",".0386175",".018936","2.039369",".0414133",".0296809",".0184537","1.608393",".1077492"
"stateyrv148","-.0423441",".0150696","-2.809903",".0049556","-.0193565",".0091743","-2.109866",".0348699","-.0360003",".0120004","-2.999924",".0027005","-.0353001",".0115662","-3.052006",".0022732","-.0367932",".0127563","-2.884323",".0039226","-.0630246",".0264755","-2.38049",".0172897",".0337615",".0243112","1.388718",".1649184",".0800856",".0226953","3.528735",".0004176",".0802113",".0226572","3.540217",".0003998",".0772799",".0226491","3.41206",".0006447"
"stateyrv149","-.0865319",".0145181","-5.960279","2.52e-09","-.0170155",".0091724","-1.855083",".0635843","-.0791509",".0113294","-6.986309","2.82e-12","-.0788298",".0100922","-7.810992","5.77e-15","-.0795146",".0133299","-5.965129","2.44e-09","-.1016933",".0237993","-4.272954",".0000193",".0542822",".0209876","2.586388",".0096988",".0433223",".0199137","2.175503",".0295924",".0434449",".0198911","2.184135",".0289523",".0405856",".0202326","2.005952",".0448613"
"stateyrv150","-.0640879",".0170118","-3.767257",".0001651","-.0177704",".0113938","-1.559654",".1188416","-.0574191",".0139567","-4.114098",".0000389","-.0538871",".0126123","-4.272601",".0000193","-.061419",".0163208","-3.763241",".0001677","-.1021776",".0273976","-3.729434",".0001919",".0268405",".0286845",".935712",".3494215",".0436297",".0230534","1.892553",".0584173",".0440021",".0229145","1.920277",".0548229",".0353147",".0246122","1.434849",".1513302"
"stateyrv151","-.1460618",".01722","-8.482118","0","-.0041745",".0087896","-.4749286",".6348379","-.1375983",".0120468","-11.42199","0","-.1285279",".0127304","-10.09615","0","-.1478704",".0126786","-11.66296","0","-.1933061",".0247188","-7.820206","5.33e-15",".0674508",".0208796","3.230465",".0012359","-.0451006",".0198644","-2.270423",".0231819","-.044185",".0197298","-2.23951",".0251228","-.0655402",".0196121","-3.34182",".0008323"
"stateyrv152","-.1249315",".0133533","-9.35588","0","-.00484",".0083593","-.5789906",".5625955","-.1165766",".0089367","-13.04475","0","-.1136709",".0083557","-13.60407","0","-.1198673",".0103633","-11.56648","0","-.1309295",".0236046","-5.546786","2.91e-08",".0549603",".0199872","2.749774",".0059636",".0170074",".0190988",".8904981",".3731985",".0173657",".0189769",".9150962",".3601411",".0090092",".0183163",".4918674",".6228131"
"stateyrv153","-.0876483",".0193666","-4.525744","6.02e-06","-.0003579",".0092448","-.0387094",".969122","-.0798936",".0172796","-4.623574","3.77e-06","-.0793676",".0165738","-4.78873","1.68e-06","-.0804893",".0181916","-4.424525","9.67e-06","-.0909233",".0247689","-3.670864",".0002417",".049832",".0206411","2.414215",".0157691",".0561068",".020589","2.725085",".0064285",".0562427",".020572","2.733947",".006258",".0530729",".0197634","2.685414",".007244"
"stateyrv154","-.0335134",".0249063","-1.34558",".1784381","-.0337516",".0110242","-3.061592",".0022016","-.0260505",".0177026","-1.471559",".1411401","-.0131973",".0211762","-.6232125",".5331449","-.0406065",".016742","-2.425426",".0152904","-.0663224",".0420416","-1.577544",".1146705",".0281258",".0290446",".968369",".3328601",".0912919",".0303148","3.011458",".0026",".0924711",".0302474","3.057155",".0022345",".0649661",".0323628","2.007432",".0447037"
"stateyrv155","-.0467478",".0148182","-3.154752",".0016063","-.0027757",".0101685","-.272966",".7848793","-.0399013",".0118871","-3.356688",".0007888","-.0431985",".0119376","-3.618699",".0002961","-.0361673",".01229","-2.942824",".0032523","-.0601906",".0308248","-1.952667",".050859",".0903837",".0233774","3.866286",".0001105",".0875021",".026954","3.246348",".001169",".0872832",".0271008","3.220684",".0012789",".0923904",".0269911","3.422995",".0006194"
"stateyrv156","-.0539364",".0136198","-3.960153",".0000749",".0160869",".009028","1.781882",".0747685","-.0482008",".0102253","-4.713862","2.43e-06","-.0530754",".0107881","-4.919806","8.66e-07","-.0426803",".0100786","-4.23475",".0000229","-.0354494",".0254879","-1.390835",".1642754",".0629089",".0216909","2.900242",".0037287",".1090214",".0210423","5.181066","2.21e-07",".1087158",".0212736","5.110367","3.22e-07",".1158457",".0203354","5.696763","1.22e-08"
"stateyrv157","-.0652345",".0129766","-5.027099","4.98e-07",".0047948",".009382",".5110598",".6093092","-.0586184",".0097769","-5.99558","2.03e-09","-.0590097",".0094999","-6.211601","5.24e-10","-.0581752",".010289","-5.654133","1.57e-08","-.094082",".0236443","-3.979058",".0000692",".0160932",".0206999",".7774514",".4368925",".0572001",".0190046","3.009804",".0026142",".0572414",".019022","3.009221",".0026192",".0562777",".0182056","3.091233",".0019933"
"stateyrv158","-.0451726",".0144933","-3.116805",".0018282","-.0136481",".0083814","-1.62838",".1034443","-.0399675",".011052","-3.616319",".0002988","-.0468737",".0119094","-3.935839",".0000829","-.0321463",".0109471","-2.936516",".0033192","-.0616348",".0241322","-2.554052",".0106477",".0030202",".0207084",".1458465",".8840426",".0775641",".0193127","4.016225",".0000591",".0770084",".0197785","3.893548",".0000988",".0899724",".0186623","4.821084","1.43e-06"
"stateyrv159","-.0678667",".0148281","-4.576891","4.72e-06","-.0068973",".0096625","-.7138197",".4753387","-.0614736",".0115259","-5.333513","9.63e-08","-.0593462",".0106741","-5.559832","2.70e-08","-.0638828",".0128412","-4.974828","6.53e-07","-.0418205",".0255278","-1.638231",".1013734",".0231417",".0289983",".7980362",".4248495",".1029634",".0215135","4.786001","1.70e-06",".103202",".0214619","4.808615","1.52e-06",".097637",".0205485","4.751532","2.02e-06"
"stateyrv160","-.0394244",".0140002","-2.815997",".0048626","-.0002572",".008551","-.0300778",".976005","-.0325927",".0108464","-3.004924",".0026565","-.0349954",".0107109","-3.267265",".0010859","-.0298717",".0114884","-2.600154",".0093182","-.0700568",".0236033","-2.968095",".0029965",".0356773",".0218052","1.636181",".1018017",".0757168",".0195651","3.869996",".0001088",".0755838",".0196601","3.844521",".0001208",".0786874",".0186261","4.224579",".0000239"
"stateyrv161","-.0349136",".0182221","-1.915999",".0553653",".0044217",".0155041",".2851926",".7754966","-.0295038",".015489","-1.904831",".056802","-.0349025",".0160012","-2.181247",".0291652","-.0233899",".0157542","-1.484674",".1376302","-.1570074",".0300711","-5.221211","1.78e-07",".0035661",".028642",".1245065",".9009143","-.0148587",".0267494","-.5554776",".5785681","-.0152364",".0269702","-.5649351",".5721179","-.0064261",".0264476","-.2429765",".8080236"
"stateyrv162","-.0770112",".0144647","-5.324082","1.01e-07",".0120964",".0200126",".6044395",".5455515","-.0706777",".0113276","-6.239449","4.39e-10","-.0715625",".011132","-6.428552","1.29e-10","-.0696757",".0117059","-5.952193","2.65e-09","-.1495843",".0239269","-6.25172","4.06e-10",".0483946",".0222972","2.170434",".029974",".0018934",".0192918",".098143",".9218187",".0018912",".019334",".0978164",".9220781",".0019418",".0184603",".1051868",".9162276"
"stateyrv163","-.0602116",".0126984","-4.741669","2.12e-06",".0189556",".0082084","2.309277",".0209282","-.0528267",".0092507","-5.710539","1.13e-08","-.0549492",".009665","-5.685387","1.31e-08","-.050423",".0092598","-5.445349","5.17e-08","-.0899174",".023567","-3.81539",".000136",".0295511",".0201093","1.469522",".1416913",".0584804",".0198371","2.948033",".003198",".0583553",".0200293","2.913493",".0035741",".0612736",".0184628","3.318761",".0009042"
"stateyrv164","-.0662566",".0149461","-4.43305","9.29e-06",".0113582",".0096433","1.177832",".2388636","-.0593043",".0123048","-4.819599","1.44e-06","-.0639108",".0134876","-4.73847","2.15e-06","-.0540876",".011444","-4.726302","2.29e-06","-.052223",".0253948","-2.05644",".0397401",".0128845",".0232515",".5541377",".5794846",".0940822",".021456","4.384889",".0000116",".0937839",".0216979","4.322254",".0000154",".1007424",".0203462","4.951418","7.37e-07"
"stateyrv165","-.0430964",".020211","-2.132319",".0329806",".0089727",".0151316",".5929794",".5531949","-.0375112",".0272823","-1.37493",".169153","-.035022",".0266063","-1.316305",".1880718","-.0403303",".0282766","-1.426279",".1537878",".0634385",".0566841","1.119159",".2630724","-.0013699",".0212797","-.0643777",".9486695",".2212617",".0665825","3.323119",".0008902",".2216299",".0666058","3.327487",".0008763",".2130408",".0642673","3.314919",".0009167"
"stateyrv166","-.0436109",".0146006","-2.98692",".002818","-.032994",".0113308","-2.911878",".0035926","-.0361609",".0113472","-3.186766",".0014387","-.0346738",".0108856","-3.185279",".0014461","-.0378451",".0120852","-3.131516",".0017391","-.2241207",".0251383","-8.915495","0",".0419986",".022995","1.826423",".0677866","-.0733931",".0205845","-3.56545",".0003632","-.0731763",".0204514","-3.578049",".0003462","-.0782343",".0201197","-3.888446",".0001009"
"stateyrv167","-.048109",".0127912","-3.76111",".0001692","-.0113622",".0096294","-1.179945",".2380219","-.041775",".0091323","-4.574443","4.77e-06","-.0410376",".0086515","-4.743406","2.10e-06","-.0426101",".0100122","-4.255841",".0000208","-.0925034",".0241465","-3.830922",".0001277",".1326229",".0253875","5.223945","1.75e-07",".0555411",".0197234","2.815997",".0048626",".0556088",".019724","2.819352",".0048121",".0540297",".0190772","2.832169",".0046233"
"stateyrv168","-.041686",".0141405","-2.947981",".0031986","-.0258494",".0099896","-2.58763",".0096639","-.034411",".0097113","-3.543379",".000395","-.0294533",".0099611","-2.956825",".0031082","-.0400255",".0110332","-3.627743",".0002859","-.1414917",".0239683","-5.903293","3.56e-09",".1010214",".0218316","4.627292","3.70e-06",".0131772",".0194239",".6784032",".4975161",".0137075",".0192516",".7120196",".4764527",".0013387",".0189688",".0705728",".9437378"
"stateyrv169","-.0484815",".0128649","-3.76851",".0001642","-.0217896",".0088139","-2.47218",".0134292","-.042359",".0091266","-4.64124","3.46e-06","-.0415476",".0086913","-4.780381","1.75e-06","-.0432779",".0098642","-4.387385",".0000115","-.1356361",".0236993","-5.723215","1.05e-08",".1137264",".0220808","5.150467","2.60e-07",".0088978",".0190765",".4664248",".6409114",".0090472",".0190384",".4752057",".6346404",".0055622",".0182742",".3043759",".7608415"
"stateyrv170","-.0148452",".0176306","-.8420124",".399781","-.0288528",".0114068","-2.529434",".0114247","-.0080367",".0141075","-.5696772",".5688966","-.0005552",".0142528","-.0389554",".9689259","-.0165094",".0152107","-1.085377",".2777547","-.065708",".0263232","-2.4962",".0125532",".1576779",".0303279","5.199097","2.00e-07",".0846175",".0218294","3.876305",".0001061",".0852333",".0216345","3.939695",".0000816",".070871",".021747","3.258888",".0011185"
"stateyrv171","-.0404172",".0142556","-2.835174",".0045801","-.0240675",".0118687","-2.027813",".0425793","-.033442",".0110439","-3.028085",".0024611","-.0342415",".0113068","-3.028412",".0024584","-.0325365",".0111901","-2.907617",".0036419","-.1241178",".0247755","-5.009708","5.45e-07",".1122736",".0228032","4.92358","8.50e-07",".0235212",".0199345","1.179925",".2380302",".0235611",".0199651","1.180114",".2379549",".0226316",".018711","1.209537",".2264567"
"stateyrv172","-.0344954",".0163003","-2.116239",".0343245","-.0439039",".0116609","-3.765058",".0001665","-.028473",".0135184","-2.106241",".0351835","-.0258059",".0128989","-2.000627",".0454326","-.0314934",".0146988","-2.142588",".0321462","-.0636238",".0253428","-2.510529",".012055",".1032402",".0357078","2.891255",".0038371",".0875101",".0216035","4.050733",".0000511",".0877807",".0215306","4.077019",".0000456",".0814691",".0209109","3.896009",".0000978"
"stateyrv173","-.0474044",".0149758","-3.165399",".0015487","-.0395252",".0233249","-1.694554",".0901601","-.0406622",".0117306","-3.466347",".0005276","-.0373991",".0114339","-3.270883",".0010721","-.0443577",".0125921","-3.522649",".0004273","-.1438444",".0244102","-5.892801","3.80e-09",".0918271",".0268464","3.42047",".0006251",".011422",".0198271",".576079",".5645618",".0117981",".0197156",".5984125",".5495647",".0030257",".0192349",".1573037",".8750055"
"stateyrv174","-.0569287",".0140482","-4.052391",".0000507","-.0190921",".0112076","-1.703491",".0884762","-.0491804",".0107521","-4.57404","4.78e-06","-.0483897",".0109366","-4.424555","9.66e-06","-.0500758",".0107582","-4.654677","3.24e-06","-.1302981",".0236708","-5.504585","3.70e-08",".1196813",".0234958","5.09373","3.51e-07",".0200507",".0205019",".9779927",".3280779",".0201956",".0204281",".9886222",".322848",".0168142",".0190405",".8830765",".377195"
"stateyrv175","-.0270288",".0156154","-1.730905",".0834688","-.0244305",".0105152","-2.323342",".0201608","-.0195849",".0130098","-1.505395",".1322226","-.0188903",".0128617","-1.468724",".1419076","-.0203715",".0133443","-1.526606",".126859","-.0654169",".0253569","-2.579852",".0098843",".1177444",".0258683","4.551686","5.32e-06",".0856843",".0205782","4.163849",".0000313",".0858175",".0205724","4.171497",".0000303",".0827107",".020057","4.123786",".0000373"
"stateyrv176",".027798",".0136427","2.037573",".0415927","-.0539047",".0132499","-4.068297",".0000474",".0333446",".0133108","2.505078",".0122424",".0349862",".0139207","2.513243",".0119627",".0314854",".0135614","2.321699",".0202491","-.0129915",".0230312","-.5640834",".5726974",".1022668",".0338268","3.023251",".0025007",".1447722",".0234764","6.166721","6.97e-10",".1453331",".0236434","6.146867","7.90e-10",".1322501",".0216937","6.096257","1.09e-09"
"stateyrv177","-.0317538",".0263592","-1.204659",".2283349","-.0105465",".0091488","-1.15278",".2490005","-.0244758",".0249876","-.9795173",".3273244","-.0236917",".0243926","-.9712642",".3314167","-.0253638",".0257672","-.9843438",".3249465","-.0250153",".0284115","-.8804638",".3786081",".0796705",".0229239","3.475432",".00051",".1265533",".0239275","5.289025","1.23e-07",".1267033",".0238582","5.310673","1.09e-07",".123204",".02414","5.103737","3.33e-07"
"stateyrv178","-.0708082",".0263456","-2.687663",".0071954","-.0289451",".009655","-2.997946",".0027181","-.0646981",".0246892","-2.620499",".0087801","-.0662368",".0252358","-2.624718",".0086721","-.0629557",".0241652","-2.605224",".0091814","-.0723269",".0242655","-2.980646",".0028764",".0402886",".0216262","1.862954",".0624688",".0747093",".0201217","3.712869",".0002049",".0746776",".0201952","3.697785",".0002175",".0754183",".0190404","3.960957",".0000747"
"stateyrv179","-.0752761",".018344","-4.103575",".0000407","-.0287558",".0084174","-3.416228",".000635","-.0678186",".0150721","-4.499613","6.81e-06","-.0607515",".0154907","-3.921793",".0000879","-.0758219",".0158199","-4.79282","1.64e-06","-.0984642",".0241867","-4.071013",".0000468",".0334999",".0200558","1.670332",".0948538",".0583532",".0198591","2.938363",".0032995",".0590757",".0196763","3.002372",".0026788",".0422242",".0194943","2.165982",".0303126"
"stateyrv180","-.0682342",".0216754","-3.148002",".0016439","-.0409532",".0084169","-4.865563","1.14e-06","-.0621079",".0196614","-3.15887",".0015838","-.0608222",".0196675","-3.092521",".0019846","-.0635639",".0198254","-3.206189",".0013451","-.0995022",".023601","-4.216023",".0000249",".0347691",".0215113","1.616318",".1060255",".0460539",".019088","2.412709",".0158345",".0462518",".0190251","2.431098",".0150531",".0416354",".0183781","2.26549",".0234826"
"stateyrv181","-.0602825",".0418889","-1.439105",".1501207","-.0330038",".0098511","-3.350275",".0008073","-.0550384",".0409267","-1.344806",".1786879","-.0573419",".0409485","-1.40034",".1614115","-.0524298",".0410076","-1.278538",".2010599","-.0461849",".0250953","-1.840376",".0657131",".0625887",".0235389","2.65895",".0078385",".1042639",".0206456","5.050178","4.41e-07",".1042867",".020654","5.049217","4.44e-07",".1037542",".0205302","5.053728","4.33e-07"
"stateyrv182","-.1139354",".0378343","-3.011431",".0026002","-.0338777",".0083656","-4.049645",".0000513","-.1063868",".0361977","-2.939045",".0032922","-.1029721",".0355877","-2.893478",".00381","-.1102538",".037568","-2.934778",".0033379","-.077866",".0238416","-3.265972",".0010909",".0359901",".0205879","1.748121",".080443",".0717621",".0194069","3.697764",".0002175",".0721661",".0193198","3.735343",".0001875",".0627429",".0185905","3.374996",".0007382"
"stateyrv183","-.0299687",".0540636","-.5543235",".5793575","-.014985",".010397","-1.441274",".1495073","-.024003",".0533107","-.4502474",".652532","-.0202851",".053065","-.3822696",".7022614","-.0282134",".0536681","-.5257018",".5990954","-.0338072",".0280487","-1.205304",".2280859",".0484338",".0278816","1.737122",".0823656",".1205509",".0246497","4.890554","1.01e-06",".1209766",".0245343","4.930918","8.18e-07",".1110477",".0240188","4.623361","3.78e-06"
"stateyrv184","-.0864906",".023479","-3.683743",".0002298","-.0319494",".0084258","-3.791834",".0001495","-.0797889",".0214583","-3.718328",".0002005","-.076438",".0213535","-3.579645",".0003441","-.0835838",".0221149","-3.779518",".0001571","-.0992711",".024062","-4.125636",".000037",".0437506",".0206311","2.120611",".0339545",".0566095",".0199658","2.835318",".004578",".0569931",".0199081","2.86281",".004199",".0480441",".0189848","2.530661",".0113848"
"stateyrv185","-.0440797",".0188832","-2.334338",".019578","-.0251207",".0081848","-3.06919",".0021464","-.0357741",".0159574","-2.241844",".0249714","-.0308191",".0166548","-1.850462",".064247","-.0413854",".0150476","-2.750296",".0059541","-.0791782",".0246489","-3.212236",".0013171",".0465862",".020295","2.295452",".0217072",".0736626",".0220776","3.336523",".0008483",".0741959",".0216208","3.431687",".0005998",".0617566",".0200272","3.083637",".0020449"
"stateyrv186","-.0497402",".0362586","-1.371816",".1701207","-.0198838",".0085768","-2.318337",".020431","-.0423411",".0354611","-1.194015",".2324719","-.0418608",".0353175","-1.185271",".2359103","-.0428852",".035708","-1.200996",".2297529","-.054613",".0264192","-2.067169",".0387182",".053201",".0208119","2.556275",".01058",".0960441",".0238374","4.02913",".000056",".0961226",".0238414","4.031759",".0000554",".0942919",".0225769","4.176478",".0000296"
"stateyrv187",".0231038",".0686928",".3363344",".7366187","-.0267881",".0101015","-2.651883",".0080044",".0291523",".0709281",".4110123",".6810635",".035276",".070094",".5032676",".6147761",".0222174",".0722266",".3076063",".7583819","-.0249791",".0246474","-1.013458",".3108417",".0587328",".0365835","1.605444",".1083961",".1310244",".0265594","4.933253","8.09e-07",".1316176",".026629","4.942648","7.71e-07",".1177802",".025718","4.579676","4.66e-06"
"stateyrv188",".0322319",".0251828","1.279915",".2005749","-.0018091",".0087097","-.2077113",".8354544",".0396279",".0233711","1.695593",".0899629",".0418728",".0226585","1.847996",".0646029",".0370855",".0243178","1.525035",".1272503","-.2376567",".0292029","-8.138134","4.44e-16","-.0037059",".0222364","-.1666592",".8676382","-.0843592",".0249767","-3.377511",".0007315","-.084076",".0247906","-3.391447",".0006952","-.0906824",".0252186","-3.595861",".0003233"
"stateyrv189","-.0014723",".0276706","-.0532093",".9575651","-.007072",".0085401","-.8280899",".4076196",".0049885",".0262516",".1900244",".84929",".0053783",".0257355",".2089828",".8344617",".004547",".0269223",".1688923",".8658813","-.0984029",".0239506","-4.108583",".0000398",".0140647",".0243671",".5771996",".5638046",".0484261",".0194501","2.489761",".0127829",".0485334",".0194314","2.497686",".0125007",".0460308",".0187206","2.458824",".0139393"
"stateyrv190","-.0243274",".0174393","-1.394977",".1630228","-.0182353",".0085231","-2.139508",".0323945","-.0175893",".0144131","-1.22037",".2223246","-.0124517",".0147031","-.8468753",".3970646","-.0234076",".0153053","-1.529376",".1261713","-.1515706",".0239175","-6.337223","2.34e-10",".0067534",".0204543",".3301692",".7412721",".0089659",".019568",".4581933",".6468136",".009508",".0194033",".4900203",".6241195","-.0031358",".0187049","-.1676461",".8668617"
"stateyrv191",".0006988",".0216375",".0322949",".9742369","-.0266496",".0082531","-3.229058",".001242",".0061701",".019837",".3110398",".7557703",".0031339",".0199297",".1572466",".8750505",".0096085",".0198579",".4838652",".6284816","-.1212158",".0238994","-5.071922","3.94e-07",".0176103",".0205809",".8556647",".3921832",".0227886",".0191756","1.188414",".2346705",".0225753",".019356","1.166319",".2434854",".0275495",".0184039","1.496935",".13441"
"stateyrv192",".0466853",".0431072","1.083004",".2788065","-.012309",".0104577","-1.177022",".2391865",".0522628",".0421759","1.239163",".2152853",".0530073",".042052","1.260518",".2074825",".0514198",".0423768","1.213394",".224979","-.058451",".0272849","-2.142249",".0321734",".0049447",".023908",".2068229",".8361482",".0942295",".0236422","3.985653",".0000673",".0944616",".0236178","3.999586",".0000635",".089048",".0227322","3.917268",".0000896"
"stateyrv193",".0394825",".0455746",".8663268",".3863109","-.0288106",".0092845","-3.103091",".0019151",".0467091",".0447058","1.044809",".2961111",".0493979",".0447103","1.104843",".2692277",".043664",".044355",".9844221",".324908","-.1311901",".0251473","-5.21686","1.82e-07",".0123195",".0205714",".5988644",".5492633",".0207176",".0208215",".9950088",".319732",".0210506",".0207286","1.015538",".3098495",".0132825",".0196534",".6758357",".499145"
"stateyrv194",".0191853",".0553455",".3466463",".7288571","-.0183192",".0116319","-1.574908",".1152777",".024593",".0546156",".4502917",".6525001",".0240733",".0548585",".4388253",".6607881",".0251815",".0544064",".4628402",".6434789","-.1163269",".0258754","-4.495663","6.94e-06",".0043296",".0268034",".161533",".8716737",".0357811",".0221076","1.618497",".1055555",".0358206",".0221402","1.617899",".1056844",".0349007",".0212689","1.640924",".1008131"
"stateyrv195","-.0238793",".0240922","-.9911648",".3216051","-.0286011",".0082302","-3.475161",".0005105","-.0170363",".0219407","-.776467",".4374733","-.0103294",".0218035","-.4737514",".6356772","-.0246316",".0224019","-1.099533",".2715358","-.1466329",".0242162","-6.055166","1.40e-09",".0075674",".0202916",".3729313",".7091996",".0142041",".0203407",".6983083",".4849844",".0148922",".0202338",".7360056",".4617273","-.0011587",".0197151","-.0587709",".9531346"
"stateyrv196","-.0198282",".0170607","-1.16221",".24515","-.0163393",".0082176","-1.988318",".0467765","-.0119809",".0143108","-.8371961",".4024823","-.0069575",".0139015","-.500488",".6167315","-.0176698",".0154537","-1.1434",".2528727","-.1444106",".0236519","-6.105665","1.02e-09",".0013306",".0200038",".0665189",".9469647",".0136247",".0195617",".6965009",".4861152",".0141654",".0193456",".7322263",".4640305",".0015539",".0186616",".0832693",".9336374"
"stateyrv197",".0277485",".0389936",".7116168",".4767021",".0020011",".0084433",".2370062",".8126519",".0352928",".0374209",".9431306",".3456141",".0377716",".0376257","1.003878",".3154373",".0324857",".0371824",".8736841",".3822903","-.0733104",".0263933","-2.777616",".0054759",".0022607",".0213116",".1060795",".9155193",".0799113",".0216592","3.689487",".0002247",".0802166",".021602","3.713396",".0002045",".0730952",".0206515","3.539457",".000401"
"stateyrv198",".0194086",".0748009",".2594706",".7952721","0",".",".",".",".0248578",".0709889",".350165",".7262149",".0361034",".0717659",".5030713",".6149141",".0121224",".0706746",".1715241",".8638116","-.0873438",".0275629","-3.168886",".0015302","0",".",".",".",".0771603",".0313341","2.462504",".0137971",".0779142",".0311166","2.503944",".0122817",".0603288",".0302275","1.995825",".045953"
"stateyrv199","-.0090265",".0156364","-.5772712",".5637563","","","","","-.0021001",".0132021","-.159074",".8736106","-.0017554",".0127529","-.1376458",".8905204","-.0024905",".0138493","-.1798284",".8572873","-.0870353",".0253695","-3.430704",".000602","","","","",".0674919",".0207161","3.257948",".0011222",".0676039",".020676","3.269684",".0010767",".0649904",".0201946","3.218214",".0012899"
"stateyrv200","-.0509025",".0133225","-3.820803",".000133","","","","","-.0441674",".0095988","-4.601337","4.20e-06","-.0419438",".0091961","-4.561034","5.09e-06","-.0466857",".0103988","-4.48953","7.14e-06","-.0907696",".0247094","-3.673482",".0002393","","","","",".0571988",".0202694","2.821928",".0047736",".0574843",".0201877","2.847498",".0044064",".0508231",".0195362","2.601487",".0092821"
"stateyrv201","-.0313168",".0138031","-2.268824",".0232791","","","","","-.0252556",".0112117","-2.252602",".0242842","-.0261628",".0106512","-2.456329",".0140364","-.0242282",".0119141","-2.033572",".0419948","-.119079",".0237574","-5.012286","5.38e-07","","","","",".0367317",".0193597","1.897324",".0577853",".0367218",".0194155","1.891367",".0585754",".0369525",".0183754","2.010979",".0443276"
"stateyrv202","-.0279063",".0125843","-2.217544",".0265859","","","","","-.0223463",".0090067","-2.48108",".0130985","-.0242641",".008853","-2.740792",".0061291","-.0201743",".0093429","-2.159325",".030825","-.1072947",".02375","-4.517664","6.25e-06","","","","",".0379602",".0192099","1.976077",".0481461",".0378581",".0193193","1.959599",".0500427",".0402393",".0182411","2.205975",".0273858"
"stateyrv203","-.0282872",".0153153","-1.846987",".064749","","","","","-.0222302",".0121042","-1.836573",".0662729","-.0186617",".0116608","-1.600372",".1095161","-.0262715",".0132201","-1.987238",".046896","-.0888824",".0251096","-3.539779",".0004005","","","","",".0624779",".0207737","3.007548",".0026336",".0627759",".0206734","3.036551",".002393",".0558246",".0201534","2.769988",".0056058"
"stateyrv204","-.0607148",".0197553","-3.073349",".0021167","","","","","-.0538194",".0173401","-3.103764",".0019108","-.0532172",".0168026","-3.167197",".0015392","-.0545014",".0179904","-3.029477",".0024498","-.1175704",".0248314","-4.734756","2.19e-06","","","","",".0339743",".0199385","1.703958",".0883889",".0341233",".0199021","1.714559",".0864261",".0306479",".0193077","1.587344",".1124347"
"stateyrv205","-.0871111",".0319539","-2.726148",".0064078","","","","","-.0785039",".0255126","-3.077057",".0020906","-.0532087",".0285597","-1.86307",".0624524","-.1071503",".0284718","-3.763378",".0001676","-.1333956",".0328522","-4.060475",".000049","","","","",".0340978",".0278557","1.224086",".2209197",".0364107",".0282155","1.290454",".1968932","-.0175403",".0331427","-.5292348",".5966426"
"stateyrv206","-.0412188",".012942","-3.184899",".001448","","","","","-.0350626",".0092539","-3.788978",".0001513","-.0340074",".0087335","-3.893878",".0000987","-.0362577",".0101483","-3.572803",".0003532","-.1317522",".0236438","-5.572375","2.51e-08","","","","",".0252745",".0193615","1.305397",".1917577",".0254461",".0193166","1.317317",".1877322",".0214428",".0183963","1.165602",".2437752"
"stateyrv207","-.0377444",".0126448","-2.98497",".0028361","","","","","-.0305038",".0091533","-3.332549",".0008605","-.0303363",".0087677","-3.460016",".0005401","-.0306935",".0097682","-3.142191",".0016769","-.1131137",".0234748","-4.818511","1.45e-06","","","","",".0421011",".0193143","2.179794",".0292727",".0421982",".0192699","2.189851",".0285351",".0399342",".018511","2.157324",".0309804"
"stateyrv208","-.0269186",".0141604","-1.90097",".057306","","","","","-.0198597",".0109414","-1.815094",".0695095","-.0207906",".0110407","-1.88308",".0596895","-.0188055",".0111871","-1.680999",".0927632","-.0810183",".024273","-3.337791",".0008445","","","","",".0712365",".0196389","3.627308",".0002864",".0712593",".0196595","3.624682",".0002893",".0707273",".0191414","3.694983",".0002199"
"stateyrv209","-.0114309",".0242949","-.4705057",".6379938","","","","","-.0062052",".0167304","-.3708958",".7107151","-.0019902",".0156872","-.1268682",".8990447","-.0109787",".0184731","-.5943073",".5523066","-.0561147",".019388","-2.894297",".0038001","","","","",".1028381",".0328623","3.129367",".0017518",".1032492",".0328132","3.146576",".0016519",".0936604",".0301938","3.101976",".0019223"
"stateyrv210","-.0035039",".0145573","-.2406983",".8097889","","","","",".0037111",".0114621",".3237694",".7461126",".0053485",".0111291",".4805891",".6308086",".0018567",".0121677",".1525953",".8787174","-.0389238",".0283882","-1.371128",".1703352","","","","",".1150257",".0243729","4.719409","2.37e-06",".1152559",".0243582","4.7317","2.23e-06",".1098851",".0237179","4.632994","3.60e-06"
"stateyrv211","-.0529783",".0134018","-3.953067",".0000772","","","","","-.046173",".0095322","-4.843881","1.27e-06","-.0428153",".0091105","-4.699547","2.61e-06","-.0499757",".0105625","-4.731408","2.23e-06","-.1147266",".0239627","-4.787716","1.69e-06","","","","",".0340839",".0195258","1.745577",".0808844",".0343773",".0194344","1.768892",".0769119",".0275333",".0186679","1.4749",".1402395"
"stateyrv212","-.0451022",".0130012","-3.469087",".0005222","","","","","-.0384542",".0093938","-4.093579",".0000425","-.0356753",".009126","-3.9092",".0000926","-.0416013",".0104135","-3.994944",".0000647","-.1260642",".0236846","-5.322632","1.02e-07","","","","",".0306139",".0191979","1.594649",".1107909",".0309421",".0190926","1.620633",".1050963",".0232864",".0183837","1.266691",".2052658"
"stateyrv213","-.0379099",".0128958","-2.939707",".0032852","","","","","-.0319058",".0091575","-3.484123",".0004938","-.0303244",".0087633","-3.460379",".0005394","-.0336967",".0099593","-3.383446",".0007158","-.1264185",".0239213","-5.284769","1.26e-07","","","","",".0208565",".0194467","1.072492",".283499",".0210744",".0193826","1.087281",".2769125",".0159923",".0186171",".8590137",".3903329"
"stateyrv214","-.0004257",".0152515","-.0279095",".9777343","","","","",".005023",".012373",".4059651",".6847683",".0018366",".0125729",".1460795",".8838586",".0086315",".0124913",".6910038",".4895631","-.0564196",".0259951","-2.170394",".029977","","","","",".0895954",".0211976","4.226674",".0000237",".0895301",".0212541","4.212377",".0000253",".0910522",".0209157","4.353305",".0000134"
"stateyrv215","-.0318272",".0157795","-2.016995",".0436961","","","","","-.0247851",".0127063","-1.950608",".0511038","-.0232942",".0116657","-1.996806",".0458463","-.0264734",".0138591","-1.910182",".0561098","-.1090731",".024011","-4.542632","5.56e-06","","","","",".0426494",".0195108","2.185938",".0288201",".0428759",".0194536","2.204004",".0275241",".0375943",".0188734","1.991917",".0463802"
"stateyrv216","-.0036536",".0205082","-.1781537",".8586022","","","","",".0003961",".0160872",".0246245",".9803545","-.0111374",".0177901","-.6260468",".5312842",".0134577",".0167711",".8024356",".422301","-.0762867",".0273862","-2.785589",".0053431","","","","",".0688872",".0220783","3.120131",".0018077",".0679495",".0227002","2.993345",".0027594",".0898216",".0251772","3.567581",".0003603"
"stateyrv217","-.0356431",".0135305","-2.634284",".0084315","","","","","-.029184",".0100054","-2.916818",".0035362","-.027937",".0095151","-2.936055",".0033242","-.0305962",".0108229","-2.826994",".0046987","-.135209",".0242763","-5.569586","2.55e-08","","","","",".0190094",".0198082",".9596738",".3372194",".0192009",".0197618",".9716141",".3312426",".014734",".0190675",".7727298",".4396823"
"stateyrv218","-.042282",".0126639","-3.338795",".0008414","","","","","-.0345282",".0085142","-4.055387",".0000501","-.0317178",".0080733","-3.928735",".0000854","-.037711",".0094343","-3.997224",".0000641","-.1246202",".0234815","-5.307154","1.11e-07","","","","",".0303129",".018851","1.608025",".1078296",".0306523",".0187768","1.632457",".1025833",".0227348",".0180677","1.258313",".2082787"
"stateyrv219","-.0190619",".0148795","-1.281084",".2001641","","","","","-.0116235",".0117371","-.9903146",".3220204","-.0102248",".0117629","-.8692393",".3847163","-.0132075",".0119653","-1.103813",".2696741","-.0804525",".025237","-3.187876",".0014332","","","","",".0723417",".0222118","3.256905",".0011263",".0725519",".0221666","3.273033",".001064",".067648",".0208414","3.245845",".001171"
"stateyrv220",".0012326",".0226512",".0544152",".9566044","","","","",".0062737",".0242956",".2582235",".7962345",".0051618",".0235836",".2188709",".8267506",".0075329",".0251003",".3001126",".7640913","-.0046701",".0182596","-.255762",".7981346","","","","",".1481752",".0245905","6.0257","1.68e-09",".1481851",".0245067","6.046723","1.48e-09",".1479533",".0264778","5.587833","2.30e-08"
"stateyrv221","-.0030068",".0135581","-.2217744",".8244895","","","","",".0043864",".0101444",".4323977",".6654524",".0059489",".0099015",".6008103",".5479663",".0026169",".010722",".2440663",".8071795","-.088254",".0266977","-3.305674",".0009475","","","","",".0637441",".0225901","2.821769",".004776",".0639634",".0225233","2.83988",".004513",".0588481",".0218795","2.689645",".0071528"
"stateyrv222","-.0437004",".0135405","-3.227384",".0012493","","","","","-.0372234",".0100502","-3.703746",".0002124","-.0363727",".0096182","-3.781666",".0001558","-.0381869",".0107916","-3.538592",".0004023","-.0779384",".0240746","-3.237364",".0012064","","","","",".0711708",".0196791","3.616572",".0002985",".0714492",".0195926","3.646742",".0002656",".0649548",".018994","3.41976",".0006268"
"stateyrv223","-.0261984",".0126948","-2.063704",".0390458","","","","","-.0199786",".0094249","-2.119775",".034025","-.0210326",".0089964","-2.337893",".0193928","-.0187849",".010012","-1.876237",".0606227","-.1058236",".0239938","-4.410459",".0000103","","","","",".0478586",".0196453","2.43614",".0148449",".0478368",".0197044","2.427718",".0151941",".0483444",".0186821","2.587742",".0096607"
"stateyrv224","-.039354",".0128039","-3.073601",".0021149","","","","","-.0331473",".0088597","-3.741345",".000183","-.0310617",".0084975","-3.655417",".0002568","-.0355093",".0096645","-3.674189",".0002386","-.1093229",".0239878","-4.557446","5.18e-06","","","","",".0367809",".0195498","1.881395",".0599183",".037046",".0194641","1.903303",".057001",".0308613",".018715","1.649011",".0991454"
"stateyrv225","-.01583",".014189","-1.115653",".2645708","","","","","-.0096648",".0108218","-.8930893",".3718093","-.0072423",".0104886","-.6904907",".4898857","-.0124083",".0115603","-1.073354",".2831121","-.0723475",".0253898","-2.849471",".0043792","","","","",".0761472",".0213351","3.569109",".0003582",".0764588",".0212471","3.598555",".00032",".0691904",".0207002","3.3425",".0008303"
"stateyrv226","-.0160124",".0135939","-1.177912",".2388317","","","","","-.0089263",".0102626","-.8697852",".3844178","-.008145",".0100916","-.8071115",".4196023","-.009811",".0106392","-.9221565",".3564469","-.0720181",".0246482","-2.921838",".0034797","","","","",".0781913",".0211854","3.690807",".0002235",".0783591",".0211822","3.699297",".0002162",".0744445",".020282","3.670478",".0002421"
"stateyrv227","-.0090918",".0171831","-.5291148",".5967258","","","","","-.004211",".0139858","-.3010878",".7633476","-.0090173",".0141917","-.635394",".5251715",".0012322",".0143844",".085659",".9317375","-.0882115",".0267557","-3.296925",".0009775","","","","",".0611875",".0226672","2.699384",".0069468",".060859",".0228678","2.661339",".0077831",".0685208",".0218019","3.142874",".001673"
"stateyrv228","-.0140595",".0131156","-1.07197",".2837337","","","","","-.0072792",".0093041","-.7823721",".4339959","-.0048003",".0091129","-.5267555",".5983634","-.0100866",".0099794","-1.010743",".3121396","-.1021879",".0238045","-4.292804",".0000176","","","","",".0511001",".0194169","2.631732",".0084951",".0514055",".0193149","2.661451",".0077805",".0442798",".0186442","2.374995",".0175492"
"stateyrv229","-.025312",".0127621","-1.983364",".0473268","","","","","-.0176173",".0088355","-1.993918",".046161","-.0173129",".0084877","-2.039766",".0413736","-.0179621",".00948","-1.894736",".0581274","-.0999363",".0235854","-4.237201",".0000226","","","","",".0510421",".0190223","2.683276",".0072905",".0511545",".0189937","2.693242",".0070761",".0485326",".0182548","2.658626",".007846"
"stateyrv230",".00689",".0160359",".4296602",".6674428","","","","",".014189",".0132635","1.069781",".284718",".0128878",".0132325",".9739492",".3300818",".0156626",".0135162","1.158807",".246535","-.0567475",".0277985","-2.041386",".0412125","","","","",".0925651",".0230654","4.013155",".0000599",".092521",".0231056","4.004273",".0000622",".0935482",".0225948","4.14025",".0000347"
"stateyrv231",".0209218",".0187712","1.114573",".2650334","","","","",".026022",".0154092","1.688726",".0912719",".0242391",".014999","1.616041",".1060854",".0280411",".0158818","1.765612",".077461","-.0019444",".0236194","-.082321",".9343915","","","","",".1498549",".0315889","4.743903","2.10e-06",".149827",".031585","4.743609","2.10e-06",".1504779",".0320728","4.691766","2.71e-06"
"stateyrv232",".0307866",".0203222","1.514927",".1297908","","","","",".0385962",".0180625","2.136814",".0326131",".0394807",".0175958","2.243757",".024848",".0375944",".0187184","2.008424",".0445983","-.0130069",".0253223","-.5136537",".6074942","","","","",".1333766",".0209216","6.375051","1.83e-10",".133537",".0208466","6.405703","1.50e-10",".1297939",".020468","6.341321","2.28e-10"
"stateyrv233","-.0288268",".015347","-1.878336",".0603352","","","","","-.0216841",".0117559","-1.844518",".0651076","-.0163845",".0113468","-1.443967",".1487482","-.0276858",".0129449","-2.138731",".0324574","-.0336887",".0245684","-1.371221",".1703062","","","","",".116059",".0202576","5.729169","1.01e-08",".1165574",".0201189","5.793426","6.90e-09",".104932",".0196338","5.344463","9.07e-08"
"stateyrv234","-.0369262",".0136794","-2.699398",".0069465","","","","","-.0298567",".0101588","-2.939012",".0032926","-.0280933",".0098462","-2.853196",".0043282","-.0318538",".0108042","-2.948284",".0031954","-.0536441",".0242786","-2.209522",".0271383","","","","",".0965714",".0197018","4.901658","9.50e-07",".0968114",".0196257","4.932895","8.10e-07",".0912133",".0191034","4.774722","1.80e-06"
"stateyrv235","-.0253835",".0152081","-1.669083",".0951009","","","","","-.0190149",".0119935","-1.58543",".1128687","-.0172957",".0114727","-1.507552",".1316691","-.0209618",".0128361","-1.633035",".1024615","-.0535757",".0243754","-2.19794",".0279534","","","","",".0901751",".0196878","4.580245","4.64e-06",".0904084",".0196203","4.607893","4.07e-06",".084965",".018892","4.497414","6.88e-06"
"stateyrv236","-.0083528",".015363","-.5436937",".5866523","","","","","-.0023905",".0124533","-.1919547",".8477777","-.0049508",".0122201","-.4051366",".6853771",".0005091",".0129604",".0392794",".9686676","-.0215886",".0302659","-.713298",".4756614","","","","",".1195925",".0269511","4.437389","9.11e-06",".1194503",".0270351","4.418345","9.95e-06",".1227672",".0262931","4.669172","3.02e-06"
"stateyrv237","-.009393",".0150655","-.6234761",".5329717","","","","","-.0019744",".0118843","-.1661379",".8680484","-.0016962",".0112281","-.1510646",".8799248","-.0022895",".0128193","-.1786011",".8582509","-.0458755",".0251446","-1.824468",".0680813","","","","",".1000891",".0205459","4.871495","1.11e-06",".1001935",".0205154","4.88383","1.04e-06",".0977572",".020068","4.87129","1.11e-06"
"stateyrv238","-.0401861",".0157895","-2.545121",".010924","","","","","-.0337732",".0125095","-2.699817",".0069378","-.0287779",".0123288","-2.334199",".0195853","-.0394303",".0134924","-2.922415",".0034733","-.0768753",".0257877","-2.981085",".0028723","","","","",".0752398",".0219587","3.426415",".0006116",".07579",".0217878","3.478556",".0005041",".0629558",".0215246","2.924822",".0034465"
"stateyrv239","-.0140416",".02434","-.5768931",".5640117","","","","","-.006675",".0221644","-.3011613",".7632915","-.0018702",".0222636","-.0840027",".9330543","-.0121165",".0224027","-.5408472",".5886129","-.086367",".0238967","-3.614182",".0003013","","","","",".065391",".0196932","3.320489",".0008986",".0659115",".0195082","3.378653",".0007284",".0537695",".019012","2.828193",".0046812"
"stateyrv240",".0005829",".0139521",".0417778",".9666759","","","","",".0087938",".009559",".9199563",".3575956",".0118129",".0091823","1.286488",".1982727",".0053749",".0102606",".5238349",".6003934","-.0564316",".0236975","-2.381337",".0172499","","","","",".094641",".0190783","4.960656","7.03e-07",".0949938",".0189548","5.011587","5.40e-07",".0867625",".0182162","4.762929","1.91e-06"
"stateyrv241","-.001011",".0170954","-.0591372",".9528429","","","","",".0069085",".014437",".4785255",".6322762",".0069928",".014462",".4835333",".6287171",".0068129",".0145729",".4675049",".6401387",".0068571",".0268382",".2554992",".7983375","","","","",".1525443",".0240239","6.349699","2.16e-10",".1526264",".024022","6.353611","2.10e-10",".150711",".02269","6.642184","3.09e-11"
"stateyrv242","-.0166599",".0157792","-1.055813",".2910538","","","","","-.0101744",".0218537","-.4655675",".6415251","-.0071073",".0219713","-.3234838",".7463289","-.0136477",".0222894","-.6122945",".5403429","-.0161951",".0308191","-.5254887",".5992435","","","","",".1317472",".0375382","3.509683",".0004486",".1322374",".0377006","3.507566",".0004522",".1208042",".0345207","3.499473",".0004662"
"stateyrv243",".0532589",".0136652","3.897411",".0000972","","","","",".0610097",".0103807","5.877248","4.17e-09",".0590399",".0103116","5.725582","1.03e-08",".0632406",".0107289","5.89441","3.76e-09","-.0233654",".0260393","-.8973113",".3695528","","","","",".1184606",".0221187","5.355681","8.52e-08",".118373",".0222142","5.328704","9.89e-08",".1204161",".021343","5.64194","1.68e-08"
"stateyrv244",".0246302",".0136135","1.809247",".0704127","","","","",".0309081",".0104055","2.970362",".0029745",".0270512",".0106101","2.549579",".0107853",".0352759",".0105587","3.340938",".000835",".1139265",".0262085","4.346925",".0000138","","","","",".2556972",".0219849","11.63058","0",".2554242",".0221957","11.50782","0",".2617927",".0213939","12.23677","0"
"stateyrv245","-.0053165",".0130786","-.4065034",".6843728","","","","",".0015058",".0096009",".1568355",".8753745",".0006317",".0091484",".0690511",".944949",".0024956",".0102922",".2424774",".8084103",".2044798",".0265248","7.709003","1.27e-14","","","","",".3523071",".023078","15.26594","0",".3523066",".0231277","15.2331","0",".3523182",".022051","15.9774","0"
"stateyrv246","-.0005947",".0134083","-.0443501",".9646254","","","","",".0052689",".0101497",".5191212",".6036762",".0021844",".0102159",".2138225",".8306855",".0087622",".0103456",".8469443",".3970262",".0830092",".0271036","3.062665",".0021938","","","","",".222866",".0227354","9.802587","0",".2226609",".0228864","9.728977","0",".2274447",".021958","10.35818","0"
"stateyrv247",".0010663",".0145448",".0733143",".941556","","","","",".0075028",".0114486",".6553438",".5122464",".0065276",".0110603",".5901836",".5550675",".0086072",".0121628",".7076604",".4791562",".0108785",".027438",".3964744",".6917551","","","","",".149854",".023464","6.386539","1.70e-10",".1498025",".0235241","6.36805","1.91e-10",".1510037",".0228606","6.605403","3.96e-11"
"stateyrv248",".0227914",".0128243","1.777204",".0755348","","","","",".030212",".0092323","3.272418",".0010663",".0294783",".0088615","3.326569",".0008792",".0310429",".0098064","3.165574",".0015478",".028527",".0250528","1.138675",".2548387","","","","",".1728457",".021573","8.012129","1.11e-15",".1728762",".0216002","8.003435","1.11e-15",".1721662",".0206737","8.327794","0"
"stateyrv249",".0006993",".0164891",".0424081",".9661734","","","","",".0058138",".0128382",".4528557",".6506526","-.0021515",".0142848","-.1506138",".8802804",".0148344",".012542","1.182785",".2368945",".0175559",".0281942",".6226794",".5334953","","","","",".1586915",".0244583","6.488236","8.68e-11",".1580885",".0248316","6.366435","1.93e-10",".1721538",".0230792","7.459271","8.70e-14"
"stateyrv250",".0208661",".0223647",".9329947",".3508227","","","","",".0277354",".0203829","1.360723",".1736011",".0266185",".0201316","1.322224",".1860936",".0290003",".0208073","1.393754",".163392","-.0057832",".0244475","-.2365579",".8129998","","","","",".1399433",".0203065","6.891548","5.52e-12",".1399244",".0203537","6.874634","6.22e-12",".1403659",".0195368","7.184677","6.74e-13"
"stateyrv251",".0348149",".0133133","2.61504",".0089217","","","","",".0425185",".0097661","4.35367",".0000134",".0409718",".00971","4.219559",".0000245",".0442701",".0100514","4.404367",".0000106",".0529179",".0239279","2.211559",".0269971","","","","",".2007617",".019365","10.36724","0",".2006915",".0194402","10.32354","0",".2023279",".0185164","10.92695","0"
"stateyrv252",".0372269",".01448","2.570909",".0101432","","","","",".0451252",".0113771","3.966332",".000073",".0437399",".0114634","3.815605",".0001358",".0466939",".0115751","4.034007",".0000548",".0745089",".0259827","2.867633",".0041355","","","","",".2180514",".0218371","9.985376","0",".2180194",".0219084","9.951388","0",".2187652",".020685","10.57604","0"
"stateyrv253",".0307707",".021409","1.43728",".1506384","","","","",".0370163",".0159662","2.318421",".0204264",".0377652",".0159995","2.360394",".0182555",".0361683",".016049","2.253617",".0242203",".0880419",".0192025","4.584913","4.54e-06","","","","",".2324516",".0152895","15.20337","0",".2325359",".015307","15.19148","0",".2305697",".0145551","15.84111","0"
"stateyrv254",".0165686",".0128482","1.289565",".1972017","","","","",".0243652",".0093608","2.602884",".0092443",".0222396",".0094304","2.358296",".018359",".0267723",".0096843","2.764509",".0057009","-.0473394",".0256227","-1.84756",".064666","","","","",".0940744",".0213487","4.406573",".0000105",".0939664",".0214227","4.386292",".0000115",".0964858",".0210791","4.577326","4.71e-06"
"stateyrv255","-.0000894",".0141662","-.0063094",".9949659","","","","",".0067626",".0107836",".6271224",".530579",".008708",".0099318",".8767766",".380608",".0045595",".012004",".3798303",".7040714",".0067862",".029441",".2305001",".8177032","","","","",".1545201",".0262801","5.879734","4.11e-09",".1548332",".0262124","5.906875","3.49e-09",".1475299",".0253167","5.82738","5.63e-09"
"stateyrv256","-.0254212",".0126003","-2.0175",".0436434","","","","","-.0184931",".0088041","-2.100522",".0356829","-.017363",".0083484","-2.079785",".0375452","-.0197731",".0095913","-2.061555",".0392501","-.0681551",".0283853","-2.401076",".016347","","","","",".0825129",".025839","3.193351",".0014063",".0826944",".0257957","3.205739",".0013472",".0784615",".0247582","3.169115",".001529"
"stateyrv257",".0041026",".0128595",".3190343",".7497005","","","","",".010192",".0094081","1.083316",".2786681",".0082693",".0094233",".8775459",".3801902",".0123693",".0096181","1.286051",".1984252","-.0505931",".0245458","-2.061175",".0392864","","","","",".0892738",".0205772","4.338488",".0000143",".0891756",".0206776","4.312674",".0000161",".091468",".0197462","4.632189","3.62e-06"
"stateyrv258","-.0299794",".0147143","-2.037436",".0416064","","","","","-.0238739",".0116859","-2.042974",".041055","-.0285082",".0119828","-2.379098",".017355","-.0186257",".0119556","-1.557897",".1192576","-.0665626",".0275848","-2.413013",".0158212","","","","",".0702587",".0242708","2.894785",".0037942",".0700143",".0244268","2.866295",".0041531",".0757157",".0234366","3.230657",".0012351"
"stateyrv259",".0069475",".0150435",".461826",".6442061","","","","",".0141477",".0120636","1.172757",".2408935",".0118105",".011688","1.010482",".3122644",".0167945",".0127893","1.31317",".1891257","-.0611228",".0280327","-2.180413",".0292268","","","","",".0823763",".0232145","3.548485",".0003875",".0822425",".0233242","3.526057",".0004218",".0853629",".0223303","3.822744",".000132"
"stateyrv260","-.0377871",".0167246","-2.25938",".0238598","","","","","-.0309336",".0132792","-2.329468",".0198343","-.024537",".0127779","-1.920272",".0548236","-.0381775",".0149256","-2.557851",".0105321","-.0667225",".0320869","-2.07943",".0375778","","","","",".0837241",".0283931","2.948751",".0031906",".0843875",".0282482","2.987356",".002814",".0689124",".0292368","2.357045",".018421"
"stateyrv261",".0112656",".0128703",".8753151",".3814025","","","","",".018178",".0091755","1.981133",".0475763",".0185898",".0086842","2.140649",".0323024",".0177116",".0099552","1.779124",".0752195","-.0615141",".0262033","-2.34757",".0188963","","","","",".0868958",".0230355","3.772259",".0001618",".0870153",".0230274","3.778774",".0001576",".0842278",".022062","3.81777",".0001347"
"stateyrv262",".0031267",".0147084",".2125787",".8316556","","","","",".011053",".011349",".9739149",".3300988",".0107777",".0109167",".9872674",".3235116",".0113647",".0120097",".9462997",".3439958","-.059189",".0242557","-2.440206",".0146789","","","","",".0890795",".0202571","4.397447",".000011",".0891337",".0202597","4.399554",".0000108",".0878703",".0192344","4.568388","4.91e-06"
"stateyrv263",".0137354",".0145782",".9421876",".3460966","","","","",".0217278",".011435","1.900118",".0574176",".0206754",".0113812","1.816631",".0692736",".0229196",".0117633","1.948408",".0513662","-.0196967",".0261026","-.7545884",".450496","","","","",".124063",".0221743","5.59489","2.21e-08",".1240505",".0222037","5.586921","2.31e-08",".1243431",".0217139","5.72642","1.03e-08"
"stateyrv264","0",".",".",".","","","","",".0061722",".0172422",".3579724",".720364",".0063006",".0174057",".3619862",".7173624",".0060268",".0172619",".3491377",".7269859","0",".",".",".","","","","",".1445798",".0294018","4.917378","8.77e-07",".1447909",".0293877","4.926923","8.35e-07",".1398651",".0282878","4.944361","7.64e-07"
"stateyrv265","","","","","","","","",".0188134",".0099009","1.900173",".0574104",".0178801",".0092707","1.928679",".0537707",".0198702",".0108572","1.830148",".0672278","","","","","","","","",".0588939",".0203167","2.898793",".003746",".0588984",".0203758","2.890598",".0038451",".0587934",".019062","3.084326",".0020401"
"stateyrv266","","","","","","","","",".0220784",".0092812","2.378839",".0173673",".0208119",".0091431","2.276238",".0228318",".0235128",".0097459","2.412591",".0158396","","","","","","","","",".0732897",".0224964","3.257841",".0011226",".0732306",".0225526","3.247101",".0011659",".0746101",".0219833","3.393945",".0006889"
"stateyrv267","","","","","","","","","-.0156568",".0093072","-1.682224",".0925254","-.0170164",".0090078","-1.88907",".0588825","-.0141172",".0097559","-1.447036",".1478868","","","","","","","","","-.0008432",".0211632","-.0398417",".9682193","-.0008887",".0212133","-.0418936",".9665836",".0001731",".0205139",".0084396",".9932663"
"stateyrv268","","","","","","","","",".0307062",".0107843","2.8473",".0044092",".0257637",".0112648","2.287105",".0221897",".0363035",".0107357","3.381562",".0007207","","","","","","","","",".0324019",".0201453","1.60841",".1077454",".0320278",".0204302","1.56767",".1169581",".0407527",".0194292","2.097498",".0359495"
"stateyrv269","","","","","","","","","-.0218481",".0109438","-1.996389",".0458916","-.0178575",".0107263","-1.664824",".0959478","-.0263674",".0117764","-2.239005",".0251556","","","","","","","","",".0963781",".0244035","3.94935",".0000784",".0967232",".0242912","3.98182",".0000684",".0886719",".0241547","3.671",".0002416"
"stateyrv270","","","","","","","","",".0164293",".0110927","1.481089",".1385827",".0164758",".0105311","1.56449",".1177024",".0163765",".0121727","1.345343",".1785146","","","","","","","","",".0715709",".0207814","3.443982",".0005732",".0716486",".0207438","3.453977",".0005524",".069837",".0210452","3.318423",".0009053"
"stateyrv271","","","","","","","","",".0070005",".0144886",".483173",".6289729","-.000545",".0145849","-.0373667",".9701926",".0155457",".0154812","1.004164",".3152993","","","","","","","","",".0868987",".023465","3.703336",".0002128",".0862975",".0238642","3.616184",".000299",".1003212",".0242611","4.135062",".0000355"
"stateyrv272","","","","","","","","",".0065905",".0098058",".672105",".5015169",".0077679",".0092676",".8381703",".4019351",".0052572",".0105665",".4975365",".6188108","","","","","","","","",".0489687",".0203207","2.409791",".0159617",".0491579",".0202962","2.422028",".0154342",".044746",".019467","2.298557",".0215301"
"stateyrv273","","","","","","","","",".0045354",".008916",".5086798",".6109767",".0049473",".00836",".5917848",".5539947",".0040689",".0097329",".4180555",".6759065","","","","","","","","",".0339871",".0196756","1.727372",".0841009",".0340931",".0196312","1.736673",".0824449",".0316216",".0185953","1.700513",".0890344"
"stateyrv274","","","","","","","","",".0202516",".0120609","1.679107",".0931312",".0179682",".0124384","1.444576",".1485769",".0228375",".0118719","1.923661",".0543971","","","","","","","","",".0639831",".0281296","2.274583",".0229309",".0638409",".0282803","2.257436",".0239808",".0671562",".0269045","2.4961",".0125567"
"stateyrv275","","","","","","","","",".0266952",".0103319","2.583754",".0097731",".0291971",".0103502","2.82093",".0047885",".0238618",".0105824","2.254855",".0241425","","","","","","","","",".0951669",".023155","4.109995",".0000396",".0954031",".0231582","4.11963",".0000379",".0898916",".0223028","4.030513",".0000557"
"stateyrv276","","","","","","","","","-.0149282",".0104764","-1.424927",".1541783","-.0162163",".0101282","-1.601094",".1093561","-.0134694",".0111322","-1.209947",".2262992","","","","","","","","",".0039817",".019923",".1998548",".8415942",".0039482",".0199885",".1975239",".8434175",".0047298",".0190943",".2477065",".8043615"
"stateyrv277","","","","","","","","",".0088552",".0105697",".8377853",".4021513",".0123534",".0096665","1.277968",".2012606",".0048934",".0121036",".4042937",".6859968","","","","","","","","",".0688095",".0202692","3.394785",".0006868",".0691338",".0201645","3.42849",".0006069",".061569",".0193132","3.18793",".0014329"
"stateyrv278","","","","","","","","","-.029236",".0086241","-3.390027",".0006989","-.0286997",".0081721","-3.511899",".0004449","-.0298432",".00938","-3.181576",".0014648","","","","","","","","",".0241868",".0193817","1.247918",".2120611",".0243145",".0193451","1.256883",".2087961",".0213356",".0187146","1.140047",".2542668"
"stateyrv279","","","","","","","","","-.0132018",".0090285","-1.462231",".143678","-.0111956",".0086837","-1.289268",".1973048","-.0154737",".0097945","-1.579845",".1141425","","","","","","","","",".0187064",".0196016",".9543345",".3399144",".0189673",".0195109",".9721353",".3309833",".0128831",".0189351",".6803825",".4962623"
"stateyrv280","","","","","","","","","-.0199698",".0097414","-2.049986",".0403658","-.0165291",".0094535","-1.748452",".0803857","-.0238664",".0105267","-2.267225",".0233765","","","","","","","","",".0554101",".0250134","2.215212",".0267455",".0558226",".0249145","2.24057",".0250539",".0461993",".0242621","1.904174",".0568876"
"stateyrv281","","","","","","","","","-.0058151",".0103881","-.5597863",".5756252","-.0059739",".010141","-.5890823",".5558061","-.0056353",".0108747","-.5182049",".6043153","","","","","","","","",".0533734",".0208226","2.563239",".0103701",".053447",".0208161","2.567575",".0102413",".0517307",".0200838","2.575744",".0100025"
"stateyrv282","","","","","","","","","-.0373047",".0136982","-2.723325",".0064629","-.0268859",".0144333","-1.862772",".0624944","-.0491037",".015213","-3.227744",".0012477","","","","","","","","",".0124356",".0269509",".4614152",".6445007",".0134546",".0267473",".5030247",".6149469","-.0103142",".0291269","-.3541137",".7232536"
"stateyrv283","","","","","","","","","-.0126807",".009197","-1.378782",".167962","-.0084793",".0090861","-.9332201",".3507063","-.0174387",".0099606","-1.750778",".0799842","","","","","","","","",".0385357",".0197071","1.955421",".0505334",".039001",".0195291","1.997073",".0458172",".028147",".019164","1.468741",".141903"
"stateyrv284","","","","","","","","","-.0090449",".0085592","-1.056748",".2906266","-.0084656",".0080726","-1.04869",".2943209","-.009701",".0092815","-1.045197",".2959318","","","","","","","","",".0340334",".0194308","1.75152",".0798563",".0341572",".0194032","1.760386",".0783424",".03127",".0186062","1.680623",".0928361"
"stateyrv285","","","","","","","","","-.0318329",".0096759","-3.289937",".0010021","-.0338",".0097789","-3.456409",".0005474","-.0296053",".0098962","-2.991582",".0027754","","","","","","","","",".0174431",".0233393",".7473668",".4548422",".0173297",".0233813",".7411792",".4585848",".0199738",".0226236",".8828737",".3773045"
"stateyrv286","","","","","","","","","-.0072226",".0130956","-.5515298",".5812705","-.0032931",".0128494","-.2562811",".7977338","-.0116727",".0138324","-.8438691",".3987426","","","","","","","","",".0732982",".046274","1.584001",".1131934",".0737797",".0460378","1.602591",".1090251",".0625481",".0459158","1.362236",".1731233"
"stateyrv287","","","","","","","","","-.0271422",".0097218","-2.791883",".0052402","-.0288837",".00949","-3.043609",".0023376","-.02517",".010279","-2.448673",".0143384","","","","","","","","",".0350604",".0221397","1.5836",".1132847",".0349782",".0221994","1.575639",".115109",".0368939",".0217371","1.697274",".0896448"
"stateyrv288","","","","","","","","","-.0062572",".009493","-.6591444",".509803","-.0088923",".0094054","-.9454457",".3444314","-.003273",".0098611","-.3319146",".7399538","","","","","","","","",".0501119",".0201316","2.489217",".0128025",".0499768",".0202289","2.470566",".0134899",".0531295",".0195572","2.716628",".0065951"
"stateyrv289","","","","","","","","","-.0368292",".0089478","-4.116022",".0000385","-.0365414",".0084857","-4.30622",".0000166","-.0371552",".0097388","-3.815187",".0001361","","","","","","","","",".0063576",".0191133",".3326243",".7394179",".0064618",".019104",".3382446",".7351789",".00403",".0183364",".2197828",".8260403"
"stateyrv290","","","","","","","","","-.0116284",".0088081","-1.320188",".1867722","-.0118816",".0085142","-1.395502",".1628645","-.0113417",".0093653","-1.211043",".225879","","","","","","","","",".0138488",".0194802",".7109201",".4771338",".0139023",".0194967",".7130595",".475809",".0126559",".0185227",".6832639",".4944401"
"stateyrv291","","","","","","","","","-.0357173",".0102393","-3.488252",".0004862","-.0339152",".0098716","-3.435645",".0005911","-.0377582",".0109377","-3.452108",".0005562","","","","","","","","",".0240738",".020162","1.19402",".2324703",".0243168",".0200865","1.210601",".2260485",".0186504",".0193998",".9613705",".3363659"
"stateyrv292","","","","","","","","","-.0314279",".0102825","-3.056453",".0022397","-.0282848",".0099564","-2.840867",".0044991","-.0349874",".0107582","-3.252152",".0011453","","","","","","","","",".0264351",".0202128","1.307839",".1909278",".0268172",".0200725","1.33602",".1815428",".0179037",".0192597",".9295929",".3525819"
"stateyrv293","","","","","","","","","-.0137222",".0149722","-.9165121",".3593984","-.0259129",".0166781","-1.553704",".120255",".0000835",".0154399",".0054066",".9956862","","","","","","","","",".0241459",".022829","1.057687",".2901981",".0231742",".0235007",".9861093",".3240795",".045839",".0233853","1.960162",".0499769"
"stateyrv294","","","","","","","","","-.0185969",".0108226","-1.718335",".0857356","-.0183667",".0104133","-1.76378",".0777691","-.0188576",".0114357","-1.649014",".0991448","","","","","","","","",".0273714",".0193702","1.413066",".1576364",".0274743",".0193525","1.419675",".1557022",".0250752",".0185784","1.349693",".1771144"
"stateyrv295","","","","","","","","","-.022165",".0087277","-2.539618",".0110974","-.0226652",".0083442","-2.716271",".0066022","-.0215984",".0093905","-2.300014",".0214474","","","","","","","","",".017708",".0190831",".9279418",".3534378",".0177168",".0191124",".9269821",".3539358",".0175103",".0183627",".9535795",".3402966"
"stateyrv296","","","","","","","","","-.0263978",".0163063","-1.618875",".1054741","-.0280794",".0165423","-1.697431",".0896152","-.0244934",".0161731","-1.514459",".1299094","","","","","","","","",".0219125",".026697",".8207835",".4117696",".0218465",".0267568",".8164848",".4142229",".0233856",".0252966",".9244553",".3552493"
"stateyrv297","","","","","","","","","-.0181905",".0106881","-1.701937",".0887671","-.0159559",".009998","-1.595911",".1105087","-.0207211",".0117373","-1.765405",".0774958","","","","","","","","",".0725116",".0344999","2.10179",".0355717",".0728499",".0343199","2.122673",".0337812",".0649585",".0345428","1.880523",".0600368"
"stateyrv298","","","","","","","","","-.04401",".0101559","-4.333423",".0000147","-.047717",".0104748","-4.555399","5.23e-06","-.0398118",".0102945","-3.867279",".0001101","","","","","","","","",".0063755",".0193964",".3286933",".7423875",".0061237",".0196705",".3113154",".7555609",".0119954",".0185081",".6481158",".51691"
"stateyrv299","","","","","","","","","-.0450269",".0097574","-4.614638","3.94e-06","-.0464737",".0095979","-4.842062","1.28e-06","-.0433883",".0101827","-4.260995",".0000204","","","","","","","","","-.0425082",".0209769","-2.026424",".0427214","-.0425678",".0210723","-2.020082",".0433748","-.041176",".0197784","-2.081869",".0373545"
"stateyrv300","","","","","","","","","-.0530604",".0087057","-6.094871","1.10e-09","-.0537446",".0083983","-6.399424","1.56e-10","-.0522856",".0093289","-5.604691","2.09e-08","","","","","","","","","-.0139138",".0189168","-.7355281",".4620179","-.0138983",".0189491","-.7334523",".4632826","-.0142612",".0181075","-.7875829",".4309407"
"stateyrv301","","","","","","","","","-.0315628",".0089745","-3.516946",".0004365","-.0320658",".0086575","-3.703801",".0002124","-.0309933",".0095037","-3.261189",".0011095","","","","","","","","","-.0022322",".0191086","-.1168157",".9070061","-.0022012",".0191325","-.1150527",".9084033","-.0029228",".0182451","-.1601989",".8727244"
"stateyrv302","","","","","","","","","-.0584318",".0101107","-5.779206","7.51e-09","-.0570183",".0097494","-5.848398","4.96e-09","-.0600325",".0108117","-5.552524","2.82e-08","","","","","","","","","-.0152045",".0199519","-.7620589",".4460248","-.015021",".0199014","-.7547717",".450386","-.0193016",".0191856","-1.006047",".3143927"
"stateyrv303","","","","","","","","","-.0428698",".0089935","-4.76673","1.87e-06","-.0431313",".0085916","-5.020144","5.16e-07","-.0425736",".0096595","-4.407419",".0000105","","","","","","","","",".0019478",".0209737",".0928668",".9260094",".0020209",".0209643",".0963983",".9232043",".0003143",".0203859",".0154186",".9876982"
"stateyrv304","","","","","","","","","-.0791488",".0168462","-4.698312","2.62e-06","-.0651697",".0179004","-3.64068",".0002719","-.0949799",".0189322","-5.016854","5.25e-07","","","","","","","","","-.002939",".0231426","-.1269931",".8989458","-.001663",".0230326","-.0722022",".942441","-.0314255",".0226944","-1.384728",".1661358"
"stateyrv305","","","","","","","","","-.0268829",".0092457","-2.907604",".0036421","-.0291017",".0090742","-3.207068",".001341","-.0243701",".0098237","-2.480742",".0131109","","","","","","","","",".0071595",".0191466",".3739285",".7084575",".0070386",".0192619",".3654136",".7148027",".0098586",".0182354",".5406332",".5887604"
"stateyrv306","","","","","","","","","-.031804",".0089834","-3.540318",".0003996","-.0363275",".0096605","-3.760424",".0001696","-.0266813",".0089101","-2.994508",".0027489","","","","","","","","","-.0009803",".0191979","-.0510623",".9592758","-.0013279",".0194773","-.0681786",".9456435",".0067811",".0183209",".3701325",".7112838"
"stateyrv307","","","","","","","","","-.049745",".0111023","-4.480582","7.44e-06","-.052382",".0115874","-4.520595","6.17e-06","-.0467585",".0108902","-4.29365",".0000176","","","","","","","","","-.0141075",".0227238","-.6208236",".5347157","-.0142657",".0228324","-.6248001",".5321022","-.0105754",".0209191","-.5055366",".613182"
"stateyrv308","","","","","","","","","-.0347761",".0103738","-3.352301",".0008014","-.0390411",".0103319","-3.778684",".0001577","-.0299462",".0108338","-2.764154",".0057071","","","","","","","","",".000043",".0279379",".0015383",".9987726","-.000136",".0279911","-.0048584",".9961236",".0040386",".0286133",".1411444",".8877559"
"stateyrv309","","","","","","","","","-.0469646",".0095434","-4.921173","8.60e-07","-.0510086",".0098922","-5.156424","2.52e-07","-.0423848",".0098704","-4.294152",".0000175","","","","","","","","",".0067838",".0205192",".3306093",".7409397",".0064973",".0207888",".3125376",".754632",".0131816",".0198519",".6639976",".5066918"
"stateyrv310","","","","","","","","","-.027933",".0090906","-3.072754",".0021209","-.0303951",".0094402","-3.219739",".0012831","-.0251448",".0090871","-2.767094",".0056558","","","","","","","","",".0091436",".0200118",".4569093",".6477363",".0090154",".0201056",".4484045",".6538613",".0120046",".0197748",".6070629",".5438092"
"stateyrv311","","","","","","","","","-.0431255",".0088988","-4.846242","1.26e-06","-.0444675",".0086366","-5.14874","2.62e-07","-.0416057",".0094201","-4.416671",".00001","","","","","","","","",".0151369",".0190123",".796164",".4259367",".0150922",".0190815",".7909334",".4289829",".0161359",".0181004",".891469",".3726776"
"stateyrv312","","","","","","","","","-.0118918",".0096911","-1.227092",".2197881","-.0152373",".0097237","-1.567023",".1171093","-.0081031",".0100248","-.8083039",".4189156","","","","","","","","",".0276178",".0192973","1.431178",".1523793",".0273888",".0194823","1.405829",".159775",".03273",".0186843","1.751741",".0798184"
"stateyrv313","","","","","","","","","-.0435139",".0113443","-3.835765",".0001252","-.0477873",".0115085","-4.152347",".0000329","-.0386744",".0115785","-3.340197",".0008372","","","","","","","","",".0313639",".0199272","1.573923",".1155053",".0310284",".0201667","1.538593",".1239036",".0388539",".0196692","1.975371",".0482261"
"stateyrv314","","","","","","","","","-.0247213",".0094296","-2.621668",".0087501","-.0269942",".0095504","-2.826497",".004706","-.0221472",".0096033","-2.306216",".0210986","","","","","","","","",".0207884",".0192108","1.082117",".2792004",".0206766",".0193203","1.070199",".2845297",".0232833",".0184159","1.264305",".2061206"
"stateyrv315","","","","","","","","","-.0221357",".0154089","-1.436554",".1508448","-.0345613",".0177642","-1.945563",".0517072","-.0080638",".0147924","-.5451348",".5856608","","","","","","","","",".030425",".0213543","1.424769",".154224",".0294481",".0220603","1.334892",".1819117",".0522349",".0216392","2.413896",".015783"
"stateyrv316","","","","","","","","","-.0324832",".0087749","-3.701811",".0002141","-.0336339",".0084573","-3.976905",".0000698","-.03118",".0093862","-3.321882",".0008941","","","","","","","","",".0266573",".0191366","1.393004",".1636185",".0266339",".0191875","1.388088",".1651103",".0271798",".0183933","1.477698",".1394885"
"stateyrv317","","","","","","","","","-.0257507",".0089136","-2.888931",".0038655","-.0301509",".0095122","-3.169722",".0015258","-.0207674",".0089483","-2.320817",".0202967","","","","","","","","",".0121499",".0190993",".6361431",".5246831",".0118147",".0193436",".6107796",".5413455",".0196338",".0181686","1.080645",".2798549"
"stateyrv318","","","","","","","","","-.0295235",".011001","-2.683707",".0072811","-.0331991",".0113071","-2.936145",".0033232","-.0253609",".0109609","-2.313762",".0206808","","","","","","","","","-.0005368",".019988","-.0268558",".9785747","-.0007994",".0201305","-.0397112",".9683234",".0053262",".0190601",".279442",".7799057"
"stateyrv319","","","","","","","","","-.0142698",".0108398","-1.316428",".1880303","-.0158195",".0106451","-1.486083",".1372572","-.0125148",".0112962","-1.107872",".2679171","","","","","","","","",".0309366",".024853","1.244785",".2132109",".0307695",".0249995","1.230802",".218397",".0346672",".0238936","1.450899",".1468081"
"stateyrv320","","","","","","","","","-.039902",".010452","-3.817656",".0001347","-.045351",".0112727","-4.023092",".0000574","-.033731",".0104352","-3.232429",".0012274","","","","","","","","","-.0185991",".0197566","-.9414106",".3464945","-.0190098",".0200975","-.9458758",".3442119","-.0094307",".0190698","-.4945362",".6209275"
"stateyrv321","","","","","","","","","-.0216879",".0112461","-1.928479",".0537956","-.0220072",".010145","-2.169263",".0300627","-.0213264",".0126922","-1.680271",".0929046","","","","","","","","",".0069254",".0223022",".3105247",".756162",".0069866",".0222697",".3137283",".7537274",".005558",".0226308",".245593",".8059973"
"stateyrv322","","","","","","","","","-.0442343",".00862","-5.13161","2.87e-07","-.0426723",".0080322","-5.312673","1.08e-07","-.0460033",".0096392","-4.772505","1.82e-06","","","","","","","","","-.0281871",".0190204","-1.48194",".1383561","-.0279664",".0189538","-1.475504",".140077","-.0331144",".0183313","-1.80644",".0708496"
"stateyrv323","","","","","","","","","-.0157936",".0088766","-1.779244",".0751998","-.0160233",".0084668","-1.892495",".058425","-.0155335",".0095531","-1.62602",".1039454","","","","","","","","","-.0240787",".0193149","-1.246637",".2125305","-.0240235",".0193239","-1.243201",".2137939","-.0253122",".0185598","-1.363823",".1726234"
"stateyrv324","","","","","","","","","-.0306261",".0099605","-3.074747",".0021068","-.0318803",".0097379","-3.273831",".001061","-.0292057",".0104173","-2.803587",".0050538","","","","","","","","",".0053818",".0220062",".2445571",".8067994",".0053921",".0220276",".2447867",".8066216",".0051518",".0215291",".239297",".8108753"
"stateyrv325","","","","","","","","","-.0262752",".009903","-2.65326",".0079718","-.0248638",".0093559","-2.657547",".0078712","-.0278735",".0108251","-2.574889",".0100272","","","","","","","","",".0069383",".020108",".3450525",".7300549",".007146",".0200892",".3557137",".722055",".0023014",".0194463",".1183477",".9057922"
"stateyrv326","","","","","","","","","-.0404892",".0109776","-3.688347",".0002257","-.0362847",".0102878","-3.52698",".0004203","-.0452506",".0125984","-3.591779",".0003284","","","","","","","","","-.0147573",".0223994","-.658828",".5100062","-.0142659",".0223004","-.6397135",".5223589","-.0257295",".0210025","-1.225069",".2205491"
"stateyrv327","","","","","","","","","-.0264002",".009132","-2.890947",".0038408","-.0270251",".0086529","-3.123225",".0017888","-.0256925",".009876","-2.601502",".0092816","","","","","","","","",".0034085",".0194507",".1752392",".8608917",".0034331",".0194719",".1763124",".8600485",".0028594",".0187505",".1524982",".878794"
"stateyrv328","","","","","","","","","-.0305001",".0085699","-3.558997",".0003723","-.0322177",".0084978","-3.791312",".0001499","-.028555",".00901","-3.169259",".0015283","","","","","","","","","-.0167332",".0192291","-.8702039",".384189","-.0168484",".0192953","-.8731839",".3825629","-.0141622",".0183627","-.7712465",".4405608"
"stateyrv329","","","","","","","","","-.0285237",".0112207","-2.542054",".0110203","-.0289057",".0115077","-2.511851",".01201","-.0280911",".01114","-2.521647",".0116807","","","","","","","","","-.0218647",".0202145","-1.081631",".2794165","-.0218432",".0202608","-1.078102",".2809883","-.0223441",".0190896","-1.170486",".2418054"
"stateyrv330","","","","","","","","","-.0285786",".010432","-2.739512",".006153","-.0322903",".0103981","-3.105409",".0019002","-.0243753",".0108691","-2.24262",".0249213","","","","","","","","",".0086755",".020819",".4167099",".6768906",".0085246",".0208375",".4091011",".6824655",".0120434",".0214062",".56261",".5737005"
"stateyrv331","","","","","","","","","-.0451859",".0111322","-4.059035",".0000493","-.0511955",".0121517","-4.213029",".0000252","-.03838",".0108692","-3.531084",".0004139","","","","","","","","","-.0172924",".020841","-.8297317",".4066905","-.0177521",".0211338","-.8399853",".4009166","-.0070312",".0201522","-.3489037",".7271616"
"stateyrv332","","","","","","","","","-.0152026",".0087942","-1.728712",".0838606","-.0141869",".0082593","-1.717695",".0858522","-.0163529",".0097019","-1.685529",".0918865","","","","","","","","","-.0168713",".0195034","-.8650474",".3870128","-.0167713",".0194982","-.860148",".3897075","-.0191048",".0185921","-1.02758",".3041476"
"stateyrv333","","","","","","","","","-.0319283",".0086295","-3.699889",".0002157","-.0306249",".0082153","-3.727785",".0001932","-.0334044",".0094597","-3.531231",".0004136","","","","","","","","","-.0368605",".0190264","-1.937338",".0527041","-.036664",".0189704","-1.932693",".053274","-.0412465",".0182699","-2.257614",".0239698"
"stateyrv334","","","","","","","","","-.0247609",".00867","-2.855929",".0042911","-.0221043",".0083115","-2.659492",".0078259","-.0277695",".0095563","-2.905891",".0036621","","","","","","","","","-.0229191",".0191449","-1.197139",".2312525","-.0226005",".0190359","-1.187258",".235126","-.0300316",".0183412","-1.637386",".1015499"
"stateyrv335","","","","","","","","","-.0464973",".0092404","-5.031967","4.85e-07","-.0464094",".0087665","-5.293949","1.20e-07","-.0465968",".0100013","-4.659088","3.18e-06","","","","","","","","",".0200967",".0198794","1.010929",".3120503",".0201446",".0198943","1.012581",".3112605",".0190278",".0190783",".997352",".3185937"
"stateyrv336","","","","","","","","","-.0241521",".0113646","-2.125208",".0335692","-.0250697",".0105568","-2.374751",".0175608","-.0231129",".0125083","-1.847815",".0646291","","","","","","","","",".0111905",".0197698",".5660407",".5713661",".011195",".0198026",".5653293",".5718498",".0110907",".0192318",".5766863",".5641514"
"stateyrv337","","","","","","","","","-.0373325",".0126336","-2.955022",".0031265","-.0409728",".0127947","-3.20232",".0013633","-.0332098",".012971","-2.560305",".010458","","","","","","","","","-.0003107",".0245106","-.0126754",".9898868","-.0005581",".0246697","-.0226246",".9819497",".0052141",".024053",".2167744",".8283842"
"stateyrv338","","","","","","","","","-.0218984",".009267","-2.363046",".0181254","-.0241364",".0090001","-2.681789",".007323","-.0193638",".009789","-1.978117",".0479155","","","","","","","","","-.0039243",".0191315","-.2051227",".8374763","-.0040484",".0192413","-.2104006",".833355","-.0011543",".0183334","-.0629587",".9497994"
"stateyrv339","","","","","","","","","-.0340424",".0088062","-3.865731",".0001108","-.0367535",".0089145","-4.122914",".0000374","-.030972",".0091434","-3.38735",".0007057","","","","","","","","","-.0221904",".0191015","-1.161712",".2453524","-.0223491",".0192107","-1.163365",".2446814","-.0186477",".018148","-1.027535",".3041686"
"stateyrv340","","","","","","","","","-.0262916",".0103802","-2.532859",".0113136","-.0275138",".0104053","-2.644195",".0081885","-.0249075",".0106246","-2.344313",".0190622","","","","","","","","","-.0269986",".0200015","-1.349827",".1770714","-.027051",".020075","-1.347497",".1778201","-.0258283",".018803","-1.373624",".1695584"
"stateyrv341","","","","","","","","","-.0236667",".0152028","-1.556727",".1195354","-.0262191",".0145815","-1.798109",".0721598","-.020776",".0162624","-1.277547",".201409","","","","","","","","","-.0038311",".0270551","-.1416024",".8873941","-.004025",".0271848","-.1480593",".882296",".0004977",".0272146",".0182891",".9854082"
"stateyrv342","","","","","","","","","-.0384952",".0103267","-3.727755",".0001932","-.0397657",".0099541","-3.994901",".0000647","-.0370564",".0110683","-3.347972",".0008141","","","","","","","","",".0144157",".0227731",".6330135",".5267248",".0143776",".0228275",".6298361",".5288018",".0152662",".0222483",".6861751",".4926027"
"stateyrv343","","","","","","","","","-.0191997",".0098437","-1.950467",".0511204","-.019942",".0095373","-2.090954",".0365322","-.0183591",".0104146","-1.762822",".0779306","","","","","","","","",".0328014",".0203036","1.615548",".106192",".0328185",".0203137","1.615584",".1061844",".0324201",".0200059","1.620532",".105118"
"stateyrv344","","","","","","","","","-.0078175",".0090012","-.8684998",".3851208","-.010667",".0090672","-1.176437",".2394205","-.0045905",".0090886","-.5050839",".6134999","","","","","","","","",".0255877",".0192575","1.328719",".1839407",".0254044",".0193982","1.309626",".1903222",".0296814",".0185254","1.602199",".1091116"
"stateyrv345","","","","","","","","","-.004266",".0087781","-.4859856",".6269774","-.0053221",".0084463","-.6301175",".5286177","-.00307",".0094349","-.3253885",".7448871","","","","","","","","",".0299115",".0190508","1.570093",".1163935",".0298892",".0191034","1.564604",".1176758",".0304091",".01835","1.657175",".097484"
"stateyrv346","","","","","","","","","-.0148775",".0110058","-1.351785",".1764441","-.0193182",".0112172","-1.72219",".085035","-.0098484",".0112433","-.8759327",".3810666","","","","","","","","",".0479032",".0219687","2.180516",".0292192",".0475889",".0221529","2.148205",".0316974",".0549204",".0216108","2.541342",".0110428"
"stateyrv347","","","","","","","","",".0035599",".0098312",".3621085",".7172709","-.0013571",".0104419","-.1299659",".8965934",".0091284",".009606",".9502832",".3419684","","","","","","","","",".0495515",".021715","2.281902",".0224952",".0492213",".0220173","2.23557",".0253799",".0569229",".0210895","2.699117",".0069524"
"stateyrv348","","","","","","","","","-.0327477",".0117999","-2.775255",".0055158","-.0314568",".011238","-2.79914",".0051239","-.0342095",".0127459","-2.683963",".0072755","","","","","","","","",".0294709",".0220095","1.339007",".1805685",".0296838",".0219504","1.352315",".1762747",".0247162",".0215841","1.145111",".2521632"
"stateyrv349","","","","","","","","",".0030585",".0089961",".339976",".7338746",".0000649",".0091717",".0070803",".9943508",".0064486",".0091298",".7063267",".479985","","","","","","","","",".0256692",".0196294","1.307688",".1909791",".0254757",".0197755","1.288245",".1976605",".0299889",".0188768","1.588664",".1121362"
"stateyrv350","","","","","","","","","-.010674",".0087854","-1.214967",".2243786","-.0091098",".0081968","-1.111378",".2664056","-.0124454",".0095799","-1.299117",".1939039","","","","","","","","",".0347456",".0191708","1.812421",".0699212",".0349869",".0191617","1.825878",".0678687",".0293585",".0185334","1.584086",".1131742"
"stateyrv351","","","","","","","","","-.0171514",".010787","-1.590009",".1118329","-.0178192",".0103434","-1.722765",".0849309","-.0163951",".0114852","-1.4275",".1534357","","","","","","","","",".0322582",".0193097","1.670573",".0948061",".0323065",".019319","1.672266",".094472",".0311798",".0186248","1.674101",".0941107"
"stateyrv352","","","","","","","","","-.0025731",".0152508","-.1687185",".8660181","-.0082996",".0146788","-.5654176",".5717897",".0039121",".0169481",".2308298",".817447","","","","","","","","",".0418505",".0304254","1.37551",".1689734",".0417232",".0305556","1.365485",".1721008",".0446911",".0286598","1.559365",".11891"
"stateyrv353","","","","","","","","","-.0517652",".0110958","-4.665286","3.08e-06","-.0473623",".0103493","-4.576381","4.73e-06","-.0567515",".0125317","-4.528633","5.94e-06","","","","","","","","",".0216578",".0216126","1.002092",".3162993",".0221477",".021552","1.027638",".3041203",".010721",".0207816",".5158876",".6059329"
"stateyrv354","","","","","","","","","-.0235427",".0093153","-2.527312",".0114939","-.0192018",".0091363","-2.101711",".0355786","-.0284587",".0102233","-2.783701",".0053743","","","","","","","","",".0334998",".0197707","1.694419",".0901858",".0339089",".0196696","1.723922",".0847219",".0243662",".0190457","1.279359",".2007708"
"stateyrv355","","","","","","","","","-.0015127",".0103981","-.1454789",".8843328","-.0008491",".0097406","-.0871678",".9305381","-.0022643",".0114933","-.1970078",".8438214","","","","","","","","",".0243529",".0196866","1.237029",".2160764",".0244914",".0196556","1.246023",".2127558",".0212601",".0193934","1.096254",".2729677"
"stateyrv356","","","","","","","","","-.0178969",".0092951","-1.925419",".054177","-.0145848",".008907","-1.637441",".1015383","-.0216479",".010376","-2.086338",".036948","","","","","","","","",".0285355",".019104","1.493688",".1352573",".0289124",".0189734","1.523838",".1275492",".0201196",".0184463","1.090714",".2753986"
"stateyrv357","","","","","","","","","-.0277659",".0094785","-2.929365",".0033966","-.0260698",".0091601","-2.846007",".0044271","-.0296867",".0101311","-2.93025",".0033869","","","","","","","","",".0314955",".0206438","1.525665",".1270934",".0317182",".0205922","1.540301",".1234869",".0265226",".019855","1.335815",".1816099"
"stateyrv358","","","","","","","","","-.0012904",".0095593","-.1349932",".8926172",".0002947",".0087978",".0335002",".9732757","-.0030856",".0107512","-.2870041",".7741092","","","","","","","","",".0478157",".0202758","2.358264",".0183606",".0480332",".0201741","2.380936",".0172687",".0429606",".0204037","2.105532",".0352451"
"stateyrv359","","","","","","","","","-.0214965",".0103294","-2.08109",".0374257","-.0200008",".0099197","-2.016264",".0437724","-.0231904",".0111666","-2.07676",".0378237","","","","","","","","",".0314353",".0211759","1.484481",".1376813",".0316093",".0211276","1.496115",".1346236",".0275504",".0205867","1.338263",".1808106"
"stateyrv360","","","","","","","","","-.0039797",".0087629","-.4541503",".6497206","-.0002856",".0084312","-.0338757",".9729763","-.0081631",".0097678","-.8357229",".4033108","","","","","","","","",".0253985",".0201092","1.263032",".2065777",".0258169",".0199673","1.292961",".1960244",".0160581",".0194905",".8238903",".4100019"
"stateyrv361","","","","","","","","",".0201122",".0090402","2.224743",".0260985",".0236223",".0085022","2.778358",".0054634",".0161372",".0102112","1.580343",".1140284","","","","","","","","",".0492654",".0193895","2.540835",".0110588",".0496874",".0194528","2.554255",".0106415",".0398434",".0196169","2.03108",".0422469"
"stateyrv362","","","","","","","","","-.0099562",".0108351","-.9188822",".3581572","-.0074823",".0099267","-.7537592",".4509938","-.0127578",".012304","-1.036881",".2997915","","","","","","","","",".0365679",".0211678","1.727525",".0840735",".0368798",".020998","1.756349",".0790288",".0296048",".0211695","1.398464",".1619738"
"stateyrv363","","","","","","","","","-.0603033",".0126547","-4.765299","1.89e-06","-.0582682",".0121486","-4.796297","1.62e-06","-.062608",".0136368","-4.591108","4.41e-06","","","","","","","","",".0147769",".0259379",".5697043",".5688783",".0150236",".0258537",".5811002",".561173",".0092699",".026017",".3563027",".7216139"
"stateyrv364","","","","","","","","","-.0292388",".0106378","-2.748567",".0059856","-.0255286",".0102038","-2.501878",".0123536","-.0334406",".0116011","-2.882544",".0039448","","","","","","","","","-.0044463",".0218923","-.2030985",".8390581","-.0040274",".0218465","-.184349",".8537397","-.0137985",".0213321","-.6468433",".5177334"
"stateyrv365","","","","","","","","",".0039666",".0093998",".4219873",".6730343",".0013946",".0092242",".1511858",".8798292",".0068794",".0100419",".6850646",".4933032","","","","","","","","",".0329459",".0203193","1.621406",".1049307",".0329058",".0203638","1.615893",".1061175",".0338412",".0199632","1.695179",".0900416"
"stateyrv366","","","","","","","","","-.0005109",".0095782","-.0533401",".9574609","-.0018928",".0091546","-.2067599",".8361974",".0010541",".0100701",".1046745",".9166341","","","","","","","","",".0015947",".0190893",".0835385",".9334234",".0015466",".0191509",".0807568",".9356353",".002669",".0183901",".1451347",".8846045"
"stateyrv367","","","","","","","","","-.0026973",".0099543","-.2709666",".7864167","-.0051535",".009761","-.5279661",".5975228",".0000843",".0104515",".0080699",".9935612","","","","","","","","",".0133089",".0192619",".6909475",".4895985",".0131591",".0193934",".6785364",".4974317",".0166531",".0185608",".8972183",".3696024"
"stateyrv368","","","","","","","","","-.0063113",".0093731","-.6733362",".5007334","-.0079178",".0092115","-.8595602",".3900315","-.0044919",".0098133","-.4577334",".647144","","","","","","","","",".013082",".0233255",".5608461",".5749025",".0130606",".0233633",".5590216",".576147",".0135598",".0228306",".5939329",".552557"
"stateyrv369","","","","","","","","",".0097023",".0093037","1.042845",".2970203",".0101169",".0091807","1.101971",".2704741",".0092327",".0097131",".9505447",".3418356","","","","","","","","",".0144854",".0201084",".720363",".4713015",".0145862",".0200921",".7259653",".46786",".0122349",".0197428",".6197162",".5354446"
"stateyrv370","","","","","","","","",".0074872",".0144913",".5166695",".6053869","-.0024104",".0156814","-.1537126",".8778364",".0186962",".0148829","1.256222",".2090355","","","","","","","","",".0080111",".0212701",".3766393",".7064416",".0072706",".0217706",".3339633",".7384072",".0245447",".0218362","1.124035",".2609984"
"stateyrv371","","","","","","","","",".017716",".008836","2.004983",".0449648",".018266",".0082003","2.227479",".0259153",".0170931",".0098063","1.743074",".0813207","","","","","","","","",".0174623",".0198822",".8782884",".3797873",".0175928",".0198873",".8846267",".376358",".0145479",".0188314",".772537",".4397964"
"stateyrv372","","","","","","","","",".0289008",".0086406","3.344768",".0008235",".0300723",".0080954","3.714739",".0002034",".0275741",".0094705","2.91158",".0035961","","","","","","","","",".0333299",".0192164","1.734454",".0828376",".0335116",".0192186","1.743709",".0812098",".029273",".0187614","1.560278",".1186943"
"stateyrv373","","","","","","","","","-.0055068",".0099822","-.5516617",".5811801","-.0033032",".0090489","-.3650425",".7150797","-.0080023",".0113738","-.7035664",".4817028","","","","","","","","","-.0160875",".0237608","-.6770597",".4983681","-.0157934",".02378","-.6641448",".5065977","-.0226542",".0244804","-.9254013",".3547572"
"stateyrv374","","","","","","","","","-.0167775",".0118827","-1.411925",".1579719","-.0175466",".0118274","-1.483554",".1379273","-.0159065",".0120845","-1.316269",".1880838","","","","","","","","","-.0015891",".0221297","-.0718098",".9427533","-.0015331",".0220966","-.0693841",".9446839","-.0028389",".022191","-.1279286",".8982055"
"stateyrv375","","","","","","","","","-.0110911",".0093968","-1.180312",".2378762","-.0116576",".0090287","-1.291171",".1966444","-.0104495",".0100136","-1.043529",".2967033","","","","","","","","",".0354885",".0256787","1.382022",".1669648",".0355231",".025702","1.382112",".1669373",".034717",".0249","1.394256",".1632404"
"stateyrv376","","","","","","","","",".0073979",".0091088",".8121723",".4166928",".0080236",".0086228",".9305112",".3521064",".0066892",".0098501",".6791013",".4970737","","","","","","","","",".0359823",".0262095","1.372871",".1697924",".0360612",".0262017","1.376292",".1687311",".034222",".0257087","1.331142",".1831422"
"stateyrv377","","","","","","","","",".0051062",".0092251",".5535125",".5799125",".0055612",".0088259",".630102",".5286278",".004591",".0099275",".4624479",".6437602","","","","","","","","",".0233224",".0199737","1.167657",".2429451",".0234426",".0199554","1.174752",".2400941",".0206392",".0192092","1.074442",".2826246"
"stateyrv378","","","","","","","","","-.0038329",".0087716","-.4369697",".6621333","-.0052557",".0084826","-.6195879",".5355291","-.0022216",".0093093","-.238647",".8113793","","","","","","","","",".031963",".0201133","1.589143",".1120281",".0319087",".0201788","1.581301",".1138091",".0331748",".019433","1.707138",".0877964"
"stateyrv379","","","","","","","","","-.0185247",".0101039","-1.833411",".0667415","-.0222832",".0103722","-2.148366",".0316847","-.0142682",".0102044","-1.398233",".1620431","","","","","","","","",".0182875",".0209046",".8748065",".3816792",".0180515",".0210683",".8568095",".3915502",".0235548",".020416","1.153747",".2486041"
"stateyrv380","","","","","","","","",".0320287",".0093719","3.417506",".000632",".0301196",".0091492","3.292053",".0009946",".0341907",".0100082","3.416262",".0006349","","","","","","","","",".0234857",".0198429","1.183581",".2365788",".0233884",".019923","1.173941",".2404188",".0256579",".0188352","1.362231",".1731251"
"stateyrv381","","","","","","","","","-.0293461",".0103876","-2.825105",".0047265","-.025656",".0100148","-2.561802",".0104131","-.0335251",".0115325","-2.907017",".0036489","","","","","","","","",".0213953",".0248483",".8610365",".3892179",".0217898",".0247524",".8803111",".3786908",".0125878",".0249539",".5044434",".6139498"
"stateyrv382","","","","","","","","",".0241323",".009392","2.569451",".010186",".0215423",".0094123","2.288741",".0220944",".0270655",".0096918","2.792621",".0052283","","","","","","","","",".0364351",".0224182","1.625249",".1041096",".0362791",".0225917","1.605857",".1083053",".0399192",".0214765","1.858736",".0630645"
"stateyrv383","","","","","","","","",".0218902",".0084628","2.586649",".0096914",".020537",".0082812","2.479965",".0131395",".0234226",".0089664","2.612253",".0089948","","","","","","","","",".0189005",".0202055",".9354139",".3495751",".0188543",".0202379",".9316331",".3515262",".0199321",".0192519","1.035332",".3005138"
"stateyrv384","","","","","","","","",".0061601",".010208",".6034597",".5462029",".0049015",".0098708",".4965628",".6194974",".0075855",".0107473",".705804",".48031","","","","","","","","",".0027607",".0209598",".1317138",".8952106",".0027473",".0209977",".1308373",".8959041",".0030603",".0203274",".1505508",".8803301"
"stateyrv385","","","","","","","","",".0068577",".0100468",".6825777",".4948737",".0044422",".0095261",".466322",".640985",".0095932",".0108028",".8880218",".374529","","","","","","","","",".0186609",".0280447",".6654001",".5057946",".0185207",".028138",".6582093",".5104036",".0217923",".0269611",".808289",".4189242"
"stateyrv386","","","","","","","","",".0049852",".0137436",".3627308",".716806",".005411",".0134297",".4029107",".6870139",".0045031",".0142308",".3164312",".7516752","","","","","","","","",".0333821",".0624975",".5341341",".5932488",".033504",".0625554",".5355892",".5922425",".0306598",".0627067",".4889395",".6248846"
"stateyrv387","","","","","","","","",".0009215",".0095891",".0961034",".9234385",".0031158",".0091609",".3401251",".7337623","-.0015635",".0103899","-.1504782",".8803873","","","","","","","","",".0430143",".0251192","1.71241",".0868212",".0433641",".0250085","1.733974",".0829226",".0352037",".0246301","1.429295",".1529195"
"stateyrv388","","","","","","","","","-.0934501",".0856194","-1.09146",".2750707","-.0913892",".0843968","-1.082852",".2788743","-.0957842",".0878519","-1.090292",".2755847","","","","","","","","","-.0510366",".0360562","-1.415474",".1569297","-.0507701",".0359522","-1.412156",".1579042","-.0569861",".0388068","-1.468456",".1419804"
"stateyrv389","","","","","","","","","-.0110323",".0127435","-.865718",".3866448","-.009585",".0123257","-.7776454",".4367781","-.0126713",".013426","-.9437901",".3452769","","","","","","","","","-.0066026",".0296983","-.2223216",".8240636","-.006395",".0296533","-.2156593",".8292534","-.0112367",".0295581","-.3801576",".7038284"
"stateyrv390","","","","","","","","","-.0052512",".0101846","-.5156024",".6061321","-.0058087",".0098813","-.5878498",".5566331","-.0046198",".0107006","-.4317303",".6659374","","","","","","","","",".0282324",".0330034",".8554374",".3923091",".0282648",".0330283",".8557746",".3921225",".0275081",".0322923",".8518448",".3943002"
"stateyrv391","","","","","","","","",".0265078",".0094236","2.812911",".0049095",".0268017",".0091446","2.93088",".00338",".026175",".0099964","2.618449",".0088331","","","","","","","","",".0366758",".0293303","1.250438",".2111396",".0367963",".0292296","1.25887",".2080771",".0339855",".0296616","1.145771",".2518898"
"stateyrv392","","","","","","","","","-.0051114",".0106829","-.4784613",".6323219","-.006777",".0107384","-.6310947",".5279786","-.0032251",".0109344","-.2949491",".7680328","","","","","","","","","-.0146436",".0300115","-.4879339",".6255967","-.0146926",".0300416","-.4890766",".6247875","-.0135487",".0299336","-.4526241",".6508195"
"stateyrv393","","","","","","","","",".020108",".008466","2.375145",".0175421",".0205572",".0080589","2.550853",".010746",".0195993",".0091295","2.146821",".0318075","","","","","","","","",".0607981",".0313156","1.941463",".0522022",".0609201",".0313172","1.945259",".0517438",".0580757",".0310222","1.87207",".0611969"
"stateyrv394","","","","","","","","",".033526",".0088349","3.794741",".0001478",".033044",".0084192","3.924813",".0000868",".0340718",".0095551","3.565833",".0003627","","","","","","","","",".0845139",".0229601","3.680898",".0002324",".0845387",".0229958","3.676275",".0002367",".0839588",".0226493","3.706905",".0002098"
"stateyrv395","","","","","","","","",".037384",".009165","4.078987",".0000452",".0367504",".0088213","4.166096",".000031",".0381015",".0097827","3.894776",".0000983","","","","","","","","",".0366248",".0420085",".8718437",".3832936",".0366844",".0420099",".8732322",".3825365",".0352949",".0412014",".8566438",".3916418"
"stateyrv396","","","","","","","","","-.0163061",".0158741","-1.027213",".3043203","-.0187193",".0154412","-1.212301",".2253973","-.0135732",".0164315","-.8260452",".4087784","","","","","","","","","-.0138877",".0313213","-.4433928",".6574816","-.0139071",".0313299","-.4438934",".6571196","-.0134528",".0312476","-.4305227",".6668155"
"stateyrv397","","","","","","","","","-.0199006",".0126895","-1.568272",".1168176","-.0189225",".0125084","-1.512778",".1303359","-.0210082",".0130946","-1.604343",".1086385","","","","","","","","",".0288521",".0218605","1.319829",".1868923",".0290281",".0218267","1.329933",".1835402",".0249228",".0212808","1.171139",".2415428"
"stateyrv398","","","","","","","","","-.0163638",".008958","-1.826718",".0677422","-.0154896",".0083219","-1.861307",".0627008","-.0173537",".0099719","-1.740264",".0818126","","","","","","","","",".0170374",".0232047",".7342252",".4628115",".0171172",".0232364",".736653",".4613334",".0152579",".0218741",".6975307",".4854708"
"stateyrv399","","","","","","","","",".0250001",".0149822","1.66865",".0951868",".017425",".0159926","1.089564",".2759053",".0335787",".0170126","1.973758",".0484093","","","","","","","","",".0115143",".0294588",".39086",".6959008",".0108708",".0296563",".366559",".713948",".0258803",".025812","1.002646",".3160315"
"stateyrv400","","","","","","","","","-.0289734",".0088597","-3.270239",".0010746","-.0262971",".0085352","-3.081003",".002063","-.0320042",".0097821","-3.271722",".0010689","","","","","","","","",".0162061",".0215005",".753755",".4509963",".0165239",".0213964",".7722746",".4399518",".0091114",".0209549",".4348091",".663701"
"stateyrv401","","","","","","","","","-.0046529",".0090248","-.5155629",".6061597","-.0038003",".0087115","-.4362413",".6626617","-.0056184",".0096444","-.5825511",".5601955","","","","","","","","",".0441019",".0245833","1.793975",".0728172",".0442148",".0245539","1.800726",".0717461",".0415815",".0243484","1.707771",".0876788"
"stateyrv402","","","","","","","","","-.0019194",".0087109","-.2203449",".8256026","-.0021949",".0084937","-.2584119",".796089","-.0016074",".0091942","-.1748321",".8612116","","","","","","","","",".0332835",".0198638","1.675588",".093819",".0333296",".0198657","1.677744",".093397",".0322539",".0192748","1.67337",".0942546"
"stateyrv403","","","","","","","","","-.0052667",".0102014","-.516273",".6056637","-.0011067",".0100295","-.1103474",".9121338","-.0099779",".0111758","-.8928103",".3719588","","","","","","","","",".0403775",".0349404","1.155611",".2478404",".040832",".0348733","1.170865",".2416531",".0302306",".0350737",".8619182",".3887325"
"stateyrv404","","","","","","","","",".009891",".0087707","1.127732",".2594332",".0078516",".0085787",".9152509",".3600599",".0122006",".0093537","1.304367",".1921084","","","","","","","","",".0414081",".0201227","2.057779",".0396114",".0413044",".0202246","2.04229",".0411228",".0437228",".0192695","2.269018",".0232672"
"stateyrv405","","","","","","","","",".0124263",".0085311","1.456588",".1452302",".0116094",".0083333","1.393129",".1635807",".0133515",".0090089","1.482042",".138329","","","","","","","","",".0618585",".0198779","3.111924",".0018587",".0618682",".0199273","3.104704",".0019047",".061642",".0188359","3.272582",".0010657"
"stateyrv406","","","","","","","","",".0287644",".0109582","2.624922",".0086669",".0260325",".0111401","2.336832",".0194479",".0318583",".0110924","2.87208",".0040778","","","","","","","","",".0287402",".0216155","1.329609",".1836471",".0285632",".0216954","1.316556",".1879876",".0326912",".0208836","1.5654",".1174892"
"stateyrv407","","","","","","","","",".0026993",".0128982",".2092807",".8342291","-.0058399",".0144885","-.4030695",".6868971",".0123699",".0124902",".9903641",".3219962","","","","","","","","",".0316576",".0421588",".7509132",".4527049",".0310762",".0424201",".7325826",".4638131",".0446371",".0425844","1.048204",".2945448"
"stateyrv408","","","","","","","","","-.0190386",".0096452","-1.973901",".048393","-.0160076",".0092916","-1.722799",".0849248","-.0224712",".0104276","-2.154977",".0311637","","","","","","","","",".0280265",".0208099","1.346789",".1780481",".0283834",".0206939","1.371579",".1701946",".0200593",".0200966",".9981431",".31821"
"stateyrv409","","","","","","","","","-.0320336",".0085127","-3.76304",".0001679","-.0307192",".0080399","-3.820839",".000133","-.0335223",".0093437","-3.587673",".0003336","","","","","","","","",".0649838",".0234054","2.776447",".0054957",".0652383",".0233008","2.799833",".0051129",".0593015",".0228233","2.598285",".0093691"
"stateyrv410","","","","","","","","","-.0161309",".0111724","-1.443814",".1487913","-.016717",".0112704","-1.483256",".1380064","-.0154672",".0113969","-1.357142",".1747361","","","","","","","","",".0542199",".0208845","2.596177",".0094267",".0542478",".0209244","2.592561",".0095264",".0535986",".019642","2.728768",".0063571"
"stateyrv411","","","","","","","","","-.0390261",".0088424","-4.413515",".0000102","-.0379533",".0084373","-4.498275","6.85e-06","-.040241",".0095577","-4.210311",".0000255","","","","","","","","",".0269035",".0195482","1.376262",".1687406",".0270774",".0195051","1.388218",".1650708",".0230209",".0186776","1.232539",".217748"
"stateyrv412","","","","","","","","","-.0195596",".0094864","-2.061852",".0392218","-.0192582",".0090692","-2.12347",".0337145","-.0199009",".0101449","-1.961658",".0498023","","","","","","","","",".0340505",".0231681","1.469718",".1416382",".0341875",".0231586","1.476235",".1398807",".0309923",".0223994","1.383624",".1664736"
"stateyrv413","","","","","","","","","-.0185262",".0097145","-1.907075",".0565108","-.0171813",".0089286","-1.924304",".0543164","-.0200493",".0107507","-1.864922",".0621924","","","","","","","","",".0477951",".0197117","2.424705",".0153208",".0479859",".0196527","2.4417",".0146183",".0435354",".0189916","2.292354",".0218852"
"stateyrv414","","","","","","","","","-.014983",".0118817","-1.261016",".207303","-.0203331",".0120607","-1.68589",".0918171","-.008924",".0126154","-.7073895",".4793245","","","","","","","","",".0322869",".0274021","1.178261",".2386924",".0319119",".027576","1.157235",".2471763",".0406588",".0275017","1.478412",".1392975"
"stateyrv415","","","","","","","","","-.0059144",".0092129","-.6419702",".5208925","-.0038998",".0085834","-.4543469",".6495792","-.0081959",".0102814","-.7971639",".4253559","","","","","","","","",".0627307",".0200522","3.128369",".0017578",".062997",".0199941","3.150777",".0016284",".0567852",".0196988","2.882677",".0039431"
"stateyrv416","","","","","","","","","-.006217",".0086863","-.7157286",".474159","-.0056686",".008303","-.6827176",".4947853","-.0068381",".0092911","-.7359832",".4617409","","","","","","","","",".0496202",".0191716","2.588211",".0096476",".0497385",".0191873","2.592263",".0095347",".046978",".0183228","2.563916",".0103499"
"stateyrv417","","","","","","","","","-.0011708",".0093082","-.1257779",".8999077","-.0013347",".0090062","-.1481931",".8821904","-.0009852",".0098687","-.0998275",".9204813","","","","","","","","",".0477408",".0198579","2.404121",".0162114",".047811",".0198727","2.405858",".0161345",".046174",".0189195","2.440556",".0146647"
"stateyrv418","","","","","","","","","-.033027",".0111124","-2.972096",".0029577","-.0342339",".011039","-3.10117",".0019276","-.0316602",".0116855","-2.709369",".0067411","","","","","","","","",".028714",".0294222",".9759304",".329099",".0288309",".0293211",".9832804",".3254695",".0261033",".0310373",".841028",".4003322"
"stateyrv419","","","","","","","","","-.0063889",".010327","-.6186631",".5361383","-.0017366",".0102657","-.169163",".8656684","-.0116576",".0110037","-1.059431",".2894037","","","","","","","","",".0811354",".0216551","3.746717",".0001792",".0816369",".0215906","3.781139",".0001561",".0699387",".0208839","3.348921",".0008113"
"stateyrv420","","","","","","","","",".0157747",".0096541","1.633989",".1022612",".0156366",".0087822","1.780493",".0749953",".0159312",".0109586","1.453763",".1460121","","","","","","","","",".0616142",".0209865","2.935904",".0033258",".0617482",".0209356","2.949427",".0031836",".0586233",".0208203","2.81568",".0048674"
"stateyrv421","","","","","","","","",".0051461",".0095233",".5403704",".5889416",".0035672",".0096319",".3703531",".7111194",".0069341",".0099265",".698548",".4848345","","","","","","","","",".0174847",".0198694",".8799799",".3788702",".0174209",".0199576",".8728989",".3827182",".0189077",".018936",".9985022",".3180359"
"stateyrv422","","","","","","","","","-.0153708",".0087919","-1.748291",".0804137","-.0122193",".0083656","-1.460648",".1441121","-.0189399",".0099115","-1.910908",".0560164","","","","","","","","",".0022981",".0197806",".1161801",".9075098",".0026616",".0196524",".1354314",".8922708","-.0058158",".0192994","-.3013466",".7631502"
"stateyrv423","","","","","","","","","-.0095022",".0098353","-.9661326",".3339778","-.0050629",".0097697","-.518225",".6043013","-.0145297",".0105591","-1.376034",".1688111","","","","","","","","",".0177257",".0275666",".6430132",".5202155",".0182656",".0273968",".6667047",".5049608",".005671",".0266705",".2126335",".8316128"
"stateyrv424","","","","","","","","","-.0027686",".0087355","-.3169351",".7512928",".0002924",".0085374",".0342477",".9726796","-.0062351",".0097046","-.6424922",".5205537","","","","","","","","",".0258032",".0201517","1.280451",".2003866",".0261693",".0200356","1.306143",".1915038",".0176306",".0192496",".9158929",".3597231"
"stateyrv425","","","","","","","","",".0084848",".0157605",".5383579",".59033",".0009212",".016438",".0560433",".9553073",".0170504",".0160045","1.065353",".2867162","","","","","","","","",".0129247",".0261133",".4949452",".6206388",".0122973",".0265191",".4637142",".6428525",".0269317",".0259379","1.038312",".2991247"
"stateyrv426","","","","","","","","",".0133588",".0201838",".6618556",".5080637",".0101823",".0197913",".5144844",".6069134",".016956",".020844",".8134741",".4159463","","","","","","","","",".0498188",".0208466","2.389787",".0168582",".0496103",".0210276","2.359291",".0183099",".0544748",".0204221","2.667446",".007643"
"stateyrv427","","","","","","","","",".0177995",".0084705","2.101352",".0356101",".0179521",".0081106","2.213414",".0268691",".0176266",".0091575","1.924819",".054252","","","","","","","","",".0243283",".0192033","1.266876",".2051997",".024427",".019233","1.270057",".2040644",".0221228",".0182491","1.212268",".2254099"
"stateyrv428","","","","","","","","",".0077575",".0100866",".7690901",".4418398",".0123938",".0097084","1.276611",".2017398",".0025069",".0109973",".2279578",".8196791","","","","","","","","",".0035883",".022463",".1597421",".8730842",".0041071",".022458",".1828793",".8548927","-.0079947",".0221355","-.3611721",".7179708"
"stateyrv429","","","","","","","","",".0107043",".0160673",".6662164",".5052728",".0077465",".0150771",".5137913",".6073979",".0140539",".01728",".8133037",".4160439","","","","","","","","",".0019113",".0211331",".0904402",".9279374",".0018423",".0211252",".0872071",".9305069",".0034521",".0216102",".1597429",".8730836"
"stateyrv430","","","","","","","","","-.0386209",".0120293","-3.210578",".0013247","-.0305047",".0120072","-2.540533",".0110684","-.0478124",".0133915","-3.570344",".0003565","","","","","","","","",".0280857",".0200613","1.399997",".1615143",".0288992",".0200407","1.44202",".1492966",".0099258",".0202762",".4895284",".6244677"
"stateyrv431","","","","","","","","","-.0164615",".0099885","-1.648034",".0993456","-.0083512",".0106824","-.7817659",".4343522","-.0256462",".0109758","-2.336617",".0194591","","","","","","","","",".1217299",".0223281","5.451874","4.98e-08",".1225397",".0222382","5.510333","3.58e-08",".103651",".0215395","4.812145","1.49e-06"
"stateyrv432","","","","","","","","","-.0305341",".0101216","-3.016716",".0025553","-.0234381",".0104945","-2.23337",".0255246","-.0385702",".0105435","-3.658184",".000254","","","","","","","","",".0910769",".019371","4.701711","2.58e-06",".0918056",".0191715","4.788651","1.68e-06",".0748076",".0188829","3.961667",".0000744"
"stateyrv433","","","","","","","","","-.025128",".0091209","-2.754987",".0058694","-.0191979",".0093576","-2.051572",".0402113","-.0318437",".0101183","-3.147138",".0016488","","","","","","","","",".1087377",".0200174","5.432167","5.57e-08",".1093542",".019846","5.510143","3.59e-08",".0949742",".0193889","4.898378","9.66e-07"
"stateyrv434","","","","","","","","","-.0328785",".0114834","-2.863133",".0041947","-.0259977",".0120473","-2.157969",".0309302","-.0406709",".012015","-3.385017",".0007117","","","","","","","","",".148957",".0279403","5.331268","9.75e-08",".1496313",".027791","5.384165","7.28e-08",".1339023",".0271205","4.937316","7.92e-07"
"stateyrv435","","","","","","","","","-.029103",".0119329","-2.438889",".0147325","-.0216936",".0119352","-1.817617",".0691227","-.037494",".0137186","-2.733073",".0062746","","","","","","","","",".0973046",".0203315","4.785911","1.70e-06",".0980744",".0200419","4.893467","9.91e-07",".0801178",".0205938","3.890384",".0001001"
"stateyrv436","","","","","","","","","-.0470846",".0118934","-3.958867",".0000753","-.0421624",".0116597","-3.616093",".0002991","-.0526588",".0129664","-4.061171",".0000488","","","","","","","","",".0964281",".0340858","2.828983",".0046696",".0970125",".0340316","2.85066",".0043629",".0833798",".0339893","2.453121",".0141623"
"stateyrv437","","","","","","","","","-.0480074",".0234249","-2.049421",".040421","-.0343761",".0246283","-1.395798",".1627754","-.0634447",".0240082","-2.64263",".0082265","","","","","","","","",".0726685",".0211458","3.436539",".0005892",".073997",".0211293","3.502101",".0004616",".0430106",".0218887","1.964969",".0494179"
"stateyrv438","","","","","","","","","-.0263676",".0118876","-2.218078",".0265495","-.0156703",".0127993","-1.224308",".2208361","-.0384821",".013005","-2.959023",".0030862","","","","","","","","",".1014309",".0199774","5.077275","3.83e-07",".1024606",".0203872","5.025727","5.02e-07",".0784411",".021553","3.639458",".0002732"
"stateyrv439","","","","","","","","","-.0301204",".0106615","-2.825158",".0047257","-.0218878",".0110374","-1.983048",".0473621","-.0394436",".0117199","-3.365521",".000764","","","","","","","","",".1032228",".0229419","4.499317","6.82e-06",".1040737",".022484","4.62879","3.68e-06",".0842269",".0226856","3.712792",".000205"
"stateyrv440","","","","","","","","","-.0616988",".0133719","-4.614066","3.95e-06","-.0482281",".0158424","-3.044248",".0023326","-.0769542",".0135325","-5.68661","1.30e-08","","","","","","","","",".0904391",".0318307","2.841251",".0044937",".0915146",".0319272","2.866353",".0041523",".0664282",".034619","1.918834",".0550053"
"stateyrv441","","","","","","","","","-.0129105",".0093731","-1.377402",".1683879","-.0104349",".00906","-1.151747",".2494249","-.0157141",".0100585","-1.562258",".1182271","","","","","","","","",".0722993",".021829","3.312077",".0009261",".072606",".021768","3.335454",".0008516",".065451",".0207644","3.152071",".0016212"
"stateyrv442","","","","","","","","","-.0305256",".0098885","-3.086988",".002022","-.0284983",".0093637","-3.043481",".0023386","-.0328213",".0107715","-3.047052",".002311","","","","","","","","",".0366317",".0208972","1.752948",".0796109",".0369209",".0208021","1.774869",".0759195",".0301741",".0204535","1.475253",".1401446"
"stateyrv443","","","","","","","","","-.0297324",".008689","-3.421869",".0006219","-.0290487",".0082497","-3.521203",".0004296","-.0305067",".0093811","-3.251927",".0011463","","","","","","","","",".0315054",".019186","1.642105",".1005682",".031648",".0191547","1.652227",".0984883",".0283216",".0184641","1.53387",".1250618"
"stateyrv444","","","","","","","","","-.0418054",".0086975","-4.806616","1.54e-06","-.0401724",".0082584","-4.864414","1.15e-06","-.0436547",".0095246","-4.583387","4.58e-06","","","","","","","","",".0352514",".0205591","1.714632",".0864127",".0354752",".0204944","1.730967",".0834576",".0302542",".0196981","1.535897",".1245636"
"stateyrv445","","","","","","","","","-.0335134",".0100561","-3.33263",".0008603","-.0327054",".0098402","-3.323647",".0008885","-.0344284",".0105253","-3.271025",".0010716","","","","","","","","",".0608114",".0228237","2.664399",".0077126",".0609864",".0227557","2.680052",".0073611",".0569035",".0225182","2.526996",".0115043"
"stateyrv446","","","","","","","","","-.0357031",".0088506","-4.033978",".0000548","-.0338404",".0081386","-4.158014",".0000321","-.0378126",".0101467","-3.72661",".0001941","","","","","","","","",".0280978",".019455","1.444248",".1486692",".0283718",".0193576","1.465666",".1427393",".0219816",".0193785","1.13433",".2566561"
"stateyrv447","","","","","","","","","-.0112876",".0107836","-1.046732",".2952232","-.0182462",".0116558","-1.565426",".1174829","-.003407",".0112796","-.3020523",".7626122","","","","","","","","",".0575713",".0262498","2.193211",".0282922",".0570602",".0264893","2.154083",".0312337",".0689821",".0269468","2.559933",".0104692"
"stateyrv448","","","","","","","","","-.0311925",".0086494","-3.606309",".0003106","-.033515",".0086099","-3.892602",".0000992","-.0285623",".0090569","-3.153661",".0016124","","","","","","","","",".0444098",".0196574","2.259187",".0238717",".0442798",".0197592","2.240971",".025028",".0473115",".0190832","2.479226",".0131668"
"stateyrv449","","","","","","","","","-.0256937",".0082759","-3.104641",".0019051","-.0265779",".0080509","-3.301223",".0009626","-.0246923",".0087869","-2.810144",".0049519","","","","","","","","",".0419305",".0195533","2.144414",".0319997",".041941",".0195919","2.140738",".0322952",".0416949",".0187168","2.227673",".0259023"
"stateyrv450","","","","","","","","","-.0225195",".0088989","-2.530605",".0113866","-.0195664",".0084494","-2.31571",".0205741","-.0258639",".0097791","-2.644822",".0081734","","","","","","","","",".0444711",".0198582","2.23943",".0251279",".0448384",".0197682","2.268205",".0233167",".0362714",".0191722","1.891867",".0585087"
"stateyrv451","","","","","","","","","-.0262243",".0102187","-2.566318",".0102785","-.0271953",".0101433","-2.681118",".0073377","-.0251248",".0104337","-2.408044",".0160382","","","","","","","","",".0583256",".0366517","1.591347",".1115315",".0583702",".0365871","1.595375",".1106285",".057331",".0376049","1.524563",".1273681"
"stateyrv452","","","","","","","","","-.0037715",".0089989","-.4191089",".6751366","-.0020047",".0085205","-.2352782",".8139928","-.0057724",".0097594","-.59147",".5542055","","","","","","","","","-.0105316",".0214637","-.4906694",".6236603","-.0102882",".0213848","-.4810982",".6304467","-.0159656",".0208853","-.7644426",".4446035"
"stateyrv453","","","","","","","","","-.0076275",".0087778","-.8689605",".3848687","-.0073777",".008367","-.8817612",".377906","-.0079105",".0094913","-.8334553",".404588","","","","","","","","",".0104513",".0228781",".456824",".6477975",".0106478",".0228591",".4658001",".6413586",".0060641",".0218946",".2769688",".781804"
"stateyrv454","","","","","","","","","-.0203263",".0087904","-2.312326",".0207598","-.0177329",".0083414","-2.125901",".0335115","-.0232633",".0095038","-2.447776",".0143741","","","","","","","","",".0009777",".0193895",".0504229",".9597854",".0012932",".0192814",".0670715",".9465248","-.0060675",".0186043","-.3261342",".7443228"
"stateyrv455","","","","","","","","","-.0285034",".0085476","-3.334681",".000854","-.0251497",".0082547","-3.046707",".0023136","-.0323014",".009525","-3.39124",".0006958","","","","","","","","",".0156281",".0194405",".8038916",".4214596",".0160089",".0193176",".8287217",".4072619",".0071268",".0187263",".3805782",".7035163"
"stateyrv456","","","","","","","","","-.0128867",".0106146","-1.214053",".2247276","-.0119677",".0103794","-1.153034",".2488964","-.0139273",".0110844","-1.25648",".208942","","","","","","","","",".0026522",".0228669",".1159833",".9076658",".0028693",".0228223",".125722",".899952","-.0021943",".0219302","-.1000585",".9202979"
"stateyrv457","","","","","","","","","-.0313738",".0098615","-3.181459",".0014654","-.0282476",".0090181","-3.13232",".0017343","-.0349142",".0108913","-3.205707",".0013473","","","","","","","","",".0014011",".0193618",".0723659",".9423107",".0017745",".0192008",".0924187",".9263654","-.0069347",".0189516","-.3659186",".7144258"
"stateyrv458","","","","","","","","","-.0149282",".0117243","-1.273269",".2029227","-.0213684",".012788","-1.670972",".0947273","-.0076348",".0118692","-.6432434",".5200662","","","","","","","","",".013205",".0232907",".5669631",".5707393",".0126814",".0236429",".5363744",".5916998",".0248932",".0220226","1.130345",".2583308"
"stateyrv459","","","","","","","","","-.0289579",".0084624","-3.421939",".0006218","-.0293723",".0081105","-3.621515",".0002929","-.0284886",".0090668","-3.1421",".0016774","","","","","","","","",".0049954",".0192594",".2593739",".7953468",".0050389",".0192896",".2612238",".79392",".004024",".0182531",".2204571",".8255152"
"stateyrv460","","","","","","","","","-.0178901",".0084025","-2.129131",".0332435","-.017101",".007921","-2.158944",".0308545","-.0187836",".009095","-2.065264",".0388981","","","","","","","","","-.0058788",".0190099","-.309248",".7571329","-.0057175",".0189813","-.301217",".7632491","-.0094798",".0181431","-.5224993",".6013227"
"stateyrv461","","","","","","","","","-.0002313",".008687","-.0266252",".9787586",".0020154",".0082948",".2429738",".8080257","-.0027757",".0093987","-.2953253",".7677454","","","","","","","","","-.0064504",".0208357","-.3095838",".7568775","-.0061571",".0208427","-.2954083",".767682","-.0129978",".0202339","-.6423745",".52063"
"stateyrv462","","","","","","","","","0",".",".",".","0",".",".",".","0",".",".",".","","","","","","","","","0",".",".",".","0",".",".",".","0",".",".","."
"_cons",".0787892",".0138613","5.684123","1.31e-08",".0802365",".0104371","7.68762","1.51e-14",".0779946",".0103285","7.551387","4.31e-14",".0768799",".0098706","7.78879","6.66e-15",".079257",".0112178","7.065315","1.60e-12",".0220454",".0252351",".8736021",".382335","-.0395076",".0213413","-1.851221",".0641378","-.0808663",".0192254","-4.20622",".000026","-.0810645",".0191773","-4.227112",".0000237","-.0764408",".0184524","-4.142588",".0000343"
"N","15225","","","","13104","","","","28329","","","","28329","","","","28329","","","","14940","","","","11214","","","","26154","","","","26154","","","","26154","","",""
"r2",".4123579","","","",".3021939","","","",".3875003","","","",".4148552","","","",".3372196","","","",".8021671","","","",".3773121","","","",".6837174","","","",".6843213","","","",".6510216","","",""
"df_m","235","","","","202","","","","433","","","","433","","","","433","","","","268","","","","202","","","","466","","","","466","","","","466","","",""
"df_r","","","","","","","","","","","","","","","","","","","","","","","","","","","","","","","","","","","","","","","",""
"df_b","","","","","","","","","","","","","","","","","","","","","","","","","","","","","","","","","","","","","","","",""
"df","","","","","","","","","","","","","","","","","","","","","","","","","","","","","","","","","","","","","","","",""
