"","est1","","","","est2","","","","est3","","","","est4","","","","est5","","","","est6","","","","est7","","","","est8","","",""
"","b","se","t","p","b","se","t","p","b","se","t","p","b","se","t","p","b","se","t","p","b","se","t","p","b","se","t","p","b","se","t","p"
"D.log_real_earn",".004471",".0137245",".3257707",".7446916","-.2931953",".0690219","-4.24786",".0000216","","","","","","","","","-.0186324",".0115497","-1.613241",".1071993","-.16017",".0786967","-2.035281",".0418226","","","","","","","",""
"msa1990",".0087137",".0015699","5.550574","3.99e-08",".0102115",".0018498","5.520265","3.38e-08",".0082339",".001534","5.367667","1.07e-07",".0131614",".0023125","5.691422","1.26e-08",".0056589",".0019689","2.874142",".0041897",".0063233",".001928","3.279717",".0010391",".0055756",".0019538","2.853662",".0044657",".0078179",".0021401","3.653076",".0002591"
"log_pop","-.0013262",".0006055","-2.19037",".0288143","-.0010641",".0006854","-1.552433",".1205586","-.0012666",".0005586","-2.267542",".0236498","-.0018123",".0007916","-2.289358",".0220586",".0056241",".0004443","12.65688","7.84e-33",".0057425",".0004579","12.53971","0",".005608",".0004468","12.5502","2.30e-32",".0053636",".0004781","11.21759","0"
"D.log_pop",".3187645",".0361993","8.805816","9.43e-18",".4859347",".0756484","6.423597","1.33e-10",".2736194",".0558481","4.899346","1.19e-06",".7411194",".1282963","5.776623","7.62e-09",".5427602",".1301049","4.171712",".0000345",".6258326",".123126","5.082863","3.72e-07",".5322346",".1357772","3.919913",".0000984",".7540825",".1493758","5.048225","4.46e-07"
"manufact_earn_share_1969","-.0033696",".0059874","-.562793",".5737494","-.0049939",".0067282","-.7422269",".4579499","-.0034293",".0057507","-.5963245",".5511441","-.0030835",".0079253","-.3890664",".6972271",".0017484",".0059555",".2935793",".7691773",".0001883",".0063027",".0298837",".9761598",".0019521",".0059395",".3286682",".7425171",".0010507",".0064021",".1641176",".8696386"
"stateyrv1","0",".",".",".","0",".",".",".","0",".",".",".","0",".",".",".",".2316436",".0031782","72.88423","7.7e-307",".0045745",".0190296",".2403878",".8100297",".2314454",".0031955","72.42951","2.5e-305",".0041713",".0194224",".2147683",".8299479"
"stateyrv2","0",".",".",".","0",".",".",".","0",".",".",".","0",".",".",".",".0641686",".0033337","19.24824","4.02e-65","-.1684859",".0189604","-8.886206","0",".0646835",".0032065","20.17286","5.25e-70","-.1745252",".0197382","-8.841994","0"
"stateyrv3","0",".",".",".","0",".",".",".","0",".",".",".","0",".",".",".",".2160831",".0033482","64.53736","8.0e-278","-.0173612",".018869","-.9200882",".3575266",".2167031",".0032871","65.92611","7.6e-283","-.0218972",".0193893","-1.129346",".2587521"
"stateyrv4","0",".",".",".","0",".",".",".","0",".",".",".","0",".",".",".",".4258893",".0037026","115.0242","0",".1949196",".0189322","10.29566","0",".4261985",".0037263","114.3745","0",".1956861",".0193104","10.13371","0"
"stateyrv5","0",".",".",".","0",".",".",".","0",".",".",".","0",".",".",".",".2693099",".0035413","76.04818","3.6e-317",".0401119",".0190304","2.10778",".0350501",".2693859",".0034767","77.48392","9.9e-322",".0388823",".01924","2.020916",".0432885"
"stateyrv6","0",".",".",".","0",".",".",".","0",".",".",".","0",".",".",".",".2984708",".0039079","76.3754","3.3e-318",".0674189",".0187604","3.593673",".000326",".2987858",".0040442","73.88018","4.0e-310",".065558",".0189422","3.460958",".0005383"
"stateyrv7","0",".",".",".","0",".",".",".","0",".",".",".","0",".",".",".",".2853281",".0043961","64.9053","3.7e-279",".0488988",".0190802","2.562798",".0103832",".2863678",".00476","60.16093","1.8e-261",".0621961",".0194659","3.195141",".0013976"
"stateyrv8","0",".",".",".","0",".",".",".","0",".",".",".","0",".",".",".",".1922499",".0061665","31.17661","3.2e-129","-.0382086",".0195751","-1.9519",".0509501",".1924864",".0061473","31.31212","6.2e-130","-.040987",".0197363","-2.076735",".037826"
"stateyrv9","0",".",".",".","0",".",".",".","0",".",".",".","0",".",".",".",".241002",".0044107","54.64018","1.3e-239",".0095822",".0191453",".5004981",".6167244",".2413605",".0042802","56.39064","1.1e-246",".0054838",".0194999",".2812218",".7785403"
"stateyrv10","0",".",".",".","0",".",".",".","0",".",".",".","0",".",".",".",".2794088",".0027306","102.3251","0",".0498579",".0187771","2.655251",".0079249",".279534",".0027545","101.4815","0",".0505296",".0189559","2.665644",".0076841"
"stateyrv11","0",".",".",".","0",".",".",".","0",".",".",".","0",".",".",".","0",".",".",".","-.2286804",".0182384","-12.53838","0","0",".",".",".","-.2347516",".0192691","-12.1828","0"
"stateyrv12","-.0775716",".0250828","-3.092617",".0020599",".1086518",".0141571","7.674695","1.67e-14","-.0769414",".0248445","-3.096922",".0020306",".1018386",".0158298","6.433361","1.25e-10",".2063597",".0095554","21.59607","1.31e-77","-.0178379",".0215244","-.8287291",".4072577",".2057831",".009544","21.5615","2.01e-77","-.0216665",".0216776","-.9994873",".3175587"
"stateyrv13","-.1036224",".0258793","-4.004059",".0000687",".0769161",".0131706","5.839993","5.22e-09","-.1020106",".0258768","-3.942165",".0000886",".0663023",".0134014","4.947435","7.52e-07",".0124115",".0519665",".238836",".8113114","-.2146402",".0558965","-3.839957",".0001231",".0122021",".0517686",".2357049",".8137393","-.2198108",".0573523","-3.832641",".0001268"
"stateyrv14","-.0780402",".0260563","-2.99506",".0028371",".0980477",".0145566","6.7356","1.63e-11","-.0761299",".0256558","-2.96736",".0031023",".0885992",".0152359","5.815152","6.06e-09",".2120016",".0038277","55.38682","1.2e-242","-.0169115",".0190963","-.8855906",".3758382",".212034",".0037497","56.54746","2.5e-247","-.0217336",".0194182","-1.11924",".2630378"
"stateyrv15","-.0846716",".0240437","-3.521575",".0004558",".0940382",".0101376","9.276138","0","-.083477",".0239313","-3.488199",".0005156",".0886601",".0099602","8.901466","0",".3670556",".0050639","72.48435","1.6e-305",".1394091",".0193593","7.201127","5.97e-13",".3669278",".0050496","72.66453","4.1e-306",".1366301",".0194115","7.038608","1.94e-12"
"stateyrv16","-.081258",".0280457","-2.897345",".0038765",".0881427",".0180769","4.87599","1.08e-06","-.0799923",".0278379","-2.8735",".0041779",".0900748",".0192616","4.676385","2.92e-06",".2548225",".0166102","15.34135","2.75e-45",".0231333",".0250295",".9242416",".3553605",".2552256",".0165509","15.42062","1.13e-45",".0242491",".0246961",".9819004",".3261489"
"stateyrv17","-.0455253",".029953","-1.519888",".1289738",".131108",".0197538","6.637096","3.20e-11","-.0454387",".0300113","-1.514054",".1304467",".1372608",".0184893","7.423788","1.14e-13",".2123652",".0088319","24.0453","7.70e-91","-.0163882",".0207732","-.7889115",".4301637",".2123917",".0087353","24.31407","2.69e-92","-.0132265",".0211869","-.6242756",".5324466"
"stateyrv18","-.1269797",".0269551","-4.710783","2.96e-06",".0690582",".0171958","4.016",".0000592","-.1246353",".0269419","-4.626077","4.41e-06",".0387753",".0159774","2.426879",".0152293",".3048541",".01585","19.2337","4.79e-65",".0856561",".0252849","3.387635",".000705",".3036064",".0157867","19.23183","4.90e-65",".0691475",".0243972","2.83424",".0045935"
"stateyrv19","-.1015083",".0245425","-4.136027",".0000395",".0710064",".0104341","6.805199","1.01e-11","-.0994285",".024557","-4.048884",".000057",".0631117",".0102254","6.172046","6.74e-10",".1834406",".0047723","38.43837","1.9e-166","-.0472096",".0191735","-2.462234",".0138075",".1836998",".0047456","38.70933","8.6e-168","-.0511261",".0194896","-2.623254",".0087094"
"stateyrv20","-.0742333",".0240735","-3.083617",".0021224",".0974879",".0097073","10.04277","0","-.0722318",".0240198","-3.007172",".0027278",".0909585",".009961","9.131496","0",".1184644",".0042976","27.56534","6.6e-110","-.1123835",".0190622","-5.895633","3.73e-09",".1187502",".0042178","28.15447","4.4e-113","-.115718",".0192606","-6.008006","1.88e-09"
"stateyrv21","-.0642673",".0277385","-2.316898",".0207863",".112708",".0182452","6.177406","6.52e-10","-.0625808",".0277527","-2.254941",".0244337",".1044743",".0160104","6.525402","6.78e-11",".189418",".017124","11.06154","4.35e-26","-.0391585",".0250267","-1.564671",".1176601",".189408",".0171573","11.03949","5.34e-26","-.0433842",".0246545","-1.759687",".0784609"
"stateyrv22","-.1269591",".0335419","-3.785093",".0001663",".0539636",".0188049","2.869651",".0041093","-.1266643",".0336221","-3.76729",".0001784",".0546252",".0183362","2.979089",".0028911",".1536985",".019628","7.830581","2.10e-14","-.0737121",".0323048","-2.28177",".0225029",".1535471",".0195476","7.855041","1.76e-14","-.0727191",".0330085","-2.203043",".0275917"
"stateyrv23",".0249639",".0280247",".8907807",".3733415",".2183145",".0200321","10.89823","0",".0231798",".0276802",".8374149",".4026346",".2266935",".0227641","9.958368","0",".2705741",".0154553","17.50689","4.31e-56",".0496875",".0243283","2.042374",".0411144",".2695824",".0154808","17.41393","1.28e-55",".0533471",".0240819","2.215236",".0267439"
"stateyrv24",".0238296",".0254525",".9362363",".3494624",".217604",".0141655","15.3615","0",".0242374",".0253358",".9566431",".3390654",".206312",".014279","14.44859","0",".1799818",".0116453","15.45528","7.68e-46","-.0410948",".0225163","-1.825117",".0679834",".1789992",".0117015","15.29713","4.51e-45","-.0458645",".0224641","-2.041684",".0411829"
"stateyrv25",".0378762",".0259718","1.458357",".1451741",".2219218",".0154386","14.37444","0",".0383559",".0257827","1.487661",".1372739",".2182913",".0149255","14.62536","0",".1588078",".0046897","33.86284","2.8e-143","-.0663107",".0196435","-3.375699",".0007363",".1583537",".0045476","34.82131","3.2e-148","-.0683814",".0196697","-3.476489",".000508"
"stateyrv26",".0328387",".024199","1.357024",".1751947",".2282331",".0119854","19.04256","0",".032896",".0240957","1.365225",".1726047",".218647",".0109901","19.89488","0",".3143547",".0071573","43.92084","8.8e-193",".094648",".0210213","4.502479","6.72e-06",".3131932",".0071416","43.85483","1.8e-192",".0891857",".0204881","4.353044",".0000134"
"stateyrv27",".0323907",".0272361","1.189258",".2347264",".2362345",".0181634","13.00605","0",".0322768",".0271988","1.1867",".2357338",".2209529",".0161559","13.67628","0",".2074783",".0168379","12.3221","2.26e-31","-.0088616",".0259865","-.341008",".7330976",".2058778",".0168997","12.18234","9.08e-31","-.0158751",".0256768","-.6182657",".5364002"
"stateyrv28",".0319773",".0259181","1.233781",".2176833",".2197612",".0143432","15.32164","0",".0309907",".0258472","1.198997",".2309199",".2258615",".0147007","15.36394","0",".1910263",".0150867","12.66188","7.45e-33","-.0325062",".0242074","-1.34282",".1793302",".1903754",".0151758","12.54468","2.43e-32","-.029889",".0239672","-1.247075",".2123699"
"stateyrv29",".0420431",".0260416","1.614459",".1068619",".2546909",".0182435","13.96065","0",".0439589",".0261009","1.684191",".092574",".2140214",".0135064","15.84595","0",".2083412",".0134164","15.5289","3.36e-46","-.0042923",".0254023","-.1689743",".8658168",".206234",".0132274","15.59144","1.66e-46","-.0256503",".0231063","-1.110101",".2669555"
"stateyrv30",".0165066",".0237511",".6949815",".487289",".2023751",".0098753","20.49303","0",".0159579",".0236181",".6756664",".4994673",".20625",".0101982","20.22417","0",".1680783",".0052887","31.78065","2.1e-132","-.0562033",".0196445","-2.861023",".0042228",".1675228",".0053948","31.05293","1.5e-128","-.0544695",".0199513","-2.730121",".0063311"
"stateyrv31",".0300555",".0242297","1.240441",".2152124",".2152451",".0107153","20.08758","0",".0302487",".0240881","1.25575",".2096099",".213164",".0111496","19.11852","0",".0383743",".0135035","2.841805",".0046329","-.1861822",".0231326","-8.048471","8.88e-16",".0378487",".0136449","2.77384",".0057061","-.187556",".0232598","-8.063531","6.66e-16"
"stateyrv32",".0401846",".024283","1.654843",".0983879",".2265583",".0117229","19.32609","0",".0395657",".0241495","1.638365",".1017783",".2306217",".0111955","20.59945","0",".2350228",".0429","5.47839","6.24e-08",".0110237",".0472166",".2334711",".8153956",".2344324",".0427584","5.48272","6.10e-08",".013654",".0462409",".2952801",".76778"
"stateyrv33","0",".",".",".",".1932387",".0261834","7.380191","1.58e-13","0",".",".",".",".185996",".0262888","7.075112","1.49e-12",".1837613",".0124447","14.76625","1.61e-42","-.0377556",".022307","-1.692548",".0905416",".1828381",".0126782","14.4215","6.95e-41","-.0411561",".022325","-1.843501",".0652559"
"stateyrv34","-.2000159",".025436","-7.863496","1.35e-14","-.0143639",".0134548","-1.067569",".2857148","-.202503",".0253256","-7.995992","5.06e-15",".0067726",".0150568",".4498032",".6528524",".0132622",".0108947","1.217311",".2239474","-.2110989",".0218837","-9.646387","0",".0127335",".0108372","1.174977",".2404535","-.2004456",".0230037","-8.713629","0"
"stateyrv35","-.2005482",".0254176","-7.890131","1.11e-14","-.0095034",".0139113","-.6831399",".4945184","-.2011723",".0252022","-7.982333","5.60e-15","-.0093776",".0156454","-.599384",".5489169",".2043999",".0147331","13.8735","2.52e-38","-.0188547",".0239683","-.7866512",".4314861",".2037124",".0148035","13.7611","8.33e-38","-.0165275",".0246641","-.6701046",".5027911"
"stateyrv36","-.1960184",".0250097","-7.837699","1.63e-14","-.0112699",".0131298","-.8583465",".3907012","-.1966345",".0249929","-7.867612","1.31e-14","-.0058459",".0130564","-.4477416",".6543397",".1276027",".0051137","24.95307","9.18e-96","-.0971568",".019886","-4.885699","1.03e-06",".1271107",".004918","25.84585","1.3e-100","-.0945762",".0199624","-4.737726","2.16e-06"
"stateyrv37","-.1917153",".024013","-7.983827","5.54e-15","-.0024891",".0110224","-.2258173",".8213435","-.1916292",".023908","-8.015276","4.38e-15","-.0070685",".0101354","-.6974031",".4855506",".1422806",".010353","13.7429","1.01e-37","-.0803581",".0218665","-3.67494",".0002379",".1415041",".0103168","13.71596","1.34e-37","-.0830517",".0216156","-3.842215",".0001219"
"stateyrv38","-.1797397",".024967","-7.199104","1.52e-12",".0106722",".0132838",".8033999",".4217436","-.1801479",".0248406","-7.252144","1.05e-12",".0094358",".0130254",".7244172",".4688096",".2404107",".0111333","21.59379","1.35e-77",".0165596",".0219651",".7539037",".450907",".2397983",".0111956","21.41907","1.17e-76",".0176839",".0222677",".7941513",".4271073"
"stateyrv39","-.1753674",".0245231","-7.151109","2.10e-12",".004883",".0108209",".4512584",".6518033","-.1755695",".0244291","-7.186905","1.65e-12",".0104956",".0104153","1.007707",".313595",".2213055",".0121214","18.25747","5.92e-60","-.0056815",".0229352","-.2477208",".8043504",".2211026",".0120552","18.34085","2.19e-60","-.0028658",".0230774","-.1241808",".9011721"
"stateyrv40","-.2178825",".0264745","-8.229893","8.66e-16",".0360932",".0278064","1.298018",".1942812","-.2177877",".0264455","-8.235344","8.30e-16","-.0237721",".0156284","-1.521083",".1282389",".1714871",".0113709","15.08116","4.98e-44","-.0212253",".0304353","-.6973902",".4855587",".166779",".0108114","15.42618","1.06e-45","-.0534591",".0223385","-2.393137",".016705"
"stateyrv41","-.2028589",".0240026","-8.451539","1.56e-16","-.0141097",".0106141","-1.329331",".1837387","-.2021873",".0239308","-8.448839","1.60e-16","-.0234411",".0100774","-2.326104",".020013",".0057942",".0044631","1.298244",".1946847","-.2171133",".0196564","-11.04541","0",".005048",".0045229","1.116106",".2648077","-.2222625",".0197169","-11.2727","0"
"stateyrv42","-.1930572",".0237142","-8.140993","1.70e-15","-.0087724",".0094985","-.9235563",".3557174","-.1936142",".0235496","-8.221534","9.23e-16","-.0034736",".0103022","-.3371687",".7359897",".0889298",".0063385","14.03018","4.73e-39","-.1361444",".0199358","-6.829149","8.54e-12",".0884785",".0065564","13.49491","1.38e-36","-.133591",".020314","-6.576301","4.82e-11"
"stateyrv43","-.1939874",".0254616","-7.618814","7.99e-14","-.0144782",".0131082","-1.104514",".2693701","-.1946123",".025221","-7.716288","3.96e-14","-.0045089",".0154997","-.2909004",".7711275",".204668",".0201548","10.15478","1.61e-22","-.0221193",".0267233","-.8277155",".4078316",".204444",".0203266","10.05793","3.75e-22","-.0166692",".0267508","-.6231305",".5331988"
"stateyrv44","-.2337224",".0370042","-6.31611","4.67e-10","-.0399534",".0218497","-1.828552",".0674668","-.2344277",".0369006","-6.352944","3.72e-10","-.0414352",".0212136","-1.953242",".0507909",".2640254",".0117981","22.37863","8.01e-82",".0447171",".0258579","1.729338",".0837487",".2628226",".0120126","21.87887","3.95e-79",".0448284",".0264301","1.696115",".0898642"
"stateyrv45","-.1168664",".0249935","-4.675878","3.49e-06",".0495982",".0113691","4.362551",".0000129","-.1166801",".0248565","-4.694145","3.20e-06",".0635434",".0122742","5.176993","2.25e-07",".4360448",".0251113","17.36451","2.29e-55",".202619",".0311754","6.499331","8.07e-11",".4366844",".0252256","17.31115","4.29e-55",".2099599",".0323465","6.490969","8.53e-11"
"stateyrv46","-.144765",".0252481","-5.733693","1.44e-08",".0094211",".0126686",".7436545",".4570855","-.145243",".0249697","-5.816762","8.99e-09",".0396882",".012723","3.119413",".0018121",".5709411",".0652718","8.747133","2.04e-17",".3336334",".066892","4.987642","6.11e-07",".5720968",".0655165","8.732102","2.30e-17",".3481232",".0667652","5.214143","1.85e-07"
"stateyrv47","-.1268789",".0243064","-5.219974","2.34e-07",".0417421",".0106802","3.908367",".0000929","-.1268142",".0241482","-5.251495","1.98e-07",".0549199",".0112917","4.863761","1.15e-06",".5030877",".0111942","44.94192","1.7e-197",".2706554",".0217123","12.46554","0",".5035981",".0112231","44.87175","3.5e-197",".2777264",".0219646","12.64428","0"
"stateyrv48","-.1498519",".0241436","-6.206688","9.09e-10",".0016485",".0102742",".1604467",".8725292","-.1484758",".0239388","-6.202304","9.33e-10",".0178708",".0095845","1.864557",".0622435",".6885191",".0178174","38.64303","1.8e-167",".4479641",".0261087","17.15764","0",".6900857",".0177816","38.80887","2.8e-168",".4571657",".0253755","18.01603","0"
"stateyrv49","-.1312235",".0263729","-4.975702","8.12e-07",".0256952",".0145199","1.769653",".076785","-.1313803",".0261884","-5.016735","6.61e-07",".0508021",".0141243","3.596791",".0003222",".5733588",".0548356","10.45596","1.11e-23",".3360208",".0572638","5.867948","4.41e-09",".5745145",".0548597","10.47244","9.54e-24",".3483626",".0582981","5.975539","2.29e-09"
"stateyrv50","-.1320795",".0246558","-5.356927","1.14e-07",".0306046",".0111976","2.733137",".0062734","-.1319248",".0244935","-5.386107","9.73e-08",".0480513",".0116017","4.141764",".0000345",".7435763",".0586724","12.67335","6.63e-33",".5080849",".0611571","8.307859","0",".7444873",".0586197","12.70029","5.05e-33",".5175283",".0629601","8.219943","2.22e-16"
"stateyrv51","-.1323537",".0274403","-4.823335","1.72e-06","-.0016933",".0194057","-.0872561",".930468","-.1326822",".0270902","-4.8978","1.20e-06",".0473149",".0162765","2.906943",".0036498",".3214836",".0388276","8.279765","7.56e-16",".0712293",".0450612","1.580723",".1139414",".3243387",".0387402","8.372158","3.75e-16",".0977063",".0424047","2.304138",".0212149"
"stateyrv52","-.1342754",".0243469","-5.51509","4.85e-08",".0266507",".0107396","2.481543",".0130815","-.133865",".0241448","-5.544261","4.13e-08",".0433439",".0099756","4.345008",".0000139",".5563841",".0235212","23.65463","1.01e-88",".3202451",".0302096","10.60078","0",".5573785",".0234683","23.75031","3.06e-89",".3293553",".0305009","10.79821","0"
"stateyrv53","-.1062365",".023915","-4.442244",".0000103",".0574027",".0100985","5.684274","1.31e-08","-.1061401",".0237212","-4.474481","8.89e-06",".0745487",".0096865","7.696119","1.40e-14",".6482264",".0157892","41.05499","3.2e-179",".4137271",".0235538","17.56516","0",".6490078",".0156565","41.45304","3.9e-181",".4226119",".0241874","17.47241","0"
"stateyrv54","-.1211376",".0272532","-4.444899",".0000102",".0423144",".0167367","2.528243",".0114635","-.1211227",".0270541","-4.477059","8.78e-06",".0603389",".0160626","3.756486",".0001723",".3978395",".0872428","4.56014","6.16e-06",".1626963",".0881685","1.845288",".0649957",".3987058",".0872899","4.567606","5.95e-06",".1723652",".0873395","1.973508",".0484377"
"stateyrv55","-.1506782",".0293005","-5.14251","3.49e-07",".0274124",".0231584","1.183691",".2365356","-.152344",".0292037","-5.216596","2.38e-07",".0477608",".0219845","2.172471",".0298201",".4036758",".0865328","4.665003","3.78e-06",".1765509",".0875922","2.0156",".0438418",".4034921",".0866632","4.655862","3.95e-06",".1801622",".0883038","2.040255",".0413249"
"stateyrv56","-.113143",".0255164","-4.43412",".0000107",".0541552",".0150153","3.606668",".0003102","-.1119226",".0251966","-4.441964",".0000103",".0582792",".0192505","3.027416",".0024665",".2203359",".0065616","33.57941","8.3e-142","-.012906",".0193779","-.6660159",".5054009",".2209425",".0067062","32.94617","1.6e-138","-.0104759",".0194521","-.5385473",".5901992"
"stateyrv57","-.1610549",".0247004","-6.520341","1.31e-10",".0018358",".0113065",".1623659",".8710177","-.1596556",".0245149","-6.512587","1.38e-10",".008142",".0117301",".6941098",".4876134",".2431144",".0076752","31.67521","7.5e-132",".0092134",".0200556",".4593908",".6459536",".2438066",".0077017","31.65633","9.5e-132",".011703",".0201378",".5811475",".5611411"
"stateyrv58","-.1450813",".0240854","-6.023614","2.71e-09",".0206042",".0100041","2.059574",".0394393","-.144258",".0238789","-6.041234","2.44e-09",".0296015",".011081","2.671377",".0075541",".2431346",".0097395","24.96369","8.04e-96",".0092755",".0209108",".4435755",".6573495",".243826",".0096521","25.26151","1.95e-97",".0142681",".0210531",".6777182",".4979504"
"stateyrv59","-.1153792",".0242301","-4.761818","2.32e-06",".0340189",".0109774","3.099",".0019418","-.1108184",".024324","-4.555925","6.12e-06",".0239769",".0120151","1.995556",".0459823",".214839",".0040004","53.70442","9.4e-236","-.0267038",".0197737","-1.35047",".1768653",".2165087",".0039336","55.04051","3.1e-241","-.0309449",".0207587","-1.490693",".1360421"
"stateyrv60","-.1672818",".0250383","-6.681041","4.72e-11","-.0081151",".012391","-.654917",".5125212","-.1647459",".0249387","-6.606027","7.63e-11","-.0086476",".0126653","-.6827752",".4947489",".220838",".0132775","16.63249","1.16e-51","-.0154765",".0230012","-.6728585",".5010373",".2218384",".0132531","16.73856","3.39e-52","-.0153668",".0235209","-.6533251",".5135467"
"stateyrv61","-.1222712",".0255713","-4.781586","2.11e-06",".0475383",".0113447","4.190364",".0000279","-.1206527",".0255599","-4.72038","2.82e-06",".046013",".0121139","3.798369",".0001457",".2729765",".0100464","27.17171","8.8e-108",".0408509",".021295","1.918332",".0550689",".273433",".0099594","27.45488","2.6e-109",".040269",".020827","1.933496",".0531752"
"stateyrv62","-.175516",".0269397","-6.51515","1.36e-10","-.0274806",".0186811","-1.471036",".1412815","-.1748659",".026662","-6.558632","1.03e-10","-.001907",".0162486","-.1173657",".9065703",".2607916",".007165","36.39791","3.0e-156",".0192634",".0206095",".9346867",".3499498",".2624917",".0072701","36.10556","9.1e-155",".0325096",".0200197","1.623879",".1044016"
"stateyrv63","-.1276428",".0241382","-5.288001","1.64e-07",".0375077",".0094387","3.973807",".0000707","-.1260127",".0240273","-5.244555","2.06e-07",".0398534",".0092228","4.321196",".0000155",".2352066",".0037383","62.91829","7.2e-272",".0010755",".0189679",".0567021",".9547825",".2359269",".0037304","63.24495","4.4e-273",".0026706",".0191742",".1392821",".8892272"
"stateyrv64","-.1462252",".0243662","-6.001154","3.09e-09",".0235339",".0093773","2.509671",".0120844","-.1445716",".0243258","-5.943148","4.34e-09",".021743",".0092046","2.3622",".0181669",".2904482",".0080972","35.87","1.4e-153",".0581631",".0201431","2.887496",".0038832",".2909258",".0079987","36.37182","4.1e-156",".0578723",".0204047","2.836223",".0045651"
"stateyrv65","-.1296232",".0241228","-5.373471","1.04e-07",".0340842",".0094033","3.624698",".0002893","-.1272588",".0240892","-5.282823","1.68e-07",".0311918",".0093347","3.341497",".0008333",".1618207",".0166521","9.717746","7.07e-21","-.072761",".0249736","-2.913521",".0035738",".1625932",".0166257","9.779638","4.17e-21","-.0745181",".0250839","-2.97075",".0029707"
"stateyrv66","-.1841247",".0320707","-5.741218","1.38e-08","-.0140647",".0274189","-.5129569",".6079815","-.183748",".0321353","-5.717942","1.57e-08","-.0048631",".0290457","-.1674302",".8670315",".1787058",".0122655","14.5698","1.38e-41","-.0547139",".0211421","-2.587916",".0096558",".1793379",".0123605","14.50899","2.69e-41","-.0509618",".0204731","-2.489215",".0128025"
"stateyrv67","-.1063858",".0251795","-4.225091",".0000269",".073137",".0125891","5.80953","6.26e-09","-.1069026",".0249827","-4.279059",".0000213",".0821415",".0141781","5.79357","6.89e-09",".233987",".0147054","15.9116","4.46e-48",".0066387",".0238443",".2784172",".7806921",".2338338",".0148843","15.71012","4.36e-47",".0110666",".0246274",".4493631",".6531697"
"stateyrv68","-.1345286",".0248862","-5.405758","8.76e-08",".0419138",".012459","3.364134",".0007678","-.1345341",".024667","-5.454001","6.76e-08",".0490405",".0132504","3.70107",".0002147",".2390627",".0068331","34.98597","4.6e-149",".0115936",".0200336",".5787059",".5627876",".2389221",".0067088","35.61339","2.9e-152",".014362",".0204718",".7015488",".4829606"
"stateyrv69","-.1422633",".024499","-5.806902","9.51e-09",".0483838",".0126275","3.831617",".0001273","-.1422016",".0244017","-5.827532","8.45e-09",".0428066",".0115583","3.703539",".0002126",".2328031",".0054886","42.41579","1.0e-185",".0108168",".0201096",".5378935",".5906506",".231941",".0054612","42.47103","5.6e-186",".007532",".0197435",".3814927",".7028377"
"stateyrv70","-.1402672",".0237014","-5.918102","5.02e-09",".0547654",".0111497","4.911842","9.02e-07","-.1402073",".0235918","-5.943052","4.34e-09",".0454651",".0100943","4.504054","6.67e-06",".2135785",".006052","35.29077","1.3e-150","-.0062782",".0205342","-.3057437",".7597998",".2124368",".0060418","35.16112","5.8e-150","-.0115715",".0199066","-.5812899",".5610451"
"stateyrv71","-.1825402",".0248822","-7.336169","5.88e-13","-.009634",".0134742","-.7149991",".4746096","-.1832958",".0246892","-7.424117","3.18e-13",".0071175",".0134258",".5301343",".5960188",".2648437",".0134641","19.6704","2.40e-67",".0363272",".0228385","1.590607",".111698",".2648479",".0135432","19.55586","9.66e-67",".0440262",".0236638","1.860487",".0628166"
"stateyrv72","-.1366316",".0253765","-5.384167","9.83e-08",".0444918",".0131345","3.387416",".0007055","-.136628",".0251762","-5.426865","7.82e-08",".0475479",".013908","3.418758",".0006291",".2263978",".00782","28.95119","2.3e-117","-.0003509",".0202644","-.0173146",".9861856",".2261614",".0079024","28.61931","1.4e-115",".0011257",".0203642",".0552782",".9559169"
"stateyrv73","-.217261",".0260615","-8.336465","3.82e-16","-.0813928",".0180969","-4.497615","6.87e-06","-.2180788",".0257182","-8.479542","1.26e-16","-.0325137",".0138266","-2.351538",".018696",".1668563",".0143678","11.61324","2.34e-28","-.0807",".0264302","-3.053326",".0022632",".1693609",".0141682","11.95362","8.63e-30","-.0547064",".0235866","-2.319387",".0203741"
"stateyrv74","-.1569484",".0245569","-6.391217","2.94e-10",".0221434",".0108479","2.041254",".0412256","-.1563832",".0244868","-6.386437","3.03e-10",".0219836",".0099879","2.201029",".0277339",".2008964",".0082817","24.25786","5.42e-92","-.0266208",".0203096","-1.310753",".1899413",".2007566",".0082881","24.2222","8.46e-92","-.0267599",".0200662","-1.333578",".1823422"
"stateyrv75","-.1529613",".0238641","-6.409675","2.62e-10",".0341854",".0101006","3.384471",".0007132","-.1528941",".0237406","-6.440194","2.17e-10",".0315452",".0094132","3.351177",".0008047",".2201797",".0036035","61.10178","4.7e-265","-.0031983",".0195181","-.163864",".8698382",".2195005",".0037043","59.25604","5.5e-258","-.0050529",".0193322","-.2613721",".7938056"
"stateyrv76","-.1479169",".0257154","-5.752068","1.30e-08",".0379709",".0131107","2.896171",".0037775","-.147853",".0256265","-5.769544","1.18e-08",".0364325",".0129835","2.806061",".0050151",".1901904",".0070959","26.80272","8.7e-106","-.0341776",".0203092","-1.682859",".0924024",".1896417",".0071201","26.63481","7.1e-105","-.0348513",".0203188","-1.715225",".0863039"
"stateyrv77","-.2046819",".0352207","-5.811413","9.27e-09","-.0274924",".0197971","-1.38871",".164921","-.2051801",".0349098","-5.877437","6.35e-09","-.0166614",".0211257","-.78868",".4302991",".2241565",".0233597","9.595868","1.99e-20","-.0044661",".0346261","-.1289798",".8973737",".2241681",".0233682","9.592862","2.04e-20","-.0001657",".0350598","-.0047261",".9962292"
"stateyrv78","-.1329376",".0262272","-5.068695","5.09e-07",".0464208",".014176","3.274592",".0010581","-.1337963",".026143","-5.117861","3.96e-07",".0585783",".0147002","3.984859",".0000675",".1979231",".0114675","17.25955","7.85e-55","-.0294091",".0217189","-1.354078",".1757115",".197771",".011474","17.23645","1.03e-54","-.023237",".0220373","-1.05444",".2916817"
"stateyrv79","-.1692212",".024075","-7.028929","4.80e-12",".0029392",".0108372",".2712122",".7862278","-.1694132",".0238841","-7.093151","3.11e-12",".0153607",".011438","1.34296",".1792849",".2098831",".0148815","14.1036","2.15e-39","-.0192776",".0244514","-.7884042",".4304603",".2099664",".0146348","14.34705","1.56e-40","-.0139679",".0247999","-.5632245",".573282"
"stateyrv80","-.1712086",".0243972","-7.01756","5.18e-12",".0083445",".011225",".7433835",".4572495","-.1707968",".024196","-7.058874","3.93e-12",".0091432",".0125336",".7294947",".4656991",".2099097",".0083046","25.27644","1.62e-97","-.0173508",".0202834","-.8554185",".3923195",".2097376",".0083571","25.09687","1.52e-96","-.0170084",".0206604","-.8232398",".4103716"
"stateyrv81","-.1800357",".0239433","-7.519242","1.63e-13",".0001698",".0097605",".0173942",".9861221","-.179676",".0238181","-7.543677","1.37e-13",".0008714",".009506",".0916661",".9269633",".1948381",".0026303","74.07524","9.1e-311","-.0320665",".0189271","-1.694206",".0902262",".1946198",".0026698","72.89741","6.9e-307","-.0317489",".0190366","-1.667783",".0953588"
"stateyrv82","-.1732107",".0249089","-6.953776","7.93e-12","-.0064236",".0126799","-.5065961",".6124383","-.1732028",".0246813","-7.017563","5.18e-12",".008818",".0129795",".6793812",".4968963",".2170877",".0089389","24.28574","3.82e-92","-.0142068",".0211602","-.6713921",".5019707",".2174499",".0087864","24.7484","1.18e-94","-.0074947",".021526","-.3481714",".7277115"
"stateyrv83","-.1794519",".0239686","-7.486968","2.04e-13",".001538",".0096473",".1594262",".8733331","-.1801671",".0238025","-7.569249","1.14e-13",".0110406",".0103363","1.068145",".2854551",".2008713",".0057547","34.90535","1.2e-148","-.0257826",".0197164","-1.307671",".1909849",".2006286",".0057786","34.71942","1.1e-147","-.0210794",".020133","-1.047011",".2950947"
"stateyrv84","-.1784395",".0254199","-7.019674","5.11e-12","-.0301451",".0141318","-2.133133",".0329138","-.177645",".0251764","-7.056011","4.00e-12","-.0060649",".0129505","-.4683158",".6395588",".2034007",".008017","25.37114","4.96e-98","-.0383758",".0214259","-1.791093",".0732784",".2051326",".0078553","26.1138","4.7e-102","-.0253644",".0202406","-1.253147",".2101523"
"stateyrv85","-.1866478",".0238679","-7.820031","1.86e-14","-.007824",".0101469","-.7710777",".4406609","-.1870351",".0236949","-7.893486","1.08e-14",".0006368",".0103586",".0614771",".9509792",".171889",".0046904","36.64677","1.7e-157","-.0557442",".019364","-2.878755",".0039925",".1717725",".0047573","36.10729","8.9e-155","-.0514321",".0197324","-2.606482",".0091478"
"stateyrv86","-.16453",".0236408","-6.959564","7.63e-12",".01378",".0088874","1.5505",".1210216","-.1651698",".0234651","-7.038967","4.49e-12",".0249029",".0091994","2.707005",".0067893",".1987555",".0067366","29.50384","2.5e-120","-.0290439",".0199076","-1.458934",".1445834",".1986629",".0071265","27.87656","1.4e-111","-.0234478",".0203369","-1.152964",".248925"
"stateyrv87","-.1983975",".0243037","-8.163262","1.44e-15","-.0171366",".0105105","-1.630431",".1030104","-.1987156",".02416","-8.224989","8.99e-16","-.0113641",".01073","-1.059091",".2895584",".1347515",".0149532","9.011555","2.48e-18","-.0917686",".0238505","-3.847664",".0001192",".1344882",".0149918","8.970792","3.44e-18","-.0889091",".024275","-3.662574",".0002497"
"stateyrv88","-.2063083",".0199443","-10.3442","1.72e-23","-.0131671",".0208432","-.6317243",".527567","-.2081754",".0201214","-10.34596","1.70e-23","-.0038783",".0210069","-.1846222",".8535254",".1631879",".0185409","8.801529","1.33e-17","-.0599978",".0264827","-2.265548",".0234791",".1624941",".0188433","8.623425","5.39e-17","-.0562798",".0270046","-2.084083",".0371526"
"stateyrv89","-.2017649",".0248683","-8.11335","2.10e-15","-.0168835",".012135","-1.391307",".1641323","-.2033453",".024815","-8.194458","1.13e-15","-.0030774",".0120879","-.2545848",".7990438",".2140255",".0116731","18.33501","2.35e-60","-.0107684",".0223083","-.4827107",".6293012",".2135457",".0115814","18.43871","6.80e-61","-.0040055",".0231172","-.1732687",".8624402"
"stateyrv90","-.2145682",".0243032","-8.82879","7.83e-18","-.0399099",".0106813","-3.736426",".0001867","-.2149934",".0241347","-8.908063","4.12e-18","-.0275638",".0112943","-2.440503",".0146668",".2039632",".0129723","15.723","3.77e-47","-.0245135",".0230539","-1.063313",".2876399",".20396",".0127788","15.96082","2.55e-48","-.018063",".0236889","-.7625117",".4457547"
"stateyrv91","-.2336586",".0243267","-9.60501","1.20e-20","-.0484585",".0118794","-4.079197",".0000452","-.2348069",".0242537","-9.681278","6.23e-21","-.0387309",".0135982","-2.848226",".0043964",".2007473",".0083344","24.08652","4.60e-91","-.0238214",".0205182","-1.160991",".2456457",".2002346",".0084724","23.63371","1.31e-88","-.0190571",".0211604","-.9006026",".3677997"
"stateyrv92","-.2090539",".0238871","-8.75176","1.46e-17","-.0349104",".0093444","-3.735981",".000187","-.2085102",".0237629","-8.774592","1.21e-17","-.030662",".0095749","-3.202323",".0013632",".1941224",".002629","73.83981","5.4e-310","-.0356617",".0187707","-1.899853",".0574524",".1942809",".0026727","72.69161","3.3e-306","-.0333284",".0191159","-1.743491",".081248"
"stateyrv93","-.2046222",".0245561","-8.332861","3.93e-16","-.0078555",".0145134","-.5412584",".5883295","-.2053019",".0244509","-8.396493","2.40e-16","-.0121189",".0125962","-.9621085",".3359951",".1751613",".0091365","19.17157","1.02e-64","-.0454724",".0213985","-2.125032",".033584",".1741296",".0092105","18.9055","2.51e-63","-.0457042",".0217444","-2.101883",".0355635"
"stateyrv94","-.226128",".0252724","-8.94764","2.99e-18","-.0433377",".0122744","-3.530733",".0004144","-.2269924",".0252506","-8.989579","2.12e-18","-.0340566",".0115716","-2.943124",".0032492",".2064865",".0048999","42.14065","2.1e-184","-.0192919",".0194229","-.9932546",".3205859",".2061304",".0049714","41.46289","3.5e-181","-.0145741",".0199142","-.731845",".4642632"
"stateyrv95","-.2163123",".0250587","-8.632236","3.78e-17",".0135526",".0209089",".6481704",".5168747","-.2165464",".0250237","-8.653648","3.19e-17","-.0228573",".0131226","-1.741828",".0815385",".1676554",".0074153","22.60932","4.56e-83","-.0357313",".0247467","-1.443885",".1487712",".1643523",".0075992","21.6277","8.85e-78","-.0560231",".0204263","-2.742695",".0060937"
"stateyrv96","-.249532",".0237074","-10.52547","3.28e-24","-.0683448",".0091666","-7.455879","8.93e-14","-.250357",".0235724","-10.62077","1.36e-24","-.0580443",".0101138","-5.739097","9.52e-09",".1763792",".0043461","40.58355","6.0e-177","-.050135",".0193187","-2.595147",".0094551",".1761193",".004469","39.4088","3.1e-171","-.0449531",".0200301","-2.244279",".0248144"
"stateyrv97","-.2170874",".0237035","-9.158444","5.26e-19","-.0331357",".0092967","-3.564253",".0003649","-.2180382",".0235501","-9.258482","2.28e-19","-.024083",".0095633","-2.518273",".0117932",".2099863",".0066028","31.80238","1.6e-132","-.0150605",".0200792","-.7500528",".4532229",".2095348",".0069947","29.9563","9.8e-123","-.0106935",".0206493","-.5178617",".6045547"
"stateyrv98","-.2411312",".0248468","-9.704731","5.08e-21","-.0600986",".0126483","-4.751507","2.02e-06","-.2419713",".0246353","-9.822139","1.82e-21","-.0495323",".0134813","-3.674147",".0002386",".1432393",".014025","10.21314","9.60e-23","-.0826972",".0234241","-3.530438",".0004149",".1429055",".0140608","10.16339","1.49e-22","-.0770272",".024056","-3.201995",".0013648"
"stateyrv99","-.2092288",".0329198","-6.355706","3.66e-10","-.013028",".030637","-.4252374",".6706636","-.2108355",".0332349","-6.343799","3.94e-10","-.0086411",".0286421","-.3016919",".762887",".1303047",".0193255","6.742619","3.56e-11","-.0891403",".0285991","-3.116894",".0018277",".1291275",".0194858","6.626762","7.44e-11","-.0847713",".029353","-2.887994",".0038771"
"stateyrv100","-.2697885",".025276","-10.6737","8.30e-25","-.0982327",".0121779","-8.066478","6.66e-16","-.2705489",".0251291","-10.76637","3.50e-25","-.0802889",".0130201","-6.166544","6.98e-10",".1699719",".0119484","14.22554","5.80e-40","-.061281",".0222156","-2.758461",".0058074",".1703338",".0118245","14.40519","8.30e-41","-.0518634",".0232081","-2.234711",".0254363"
"stateyrv101","-.2358566",".0239376","-9.852985","1.39e-21","-.0614701",".0094968","-6.472746","9.62e-11","-.2360707",".0237891","-9.923472","7.49e-22","-.0507525",".0099881","-5.081282","3.75e-07",".1984326",".0122155","16.2443","1.00e-49","-.0325868",".0221384","-1.471957",".1410325",".1987603",".0121276","16.38909","1.91e-50","-.0252747",".0227676","-1.110118",".2669481"
"stateyrv102","-.2614916",".0238695","-10.95507","5.91e-26","-.0910159",".0100184","-9.08489","0","-.2607249",".0236844","-11.00828","3.56e-26","-.0856039",".0107789","-7.941822","2.00e-15",".1792178",".0077818","23.03045","2.41e-85","-.0523587",".0199777","-2.620852",".008771",".1796098",".0078966","22.74534","8.39e-84","-.0493593",".0204185","-2.417377",".0156328"
"stateyrv103","-.234685",".0237661","-9.874776","1.15e-21","-.0643318",".0088473","-7.271352","3.56e-13","-.2332656",".0236482","-9.863979","1.26e-21","-.0645658",".0089741","-7.194677","6.26e-13",".1955766",".002531","77.27393","4.5e-321","-.035997",".0187481","-1.920041",".0548527",".1959629",".0024996","78.39727","0","-.0358446",".0189558","-1.890959",".0586298"
"stateyrv104","-.2597827",".0249994","-10.39154","1.12e-23","-.1109246",".0132661","-8.361505","0","-.2589306",".0247855","-10.44685","6.75e-24","-.0878334",".0108979","-8.059671","6.66e-16",".1886845",".0087449","21.57644","1.67e-77","-.0514586",".0212958","-2.416376",".0156759",".1902005",".0086619","21.95832","1.47e-79","-.0407658",".0203746","-2.000812",".0454127"
"stateyrv105","-.2523639",".0247646","-10.19052","6.92e-23","-.0876899",".0106626","-8.224078","2.22e-16","-.2525102",".0245096","-10.30248","2.52e-23","-.0692876",".0116898","-5.927181","3.08e-09",".1967928",".0052736","37.31632","7.2e-161","-.037704",".0194137","-1.942138",".0521204",".1975754",".0052516","37.62179","2.1e-162","-.0280542",".0197703","-1.419007",".155897"
"stateyrv106","-.2424937",".0267274","-9.072835","1.07e-18","-.1079243",".0188547","-5.723999","1.04e-08","-.2425741",".0263983","-9.18899","4.08e-19","-.064434",".0149535","-4.308975",".0000164",".1490288",".0081864","18.20447","1.11e-59","-.1000164",".0232839","-4.295519",".0000174",".1517226",".0079019","19.20069","7.14e-65","-.0760538",".0201008","-3.783624",".0001546"
"stateyrv107","-.2798888",".0239009","-11.7104","3.88e-29","-.1005426",".0103435","-9.72033","0","-.2795971",".023767","-11.76407","2.27e-29","-.0985102",".0099085","-9.941959","0",".2446726",".0056135","43.58681","3.2e-191",".0172734",".0195036",".885655",".3758035",".2445197",".0056713","43.11545","5.1e-189",".0182521",".0199742",".9137875",".3608285"
"stateyrv108","-.2721751",".0237933","-11.43914","5.60e-28","-.1013672",".0085721","-11.82526","0","-.272118",".0236051","-11.52794","2.35e-28","-.0899873",".0088611","-10.15537","0",".1764976",".0070161","25.15598","7.29e-97","-.0550815",".0198739","-2.771549",".005579",".1768958",".0073495","24.06905","5.72e-91","-.0489289",".0204174","-2.39643",".0165557"
"stateyrv109","-.2599457",".0248749","-10.45011","6.55e-24","-.0942952",".0113553","-8.304065","0","-.2593158",".0246824","-10.5061","3.92e-24","-.0835642",".0116109","-7.197063","6.15e-13",".1612683",".0155677","10.35913","2.63e-23","-.0726628",".0238342","-3.048674",".0022985",".1619712",".0155715","10.40176","1.80e-23","-.0664454",".0246303","-2.697712",".0069818"
"stateyrv110","-.2582396",".0352017","-7.336008","5.89e-13","-.0797459",".0181628","-4.39062",".0000113","-.2588656",".0353769","-7.317367","6.71e-13","-.0689015",".0181768","-3.790628",".0001503",".1323228",".0175544","7.537858","1.70e-13","-.0973892",".0272404","-3.575169",".00035",".1324774",".0176061","7.524501","1.86e-13","-.0921442",".0271623","-3.392349",".000693"
"stateyrv111","-.2329097",".0241509","-9.643938","8.60e-21","-.0717756",".0098423","-7.292578","3.04e-13","-.2329239",".0239272","-9.734675","3.92e-21","-.0515191",".0100209","-5.141144","2.73e-07",".2993399",".0108983","27.46668","2.3e-109",".0632922",".0216863","2.91853",".0035169",".3003256",".0108332","27.72262","9.4e-111",".0741383",".0217236","3.412807",".000643"
"stateyrv112","-.2231646",".0245114","-9.104516","8.23e-19","-.0825751",".0122937","-6.716865","1.86e-11","-.2217994",".0242291","-9.154257","5.45e-19","-.0569529",".0104369","-5.456895","4.85e-08",".2053322",".011721","17.51834","3.76e-56","-.039226",".0234772","-1.670812",".0947588",".2074233",".0114914","18.05038","6.97e-59","-.0268032",".0220063","-1.217977",".2232326"
"stateyrv113","-.2130309",".0237725","-8.961214","2.67e-18","-.0553279",".0095987","-5.764109","8.21e-09","-.2127989",".0235834","-9.023244","1.61e-18","-.0343148",".0104029","-3.298586",".0009717",".2066912",".0072955","28.33133","4.9e-114","-.0309724",".0204456","-1.51487",".1298052",".2078873",".0073442","28.30638","6.7e-114","-.0195548",".0204108","-.9580639",".3380305"
"stateyrv114","-.1969881",".0239741","-8.216691","9.57e-16","-.0642705",".0120865","-5.317541","1.05e-07","-.1950887",".0236984","-8.232149","8.51e-16","-.0366435",".0090377","-4.054521",".0000502",".2199246",".0028749","76.49707","1.3e-318","-.0295404",".0212477","-1.390283",".164443",".2226574",".0024681","90.21253","0","-.0138734",".0191818","-.7232619",".469519"
"stateyrv115","-.2013318",".0251511","-8.00488","4.73e-15","-.0549597",".012423","-4.424016","9.69e-06","-.1989628",".0250377","-7.946541","7.31e-15","-.0431121",".0118314","-3.643872",".0002686",".2076329",".0092887","22.35337","1.10e-81","-.0358184",".0216144","-1.657156",".0974879",".2095702",".0093277","22.46762","2.65e-82","-.0291061",".0211606","-1.375487",".1689806"
"stateyrv116","-.2113042",".0248191","-8.513789","9.61e-17","-.0598985",".0114506","-5.231022","1.69e-07","-.2091291",".0246815","-8.473113","1.32e-16","-.0506352",".012077","-4.192695",".0000276",".2259516",".0055654","40.59907","5.0e-177","-.0147798",".0198322","-.7452435",".4561246",".2275344",".0055594","40.92776","1.3e-178","-.0092146",".0195871","-.4704417",".6380395"
"stateyrv117","-.2327386",".0279197","-8.336013","3.83e-16","-.1783936",".037441","-4.764657","1.89e-06","-.2322727",".0266762","-8.707118","2.08e-17","-.0713125",".0174222","-4.093199",".0000425",".2777441",".0099407","27.9401","6.3e-112","-.0074726",".0392705","-.1902847",".8490861",".2851836",".0081474","35.00289","3.8e-149",".048776",".0207938","2.345695",".0189916"
"stateyrv118","-.2473444",".023909","-10.34526","1.71e-23","-.0876747",".0099932","-8.773466","0","-.2475498",".0236524","-10.46617","5.65e-24","-.0644854",".009729","-6.628169","3.40e-11",".1807237",".0049124","36.78938","3.2e-158","-.0560462",".0195126","-2.872308",".0040749",".1818059",".0048712","37.32296","6.7e-161","-.0435752",".0195803","-2.225463",".0260502"
"stateyrv119","-.2375892",".0240305","-9.886968","1.03e-21","-.0792728",".0093269","-8.499353","0","-.237076",".0237699","-9.973773","4.80e-22","-.0612596",".0093989","-6.51774","7.14e-11",".2017807",".0066881","30.17021","7.1e-124","-.0356414",".0201266","-1.77086",".0765839",".2029425",".0069826","29.06417","5.7e-118","-.0258508",".0201701","-1.28164",".1999689"
"stateyrv120","-.2344845",".0242063","-9.68692","5.93e-21","-.0844561",".0111209","-7.594373","3.09e-14","-.2318753",".0240978","-9.622266","1.04e-20","-.0778415",".0110585","-7.039046","1.94e-12",".1967192",".0156859","12.54112","2.52e-32","-.045195",".0250357","-1.805226",".0710394",".1984519",".0154941","12.8082","1.68e-33","-.0413909",".0250234","-1.654087",".0981098"
"stateyrv121","-.2543295",".0338669","-7.509682","1.74e-13","-.0920705",".0186473","-4.937476","7.91e-07","-.2537202",".0338407","-7.497492","1.90e-13","-.0782661",".0195129","-4.010989",".0000605",".1675399",".0205419","8.156022","1.92e-15","-.0686916",".0293808","-2.337974",".0193886",".1685436",".0204293","8.250111","9.46e-16","-.0609703",".0298658","-2.041477",".0412034"
"stateyrv122","0",".",".",".","0",".",".",".","0",".",".",".","0",".",".",".",".2300273",".0100555","22.87576","1.66e-84","-.0003365",".0204838","-.0164275",".9868934",".2302661",".0101805","22.61838","4.07e-83",".0047942",".0206584",".23207",".8164836"
"stateyrv123","0",".",".",".","0",".",".",".","0",".",".",".","0",".",".",".",".2529047",".0110625","22.86152","1.98e-84",".0202752",".0213449",".949887",".3421697",".2534262",".0110846","22.86291","1.94e-84",".0195725",".0219004",".8937046",".37148"
"stateyrv124","0",".",".",".","0",".",".",".","0",".",".",".","0",".",".",".",".223566",".0072825","30.69901","1.1e-126","-.0061527",".019775","-.3111327",".7556997",".2237185",".0074012","30.22732","3.5e-124","-.0024765",".0200701","-.1233936",".9017954"
"stateyrv125","0",".",".",".","0",".",".",".","0",".",".",".","0",".",".",".",".2468091",".0024609","100.2936","0",".0134255",".0187215",".7171155",".4733028",".2474236",".0024058","102.8454","0",".010205",".0191001",".5342919",".5931396"
"stateyrv126","0",".",".",".","0",".",".",".","0",".",".",".","0",".",".",".",".2762351",".0083672","33.01396","7.2e-139",".0403856",".0199931","2.019982",".0433853",".2771774",".0085351","32.47515","4.7e-136",".0416467",".0200704","2.075025",".0379843"
"stateyrv127","0",".",".",".","0",".",".",".","0",".",".",".","0",".",".",".",".2320973",".0052261","44.41088","4.7e-195","-.0016892",".0191766","-.0880877",".929807",".2327777",".0052853","44.04208","2.4e-193",".0024337",".0192157",".1266517",".8992161"
"stateyrv128","0",".",".",".","0",".",".",".","0",".",".",".","0",".",".",".",".2807854",".0076754","36.58251","3.5e-157",".0814655",".0264096","3.084692",".0020376",".2769223",".0079936","34.64282","2.7e-147",".0432418",".0200224","2.159673",".030798"
"stateyrv129","0",".",".",".","0",".",".",".","0",".",".",".","0",".",".",".",".180372",".0045354","39.77","5.3e-173","-.0474039",".0191972","-2.469309",".0135374",".1802769",".0046611","38.67674","1.2e-167","-.0415007",".0196661","-2.110264",".0348356"
"stateyrv130","0",".",".",".","0",".",".",".","0",".",".",".","0",".",".",".",".2251185",".0062104","36.24889","1.7e-155","-.0027167",".019726","-.1377218",".8904603",".2250291",".0065823","34.18695","5.9e-145",".0021511",".0203474",".1057166",".9158072"
"stateyrv131","0",".",".",".","0",".",".",".","0",".",".",".","0",".",".",".",".2399941",".0155879","15.39613","1.49e-45",".004948",".0240909",".2053881",".8372689",".2408274",".0155509","15.48643","5.42e-46",".0035457",".0243436",".1456517",".8841963"
"stateyrv132","0",".",".",".","0",".",".",".","0",".",".",".","0",".",".",".",".2340847",".0159484","14.67759","4.26e-42","-.0044009",".0259918","-.1693192",".8655456",".2353748",".0159249","14.78034","1.38e-42",".0002248",".0258683",".0086917",".9930651"
"stateyrv133","0",".",".",".","0",".",".",".","0",".",".",".","0",".",".",".",".2491457",".0067573","36.8707","1.2e-158",".0160439",".0198432",".8085346",".4187829",".2497333",".0066908","37.32495","6.5e-161",".0179553",".0202825",".8852614",".3760157"
"stateyrv134","0",".",".",".","0",".",".",".","0",".",".",".","0",".",".",".",".2562021",".0148054","17.30468","4.63e-55",".0191219",".0243247",".7861107",".4318026",".2572971",".0147557","17.4371","9.78e-56",".0167259",".0257302",".6500496",".5156602"
"stateyrv135","0",".",".",".","0",".",".",".","0",".",".",".","0",".",".",".",".197393",".0027727","71.19191","3.6e-301","-.0403224",".0191076","-2.110278",".0348344",".1985734",".0027134","73.18178","7.9e-308","-.041077",".0194968","-2.106861",".0351296"
"stateyrv136","0",".",".",".","0",".",".",".","0",".",".",".","0",".",".",".",".2476777",".0029128","85.03121","0",".0094381",".0191041",".4940353",".6212812",".2489165",".0029391","84.69066","0",".0035673",".0201607",".176945",".8595516"
"stateyrv137","0",".",".",".","0",".",".",".","0",".",".",".","0",".",".",".",".2420451",".0194979","12.41388","9.05e-32",".0015594",".0271893",".0573545",".9542628",".2435867",".0194679","12.51222","3.37e-32",".0020839",".0272513",".0764692",".9390458"
"stateyrv138","0",".",".",".","0",".",".",".","0",".",".",".","0",".",".",".",".2155178",".0166431","12.94936","3.97e-34","-.022101",".0275691","-.8016586",".4227505",".216687",".0162975","13.29575","1.11e-35","-.0221309",".0287572","-.7695767",".441551"
"stateyrv139","0",".",".",".","0",".",".",".","0",".",".",".","0",".",".",".",".2230606",".0126604","17.61877","1.15e-56","-.0127844",".0229181","-.5578295",".5769608",".2239996",".0126389","17.72305","3.37e-57","-.0129905",".02301","-.5645577",".5723746"
"stateyrv140","0",".",".",".","0",".",".",".","0",".",".",".","0",".",".",".",".1596698",".0043907","36.36578","4.4e-156","-.0724266",".0191602","-3.780047",".0001568",".1601253",".004276","37.44755","1.6e-161","-.0715089",".0194699","-3.672782",".0002399"
"stateyrv141","0",".",".",".","0",".",".",".","0",".",".",".","0",".",".",".",".1982864",".0039733","49.90452","1.2e-219","-.037129",".019086","-1.945354",".0517323",".1991711",".0038107","52.26597","9.5e-230","-.0366506",".0193264","-1.8964",".0579071"
"stateyrv142","0",".",".",".","0",".",".",".","0",".",".",".","0",".",".",".",".2498625",".0075213","33.22059","6.0e-140",".013534",".0202948",".6668702",".5048551",".2508669",".0073818","33.98429","6.6e-144",".0148264",".020395",".726964",".467248"
"stateyrv143","0",".",".",".","0",".",".",".","0",".",".",".","0",".",".",".",".2128279",".0134194","15.85969","8.03e-48","-.0305773",".0238055","-1.284461",".1989806",".2147477",".0134898","15.91922","4.09e-48","-.0300854",".0234398","-1.28352",".1993101"
"stateyrv144","-.2314766",".0244791","-9.45611","4.31e-20","-.0588462",".010835","-5.431109","5.60e-08","-.2297153",".0243822","-9.421427","5.78e-20","-.0640341",".0118671","-5.395931","6.82e-08",".2700553",".0097981","27.56201","6.9e-110",".0396547",".0211391","1.875891",".0606703",".2702849",".0097684","27.66923","1.8e-110",".037195",".0217277","1.711867",".0869211"
"stateyrv145","-.2314028",".0240279","-9.630591","9.65e-21","-.0661389",".0099451","-6.650398","2.92e-11","-.2300674",".0238836","-9.63287","9.46e-21","-.0612935",".0096648","-6.341912","2.27e-10",".3307299",".0089589","36.91639","7.3e-159",".096957",".0210263","4.611231","4.00e-06",".3314051",".0087865","37.7176","7.1e-163",".0992868",".02099","4.730203","2.24e-06"
"stateyrv146","-.2553183",".0237665","-10.7428","4.36e-25","-.0953794",".0087569","-10.89192","0","-.2517379",".0236516","-10.64359","1.10e-24","-.1057721",".0090918","-11.63377","0",".2402449",".0038396","62.56951","1.4e-270",".0036812",".0191378",".1923538",".847465",".2412686",".0038094","63.33516","2.0e-273","-.00111",".0198643","-.0558799",".9554375"
"stateyrv147","-.2304368",".0239362","-9.627124","9.94e-21","-.0659019",".0098006","-6.724272","1.76e-11","-.2291104",".0237387","-9.651355","8.07e-21","-.0603558",".0115911","-5.20708","1.92e-07",".2711494",".0034992","77.48942","9.4e-322",".0368231",".0188845","1.949914",".0511864",".2718982",".0035622","76.32849","4.6e-318",".040139",".0190406","2.108074",".0350246"
"stateyrv148","-.2069919",".0250833","-8.252172","7.30e-16","-.0361162",".0120653","-2.993404",".0027588","-.2060909",".0249234","-8.268982","6.42e-16","-.0322293",".0131184","-2.456797",".0140182",".3107649",".0126247","24.61556","6.22e-94",".0796227",".0226525","3.514957",".0004398",".3110992",".0125585","24.77206","8.81e-95",".0818586",".0230699","3.548289",".0003877"
"stateyrv149","-.2509807",".0242886","-10.33325","1.90e-23","-.0792041",".0115894","-6.834169","8.25e-12","-.2493599",".0242157","-10.29744","2.64e-23","-.0824263",".0135282","-6.09292","1.11e-09",".2739748",".006458","42.42394","9.4e-186",".0428708",".0198671","2.157884",".0309368",".2742973",".0064297","42.66109","7.1e-187",".041388",".0202587","2.042974",".041055"
"stateyrv150","-.2221488",".025211","-8.811577","9.00e-18","-.0580037",".01413","-4.104997",".0000404","-.2205474",".0250842","-8.792277","1.05e-17","-.0545473",".0138729","-3.931935",".0000843",".276452",".0127823","21.62766","8.85e-78",".0422579",".0231747","1.823445",".068236",".2771821",".0126918","21.83941","6.44e-79",".0447519",".0231206","1.935582",".0529189"
"stateyrv151","-.2900808",".0245953","-11.79417","1.68e-29","-.1390997",".0112233","-12.39379","0","-.2856887",".0248147","-11.51289","2.72e-28","-.1490043",".0111111","-13.41036","0",".192438",".005004","38.45694","1.5e-166","-.0484728",".0198729","-2.439141",".0147222",".1940258",".0049631","39.09397","1.1e-169","-.052767",".0208252","-2.533802",".0112833"
"stateyrv152","-.2826911",".0237611","-11.89724","6.01e-30","-.1170576",".0088978","-13.15581","0","-.2792477",".0238848","-11.69142","4.68e-29","-.1310984",".0104156","-12.58672","0",".2497065",".003998","62.45708","3.7e-270",".0156879",".0188384",".8327584",".404981",".250397",".0041592","60.20326","1.2e-261",".0090154",".0195431",".4613083",".6445774"
"stateyrv153","-.2512703",".0274851","-9.142039","6.03e-19","-.0799807",".0173769","-4.602702","4.17e-06","-.2494943",".0274328","-9.094742","8.92e-19","-.0841545",".0165328","-5.090166","3.58e-07",".2868749",".0087254","32.87802","3.7e-138",".0556063",".0204158","2.723691",".0064557",".2872178",".0087508","32.82183","7.3e-138",".0536669",".020842","2.574937",".0100258"
"stateyrv154","-.170168",".0309686","-5.49486","5.41e-08","-.028178",".016984","-1.659089",".0970978","-.1646726",".0313937","-5.245397","2.05e-07","-.0401369",".0161197","-2.489933",".0127767",".3311201",".0218337","15.16552","1.95e-44",".0869485",".0306415","2.837609",".0045453",".3331235",".0217156","15.34026","2.78e-45",".0789572",".0335283","2.354941",".0185257"
"stateyrv155","-.2197323",".024691","-8.899291","4.42e-18","-.0393556",".0119954","-3.280892",".0010348","-.2210265",".0245682","-8.996437","2.00e-18","-.02423",".0127874","-1.894836",".0581141",".3151886",".0192473","16.37571","2.23e-50",".0883086",".0270231","3.267893",".0010835",".3149804",".0191947","16.40972","1.51e-50",".0958059",".0277297","3.45499",".0005503"
"stateyrv156","-.23152",".0239158","-9.680621","6.26e-21","-.0473939",".0101423","-4.672892","2.97e-06","-.2314953",".0237835","-9.733449","3.96e-21","-.0470849",".0102582","-4.590001","4.43e-06",".3359548",".009613","34.94791","7.2e-149",".1101473",".0209964","5.24602","1.55e-07",".3355963",".0096649","34.72339","1.0e-147",".111504",".0210329","5.301414","1.15e-07"
"stateyrv157","-.2320237",".0240947","-9.629643","9.73e-21","-.0585536",".0098305","-5.956304","2.58e-09","-.2315141",".0239741","-9.656862","7.69e-21","-.0534301",".0099332","-5.378946","7.49e-08",".2871468",".0036474","78.72572","0",".0570479",".018846","3.027055",".0024695",".2873469",".0037506","76.61366","5.7e-319",".0598367",".0190308","3.144195",".0016654"
"stateyrv158","-.2277791",".023725","-9.600789","1.25e-20","-.0388243",".0108582","-3.575593",".0003494","-.2275093",".0235962","-9.641776","8.76e-21","-.0447914",".0100622","-4.451466","8.53e-06",".3023254",".0035178","85.94204","0",".0796113",".0193784","4.108258",".0000399",".3015575",".0036545","82.51563","0",".0762401",".0191473","3.981768",".0000684"
"stateyrv159","-.2293092",".0244813","-9.366721","9.19e-20","-.0618257",".0116011","-5.329303","9.86e-08","-.2288864",".024256","-9.436279","5.10e-20","-.0508327",".0125104","-4.063221",".0000484",".3346232",".0110732","30.21915","3.9e-124",".1020846",".0212807","4.79705","1.61e-06",".3351441",".011165","30.01746","4.6e-123",".1074457",".0214138","5.017601","5.23e-07"
"stateyrv160","-.2104456",".0243834","-8.630684","3.82e-17","-.032195",".0110166","-2.922398",".0034735","-.2104701",".0241894","-8.700913","2.19e-17","-.0264423",".0129331","-2.044542",".0409",".3041492",".005816","52.29522","7.2e-230",".0762069",".0193948","3.929249",".0000852",".3040699",".0059046","51.49682","1.7e-226",".0789809",".0197961","3.989715",".0000662"
"stateyrv161","-.213982",".0266143","-8.040122","3.64e-15","-.0286102",".0155424","-1.840783",".0656534","-.211792",".0265162","-7.987255","5.40e-15","-.0484385",".0169397","-2.859466",".0042435",".2114491",".0192481","10.98546","8.82e-26","-.0134675",".0267287","-.5038581",".6143611",".2109538",".0192623","10.95166","1.21e-25","-.0236765",".0272322","-.8694298",".3846121"
"stateyrv162","-.2451743",".0248315","-9.873535","1.16e-21","-.0705313",".0113816","-6.196962","5.76e-10","-.2445457",".0246784","-9.909301","8.48e-22","-.0674562",".0118602","-5.687605","1.29e-08",".2314624",".0051105","45.29135","4.2e-199",".0019013",".0191437",".0993197",".9208845",".2315909",".0052233","44.33765","1.0e-194",".0036063",".0194024",".1858673",".8525488"
"stateyrv163","-.2300601",".02426","-9.48312","3.42e-20","-.0524753",".0093158","-5.632928","1.77e-08","-.2304918",".024184","-9.53074","2.28e-20","-.0425669",".0096917","-4.392081",".0000112",".2869818",".0076004","37.75855","4.4e-163",".0589413",".0196676","2.996872",".0027277",".2869195",".0079216","36.21966","2.4e-155",".0639847",".0201052","3.182493",".0014601"
"stateyrv164","-.2420305",".0256425","-9.438642","5.00e-20","-.0585419",".0122325","-4.785781","1.70e-06","-.2434218",".0255152","-9.540248","2.10e-20","-.045214",".0138782","-3.257913",".0011223",".3210794",".0107038","29.99683","5.9e-123",".095181",".0213456","4.459042","8.23e-06",".3207434",".0108097","29.67182","3.2e-121",".1023355",".0220652","4.637872","3.52e-06"
"stateyrv165","-.2045466",".0290843","-7.03289","4.67e-12","-.0379233",".0273561","-1.386284",".1656601","-.2037878",".028992","-7.029095","4.80e-12","-.0291569",".0282096","-1.033582",".3013316",".4540474",".0595663","7.622556","9.33e-14",".2199054",".0661788","3.322898",".0008909",".4547712",".0596633","7.622298","9.35e-14",".2226245",".067266","3.309613",".0009343"
"stateyrv166","-.2054123",".0247472","-8.300439","5.04e-16","-.0364071",".0113791","-3.19946",".0013769","-.204211",".0245607","-8.314556","4.52e-16","-.0335702",".0127187","-2.639431",".0083045",".1580779",".0083844","18.85387","4.68e-63","-.0741918",".0204109","-3.634915",".0002781",".1585571",".0083833","18.91352","2.28e-63","-.0725816",".0208929","-3.473986",".0005128"
"stateyrv167","-.2126843",".0238721","-8.909313","4.08e-18","-.0418971",".0092144","-4.546923","5.44e-06","-.2107549",".0237945","-8.857283","6.22e-18","-.0469942",".0091942","-5.111274","3.20e-07",".2857169",".0064381","44.37896","6.6e-195",".0552918",".0195743","2.824709",".0047324",".285949",".0064702","44.19445","4.7e-194",".052517",".0198316","2.648156",".0080932"
"stateyrv168","-.195988",".0240503","-8.149084","1.60e-15","-.0352316",".0097029","-3.63105",".0002823","-.1934687",".0238366","-8.11646","2.05e-15","-.0369731",".0102815","-3.596079",".0003231",".2473701",".0043289","57.14355","1.1e-249",".0112241",".0192819",".5821045",".5604963",".2483479",".0042548","58.36877","1.6e-254",".0108763",".0196999",".5520975",".5808816"
"stateyrv169","-.2131046",".0238485","-8.935753","3.29e-18","-.0424933",".0091922","-4.62273","3.79e-06","-.2114109",".0237305","-8.908846","4.09e-18","-.0453637",".0094417","-4.804632","1.55e-06",".2397831",".0038523","62.2434","2.3e-269",".0083474",".018904",".4415711",".6587996",".2401491",".0038467","62.42992","4.7e-270",".0071432",".0192028",".3719857",".7099035"
"stateyrv170","-.1640327",".0256509","-6.394807","2.88e-10","-.0092751",".0137531","-.6743982",".5000582","-.1618713",".0255996","-6.323208","4.47e-10","-.0027486",".0122514","-.2243525",".822483",".3195526",".0106508","30.00279","5.5e-123",".0823496",".0217493","3.786315",".0001529",".3206721",".0105978","30.2585","2.4e-124",".084575",".0221261","3.822406",".0001322"
"stateyrv171","-.2077499",".0251538","-8.259196","6.92e-16","-.0333096",".011122","-2.994935",".002745","-.2071671",".0251243","-8.245673","7.67e-16","-.0296588",".0114856","-2.582253",".0098158",".2534552",".0075082","33.75716","9.9e-143",".0233745",".0196954","1.186799",".2353068",".2536511",".0076403","33.19909","7.8e-140",".0251863",".0196112","1.284285",".1990423"
"stateyrv172","-.1951152",".0256143","-7.617421","8.07e-14","-.0289144",".0135613","-2.132126",".0329965","-.1926306",".0256025","-7.523887","1.57e-13","-.0349922",".0130086","-2.689932",".0071467",".3194478",".0112379","28.42581","1.5e-114",".0865134",".0214052","4.041698",".0000531",".3200042",".0113064","28.30295","7.0e-114",".0832666",".0217549","3.827487",".0001295"
"stateyrv173","-.2059863",".0249602","-8.252597","7.28e-16","-.0412024",".0117228","-3.514718",".0004402","-.2034642",".0248762","-8.179071","1.27e-15","-.0464025",".012413","-3.738215",".0001853",".2442759",".0063773","38.30412","8.6e-166",".0100367",".0196706",".5102417",".6098821",".2450031",".0063533","38.56306","4.5e-167",".0077971",".0202548",".3849516",".7002733"
"stateyrv174","-.2199718",".0249951","-8.800582","9.83e-18","-.0493113",".0107006","-4.60828","4.06e-06","-.2192308",".0249725","-8.778892","1.17e-17","-.043831",".0099851","-4.389633",".0000114",".2508975",".0086596","28.9732","1.8e-117",".0195167",".0201662",".9677936",".3331475",".2512641",".0088953","28.24679","1.4e-113",".0225525",".0201014","1.121941",".2618875"
"stateyrv175","-.1905888",".0258689","-7.3675","4.73e-13","-.0196999",".0130046","-1.514839",".1298133","-.1905707",".0256506","-7.429479","3.07e-13","-.0080451",".0146689","-.5484445",".5833867",".316429",".0085717","36.91574","7.4e-159",".0851937",".0204796","4.159929",".0000318",".316783",".008643","36.65211","1.6e-157",".0915848",".0208062","4.401808",".0000107"
"stateyrv176","-.1355651",".0283369","-4.784055","2.08e-06",".0330728",".0132888","2.488769",".0128186","-.134057",".0287694","-4.659703","3.77e-06",".033519",".0143167","2.341252",".0192192",".379231",".0225511","16.81651","1.37e-52",".1427062",".0232079","6.14904","7.80e-10",".3802554",".0227094","16.74441","3.17e-52",".1410649",".0234045","6.027246","1.67e-09"
"stateyrv177","-.1952818",".0326796","-5.975648","3.59e-09","-.0246056",".0250932","-.9805678",".3268059","-.192864",".0324819","-5.937587","4.48e-09","-.0339108",".0259539","-1.30658",".1913552",".357444",".0145961","24.489","3.02e-93",".1260007",".0239288","5.265655","1.40e-07",".3578046",".0144883","24.69615","2.27e-94",".1213845",".0244598","4.962611","6.96e-07"
"stateyrv178","-.2406404",".0340959","-7.057751","3.96e-12","-.0644435",".0246379","-2.615627",".0089064","-.2384132",".0342489","-6.961199","7.55e-12","-.0767774",".0236481","-3.246657",".0011677",".3040215",".0080012","37.99677","2.9e-164",".0748263",".0199278","3.75487",".0001734",".30409",".0080799","37.63549","1.8e-162",".0697538",".0199453","3.497251",".0004701"
"stateyrv179","-.224731",".0265346","-8.469364","1.36e-16","-.0689884",".0147966","-4.662451","3.12e-06","-.2198889",".026223","-8.385353","2.62e-16","-.0869183",".0155812","-5.578421","2.43e-08",".294215",".0055808","52.71889","1.2e-231",".0556922",".0197392","2.821393",".0047816",".2954856",".0056458","52.33759","4.8e-230",".0471753",".0212679","2.218147",".0265448"
"stateyrv180","-.2318047",".0299387","-7.742631","3.27e-14","-.0623207",".0196489","-3.171721",".0015154","-.2301635",".0298836","-7.702001","4.39e-14","-.063768",".0196202","-3.250118",".0011536",".2773605",".0038899","71.30212","1.5e-301",".0453249",".0189152","2.396216",".0165653",".2778057",".0039014","71.20581","3.2e-301",".04497",".0191599","2.347087",".0189208"
"stateyrv181","-.232672",".0469137","-4.959573","8.80e-07","-.0546572",".0409094","-1.336053",".181532","-.2301967",".0469185","-4.906311","1.15e-06","-.0707264",".0407509","-1.735578",".0826384",".3340501",".0087508","38.17382","3.8e-165",".1041798",".0205798","5.062233","4.14e-07",".3342048",".0087019","38.40587","2.7e-166",".0983965",".0206873","4.75637","1.97e-06"
"stateyrv182","-.2713759",".0411722","-6.591244","8.38e-11","-.106952",".036526","-2.928103",".0034104","-.2690418",".0409813","-6.564993","9.90e-11","-.1101882",".0372704","-2.956452",".003112",".3048583",".0061378","49.6686","1.2e-218",".0702741",".0191679","3.666245",".0002461",".3056321",".0063209","48.35275","7.1e-213",".0690337",".0194601","3.547443",".000389"
"stateyrv183","-.1883216",".0578646","-3.25452",".0011884","-.0246184",".0532799","-.4620583",".6440395","-.1854077",".0579053","-3.201912",".0014246","-.0323481",".0527489","-.6132465",".5397133",".3538354",".01641","21.5622","1.99e-77",".118983",".0244299","4.870387","1.11e-06",".3546406",".0164916","21.50436","4.07e-77",".1159475",".0245588","4.721229","2.34e-06"
"stateyrv184","-.2449189",".0306766","-7.9839","5.54e-15","-.0803436",".021585","-3.722193",".0001975","-.2404056",".030828","-7.798286","2.18e-14","-.1029082",".0220524","-4.666529","3.06e-06",".2895291",".0072407","39.98609","4.7e-174",".0551963",".0197795","2.790583",".0052613",".290252",".0073084","39.7151","9.9e-173",".0440312",".0214214","2.05548",".0398327"
"stateyrv185","-.1973571",".0279666","-7.05689","3.98e-12","-.0365942",".0154447","-2.369378",".0178181","-.1930961",".0284274","-6.792603","2.29e-11","-.0536847",".0149791","-3.583977",".0003384",".3078817",".0109349","28.15584","4.3e-113",".0716983",".02138","3.353527",".0007979",".3088498",".0110794","27.87607","1.4e-111",".0634863",".0223064","2.846108",".0044257"
"stateyrv186","-.2138188",".0420873","-5.080361","4.79e-07","-.0424207",".0354729","-1.19586",".2317512","-.2123327",".0420164","-5.053563","5.49e-07","-.0441337",".0356086","-1.239411",".2151932",".3263136",".0153291","21.28722","5.94e-76",".095755",".0235882","4.059449",".0000492",".3265675",".0154144","21.18582","2.08e-75",".0953733",".0236152","4.03864",".0000538"
"stateyrv187","-.1298462",".085987","-1.510068",".1314605",".0281387",".0709821",".3964197",".6917954","-.1241002",".0863018","-1.43798",".1508701",".0003335",".070839",".0047075",".996244",".365764",".018953","19.29843","2.19e-65",".1288393",".0263069","4.897556","9.70e-07",".3668218",".019145","19.16022","1.16e-64",".1171738",".0274531","4.268145",".0000197"
"stateyrv188","-.1279479",".0313881","-4.076316",".0000508",".0392563",".0234231","1.675963",".0937455","-.1253353",".0312553","-4.010048",".000067",".031196",".0242317","1.287403",".1979538",".1476883",".0162044","9.114076","1.08e-18","-.0854024",".0248809","-3.432445",".0005982",".1482639",".0161086","9.203999","5.18e-19","-.0892237",".0255977","-3.485608",".000491"
"stateyrv189","-.1666894",".0337675","-4.936389","9.88e-07",".0049239",".0263432",".1869143",".8517278","-.1673115",".0335631","-4.984984","7.75e-07",".0216005",".0267974",".8060683",".4202035",".2789458",".0054097","51.56398","8.9e-227",".0480309",".0192909","2.489821",".0127807",".2792617",".0056558","49.37648","2.3e-217",".0562995",".0198877","2.830863",".0046423"
"stateyrv190","-.1787684",".0262602","-6.807584","2.08e-11","-.0184397",".0144888","-1.272692",".2031275","-.1766525",".0261309","-6.760294","2.83e-11","-.0162623",".0141717","-1.147516",".2511685",".2432612",".0053777","45.23484","7.5e-199",".0069693",".0193654",".359887",".7189316",".2442617",".0054718","44.63974","4.1e-196",".0086866",".0194614",".4463481",".6553458"
"stateyrv191","-.1730838",".0296961","-5.828509","8.41e-09",".0066727",".0198264",".3365546",".7364527","-.1718313",".0296256","-5.800094","9.89e-09","-.0001093",".019625","-.005568",".9955574",".2505245",".004365","57.39401","1.1e-250",".0235741",".0190862","1.235139",".216779",".250305",".0044206","56.62247","1.3e-247",".0199684",".0191229","1.044215",".2963857"
"stateyrv192","-.1186309",".0478203","-2.480765",".0133352",".0521396",".0421873","1.235907",".216493","-.1179269",".0477695","-2.468667",".0137907",".0578524",".0422356","1.369757",".1707629",".3258329",".0148601","21.92675","2.18e-79",".0933746",".0234599","3.980184",".0000689",".3263411",".0149393","21.84448","6.04e-79",".097449",".0237756","4.09869",".0000415"
"stateyrv193","-.119885",".0509063","-2.355015",".0187868",".046264",".0444426","1.040982",".2978839","-.1195209",".0509086","-2.347757",".019154",".0589114",".0445509","1.322337",".1860559",".2531977",".0099981","25.3246","8.87e-98",".0194909",".0205352",".9491493",".3425447",".2538734",".0101895","24.91517","1.47e-95",".026701",".021048","1.268577",".204592"
"stateyrv194","-.1490961",".0599587","-2.486648",".0131186",".024679",".0545783",".4521752",".6511428","-.1485062",".059958","-2.476836",".0134817",".0288353",".0547869",".5263172",".5986678",".2657115",".0123959","21.4354","9.53e-77",".0356359",".0219288","1.625072",".1041473",".265908",".0125216","21.23597","1.12e-75",".0380785",".0221413","1.719792",".0854702"
"stateyrv195","-.1747453",".0308854","-5.657865","2.20e-08","-.0181464",".0215855","-.8406771",".4005289","-.1744332",".0307415","-5.674194","2.01e-08",".0031019",".0214589",".144551",".8850654",".2497678",".0072439","34.4796","1.8e-146",".0116695",".0202347",".5767046",".564139",".2510207",".0074121","33.86636","2.7e-143",".0233148",".0197827","1.178541",".238581"
"stateyrv196","-.1734126",".0259575","-6.680642","4.73e-11","-.0128124",".0141982","-.9023974",".3668458","-.173393",".0258386","-6.710626","3.90e-11",".0076015",".0131984",".5759428",".5646538",".2479079",".0045103","54.96488","6.2e-241",".0116332",".0193206",".6021159",".547097",".2489234",".0048659","51.15629","4.8e-225",".0226931",".019256","1.178497",".2385985"
"stateyrv197","-.1317658",".0437035","-3.014994",".0026593",".0348825",".0373827",".9331199",".3507581","-.1320688",".043532","-3.033833",".0025007",".0529817",".0375058","1.412626",".1577656",".3121506",".01139","27.40558","4.8e-109",".0787868",".0214522","3.67266",".00024",".3127867",".0115379","27.10949","1.9e-107",".0886369",".0220349","4.022567",".0000576"
"stateyrv198","-.1228147",".0600283","-2.045946",".041121",".0229964",".0708784",".3244483",".7455987","-.121275",".0600271","-2.020338",".0437145",".0426284",".067497",".6315608",".5276739",".3132954",".0184399","16.99013","1.82e-53",".0743834",".0310677","2.394237",".016655",".31465",".0186678","16.85527","8.75e-53",".0840295",".0310262","2.708336",".0067622"
"stateyrv199","-.1738777",".0254699","-6.826788","1.83e-11","-.0021572",".0132789","-.1624508",".8709509","-.1746127",".0252645","-6.91138","1.05e-11",".0154229",".0143037","1.078252",".2809215",".2980528",".0089355","33.35616","1.2e-140",".0670792",".0205835","3.258874",".0011186",".2983786",".0091121","32.74525","1.8e-137",".0765927",".0212448","3.605251",".0003119"
"stateyrv200","-.2117902",".0240198","-8.817319","8.59e-18","-.0445355",".0095949","-4.641574","3.46e-06","-.2099543",".0238936","-8.787067","1.10e-17","-.0457965",".0103214","-4.437049","9.12e-06",".2892667",".0077288","37.42725","2.0e-161",".0561469",".0201022","2.793069",".0052211",".2898546",".0077256","37.51857","7.0e-162",".0569632",".0203338","2.801402",".0050881"
"stateyrv201","-.1998016",".0243524","-8.204585","1.05e-15","-.0251054",".0112805","-2.225553",".0260441","-.1994007",".0242049","-8.23804","8.13e-16","-.02007",".011635","-1.724969",".0845331",".2662337",".0060329","44.13058","9.3e-194",".0367681",".0191826","1.916743",".0552706",".2663517",".0062688","42.48835","4.6e-186",".0395039",".0195722","2.018371",".0435526"
"stateyrv202","-.1991272",".0236846","-8.407445","2.20e-16","-.0220288",".0090647","-2.430169",".0150918","-.1989848",".0235312","-8.456212","1.51e-16","-.0167644",".0093391","-1.79507",".0726425",".2666616",".0048025","55.52573","3.3e-243",".0383363",".0190681","2.01049",".0443793",".266632",".0049714","53.63369","1.8e-235",".0411302",".0193463","2.126001",".0335031"
"stateyrv203","-.186879",".0249729","-7.483272","2.10e-13","-.0228209",".0120795","-1.889228",".0588613","-.1872162",".0247915","-7.55162","1.29e-13","-.002212",".0119372","-.185301",".8529929",".2946539",".0092802","31.7507","3.0e-132",".0613802",".0205873","2.981467",".0028687",".2952799",".0094521","31.2396","1.5e-129",".0721011",".0209432","3.442702",".0005759"
"stateyrv204","-.2250277",".0277563","-8.107267","2.20e-15","-.0539191",".0173858","-3.101336",".0019265","-.2266115",".0274884","-8.243902","7.78e-16","-.0283397",".0188778","-1.501219",".133299",".2648561",".007105","37.27745","1.1e-160",".0334255",".0197887","1.68912",".0911964",".2652491",".0073008","36.33167","6.5e-156",".0471858",".0213948","2.205483",".0274202"
"stateyrv205","-.1951083",".0265139","-7.358717","5.03e-13","-.0826909",".0233242","-3.54528",".0003922","-.1950675",".0260565","-7.486324","2.05e-13","-.0213805",".0138397","-1.544862",".1223796",".2837721",".015081","18.8165","7.33e-63",".0255783",".0290031",".8819181",".3778211",".2876667",".0150392","19.12774","1.72e-64",".0580082",".0236422","2.453588",".0141439"
"stateyrv206","-.205269",".0238555","-8.604693","4.70e-17","-.0352373",".0093426","-3.771667",".0001622","-.204089",".0236972","-8.612375","4.42e-17","-.0330881",".0097065","-3.408872",".0006523",".2563528",".0057504","44.57992","7.8e-196",".0246423",".0191467","1.287025",".1980855",".2567592",".0059135","43.41937","1.9e-190",".0260406",".0195015","1.335313",".1817739"
"stateyrv207","-.2026733",".0238546","-8.496207","1.10e-16","-.0305315",".0092212","-3.31103",".0009295","-.2019069",".023693","-8.521793","9.03e-17","-.0265381",".010298","-2.577007",".009966",".2725319",".0048286","56.44156","6.7e-247",".0417436",".0191286","2.182267",".0290898",".2728204",".005031","54.22824","6.5e-238",".0440213",".0196058","2.245326",".0247472"
"stateyrv208","-.194458",".025079","-7.753831","3.01e-14","-.0197056",".0109567","-1.798499",".0720979","-.1952646",".0250125","-7.806693","2.05e-14","-.0040801",".0110559","-.3690405",".7120975",".3010225",".0061168","49.21258","1.2e-216",".0711525",".0195137","3.646275",".0002661",".3012035",".0063282","47.59671","1.6e-209",".079688",".0201538","3.953997",".0000769"
"stateyrv209","-.1694244",".0281303","-6.022852","2.72e-09","-.0069029",".0168303","-.4101512",".6816951","-.170431",".0284089","-5.999214","3.13e-09",".0209134",".0159719","1.309386",".1904035",".335996",".022144","15.17323","1.79e-44",".1013239",".0323471","3.132394",".0017339",".3368082",".0223729","15.05432","6.71e-44",".1147451",".0338279","3.392023",".0006938"
"stateyrv210","-.165208",".0248737","-6.641878","6.07e-11",".00344",".0115013",".2990993",".7648643","-.1644704",".0247361","-6.649008","5.80e-11",".0106662",".0116954",".9120006",".3617684",".3466132",".0159084","21.78799","1.22e-78",".1141776",".0242542","4.707537","2.51e-06",".3471181",".0160131","21.67713","4.80e-78",".11809",".0245001","4.81998","1.44e-06"
"stateyrv211","-.2112879",".0239223","-8.832271","7.61e-18","-.0467288",".0094522","-4.943711","7.66e-07","-.2102569",".0237483","-8.853542","6.41e-18","-.0386003",".0094643","-4.078505",".0000453",".2662198",".0057376","46.39928","3.8e-204",".0330031",".0193243","1.707854",".0876634",".2668255",".0058799","45.37947","1.6e-199",".0366885",".0194803","1.883366",".0596508"
"stateyrv212","-.2048492",".0238957","-8.572631","6.05e-17","-.0389142",".0094621","-4.112623",".0000391","-.203915",".0237048","-8.602265","4.79e-17","-.0311059",".0100316","-3.100789",".0019301",".2630521",".0045351","58.00327","4.3e-253",".029405",".0189998","1.547647",".1217074",".263715",".0046424","56.80589","2.4e-248",".033832",".0191133","1.770074",".0767148"
"stateyrv213","-.2009487",".0239004","-8.407752","2.20e-16","-.0321676",".0091992","-3.496762",".0004709","-.2004675",".0237334","-8.446639","1.63e-16","-.0227961",".0095557","-2.385601",".0170512",".2523365",".0055693","45.30857","3.5e-199",".020054",".0192606","1.041194",".2977856",".2528239",".0056993","44.36034","8.0e-195",".0252195",".0195277","1.291478",".1965379"
"stateyrv214","-.174563",".0253532","-6.885231","1.25e-11",".0055504",".0123623",".4489825",".6534443","-.1739443",".0252014","-6.902156","1.12e-11",".004049",".0131239",".3085176",".7576885",".3186166",".0098341","32.39909","1.2e-135",".0898357",".0211426","4.249031",".0000215",".3186431",".0098243","32.43434","7.7e-136",".0910906",".0213725","4.262056",".0000203"
"stateyrv215","-.1940283",".0248333","-7.813214","1.95e-14","-.0250318",".0127528","-1.962843",".0496644","-.1933664",".0245775","-7.867608","1.31e-14","-.0174355",".0136671","-1.275723",".2020533",".2742037",".0056599","48.44662","2.8e-213",".0418154",".0193534","2.160622",".0307246",".2747028",".0056961","48.22623","2.6e-212",".0459027",".0196628","2.33449",".0195701"
"stateyrv216","-.1976481",".0255428","-7.737925","3.38e-14",".0023053",".0157005",".1468272",".8832684","-.1965483",".0254431","-7.725008","3.72e-14","-.0203521",".0135576","-1.501153",".1333159",".290332",".0092936","31.23999","1.5e-129",".0723411",".0227267","3.18309",".0014571",".2889366",".0091068","31.72752","4.0e-132",".0605691",".0204976","2.954937",".0031273"
"stateyrv217","-.1989664",".0241139","-8.25111","7.36e-16","-.0293904",".0100713","-2.918244",".0035201","-.1977723",".0240011","-8.240147","8.00e-16","-.0269772",".0096108","-2.806963",".0050011",".2502603",".006775","36.93906","5.6e-159",".018304",".019643",".9318347",".351422",".2506988",".006842","36.6409","1.8e-157",".0198346",".0197149","1.006073",".3143806"
"stateyrv218","-.2008535",".0237611","-8.453046","1.55e-16","-.0349934",".0084094","-4.161215",".0000317","-.1995943",".0236351","-8.44484","1.65e-16","-.0299844",".0083476","-3.591981",".0003282",".2628485",".0029602","88.79361","0",".0290626",".0186811","1.555719",".1197748",".2635265",".0030454","86.53127","0",".0319729",".0188578","1.695472",".0899859"
"stateyrv219","-.1810704",".0252825","-7.161885","1.95e-12","-.011855",".0117291","-1.010731",".3121453","-.1814372",".0251286","-7.220352","1.31e-12",".0046176",".0118276",".3904131",".6962311",".3037554",".012545","24.21335","9.44e-92",".0715673",".0219264","3.263972",".0010986",".3042367",".0126817","23.99023","1.53e-90",".0800819",".0222355","3.60153",".0003164"
"stateyrv220","-.168725",".0363366","-4.643395","4.07e-06",".0064577",".024383",".264846",".7911281","-.1678098",".036431","-4.606237","4.84e-06",".0065474",".0213831",".3061968",".7594548",".3778494",".02406","15.70447","4.65e-47",".1481386",".0248926","5.951099","2.66e-09",".3779951",".0239155","15.80544","1.49e-47",".1487106",".021986","6.763886","1.34e-11"
"stateyrv221","-.1646983",".0244121","-6.746589","3.09e-11",".0041278",".0101424",".4069811",".6840219","-.1636657",".0243013","-6.73484","3.34e-11",".0086028",".0100345",".8573226",".3912666",".2952365",".0128919","22.90091","1.21e-84",".0629364",".0224131","2.808023",".0049847",".2957214",".0129522","22.8317","2.87e-84",".0655047",".022449","2.917939",".0035235"
"stateyrv222","-.2078821",".0242112","-8.586195","5.44e-17","-.0373643",".0101185","-3.692686",".0002219","-.2066994",".0240762","-8.585215","5.48e-17","-.0356531",".0099265","-3.591696",".0003285",".3031766",".0060421","50.17721","7.7e-221",".0701453",".019509","3.595541",".0003237",".3037569",".0060934","49.85021","2.0e-219",".0731002",".0196515","3.719819",".0001994"
"stateyrv223","-.1948492",".0237482","-8.204803","1.05e-15","-.0198041",".0095005","-2.084535",".0371115","-.1951227",".0236083","-8.265002","6.62e-16","-.009125",".010406","-.8768925",".380545",".2772575",".0066277","41.8333","6.0e-183",".0479388",".0194806","2.460841",".0138612",".2773618",".006744","41.12747","1.4e-179",".0535564",".01975","2.711716",".0066936"
"stateyrv224","-.2010753",".0237966","-8.449755","1.59e-16","-.0334926",".0088631","-3.77886",".0001575","-.1999679",".0236392","-8.459169","1.47e-16","-.0286157",".0091136","-3.139898",".0016901",".2686714",".0058029","46.29946","1.1e-203",".0358042",".0193599","1.849403",".0643997",".2692304",".0058488","46.03182","1.8e-202",".0386855",".0195833","1.975437",".0482186"
"stateyrv225","-.1768478",".0245682","-7.198227","1.52e-12","-.0100658",".0108072","-.9314001",".3516467","-.176692",".0243897","-7.244534","1.11e-12",".0038778",".0109974",".3526071",".724383",".3084412",".0103127","29.90901","1.7e-122",".0749995",".0211879","3.539735",".0004005",".3090834",".010366","29.81699","5.4e-122",".0826465",".0212847","3.882904",".0001032"
"stateyrv226","-.1797386",".0245859","-7.310638","7.03e-13","-.0090556",".0102247","-.8856597",".3758009","-.178683",".0244883","-7.296663","7.74e-13","-.0063662",".0107072","-.594574",".5521283",".3092366",".0101736","30.39597","4.4e-125",".0775731",".0210265","3.689295",".0002249",".3096371",".0102216","30.29255","1.6e-124",".0791248",".021217","3.729321",".000192"
"stateyrv227","-.1873792",".0255898","-7.32242","6.47e-13","-.0034154",".0140274","-.2434799",".8076336","-.186503",".0254824","-7.318896","6.64e-13","-.0104691",".0134847","-.7763653",".4375334",".2879228",".0133784","21.52149","3.29e-77",".0623974",".0225303","2.769484",".0056145",".2875188",".0134967","21.3029","4.90e-76",".0588662",".0226589","2.597934",".0093787"
"stateyrv228","-.1743374",".0241224","-7.227197","1.25e-12","-.0076896",".0092497","-.8313281",".4057883","-.1739431",".0239309","-7.268571","9.40e-13",".0042664",".0098512",".4330848",".6649532",".2833409",".005263","53.8362","2.7e-236",".0499748",".0192167","2.600594",".0093062",".2839712",".0054087","52.50238","9.7e-231",".0564965",".0193865","2.914222",".0035658"
"stateyrv229","-.189484",".0238769","-7.935857","7.91e-15","-.0176677",".0089022","-1.984635",".0471851","-.1888014",".0237394","-7.953073","6.96e-15","-.0126585",".0090807","-1.394",".1633176",".2816062",".0035052","80.33916","0",".0506281",".0188581","2.684693",".0072596",".2819203",".0036964","76.26841","7.2e-318",".0534355",".0191007","2.797568",".0051489"
"stateyrv230","-.1612283",".0259779","-6.206366","9.11e-10",".0144044",".0132837","1.084365",".278203","-.1619553",".0258078","-6.27544","5.99e-10",".0285777",".0142892","1.999945",".0455062",".3217705",".0135159","23.80685","1.51e-89",".0927273",".0229635","4.038026",".0000539",".3218423",".013607","23.65265","1.03e-88",".100093",".0237568","4.213242",".0000252"
"stateyrv231","-.1504605",".029086","-5.172962","2.98e-07",".0263171",".0154171","1.707012",".0878198","-.1506802",".029164","-5.166656","3.08e-07",".0350452",".0161018","2.176478",".0295195",".3792004",".0193572","19.58961","6.41e-67",".1499577",".0316619","4.736218","2.18e-06",".3792906",".019301","19.65131","3.03e-67",".1532698",".0322796","4.748201","2.05e-06"
"stateyrv232","-.1319878",".0282896","-4.665589","3.66e-06",".0384497",".0181333","2.120398",".0339725","-.1306718",".0280993","-4.65035","3.94e-06",".0390542",".0189758","2.058104",".0395802",".3643581",".0091332","39.89377","1.3e-173",".1327855",".0207719","6.392539","1.63e-10",".3647449",".0090436","40.33197","9.9e-176",".1332872",".0210562","6.330067","2.45e-10"
"stateyrv233","-.1825049",".0247491","-7.374199","4.52e-13","-.0225613",".0115372","-1.955529",".0505206","-.1810837",".0245699","-7.370145","4.64e-13","-.0139352",".0111901","-1.245315",".2130161",".3499751",".0074613","46.90555","2.0e-206",".1142232",".0200923","5.684926","1.31e-08",".3509099",".0074639","47.01428","6.5e-207",".118245",".0201371","5.87201","4.31e-09"
"stateyrv234","-.1984971",".0242825","-8.174494","1.32e-15","-.0301486",".0101847","-2.960188",".0030745","-.1970434",".0241226","-8.168432","1.38e-15","-.0289752",".0106476","-2.721295",".0065027",".3282435",".0059252","55.39813","1.1e-242",".0956874",".0195576","4.892588","9.95e-07",".3287585",".0058129","56.55637","2.3e-247",".0965905",".0197855","4.881895","1.05e-06"
"stateyrv235","-.1877531",".0249191","-7.534509","1.46e-13","-.0192994",".0120469","-1.602027",".1091496","-.186053",".0247649","-7.512772","1.70e-13","-.0203871",".0123055","-1.656742",".0975716",".3217896",".0062117","51.80398","8.5e-228",".0893155",".0195091","4.578146","4.69e-06",".3222919",".0062155","51.85283","5.3e-228",".0890874",".0197305","4.515204","6.33e-06"
"stateyrv236","-.1805921",".0249961","-7.224814","1.27e-12","-.0019667",".0125397","-.1568359",".8753742","-.1797742",".0248961","-7.220988","1.30e-12","-.0039556",".011598","-.341059",".7330592",".3479454",".0195672","17.78205","1.68e-57",".1201162",".0268462","4.474228","7.67e-06",".3478462",".0195765","17.76857","1.97e-57",".1200363",".026859","4.469121","7.85e-06"
"stateyrv237","-.173899",".0247846","-7.016409","5.22e-12","-.0020205",".0120116","-.1682112",".8664171","-.1732354",".0245604","-7.053445","4.07e-12",".0031033",".0134666",".2304466",".8177447",".330584",".0083803","39.44757","2.0e-171",".0997044",".020422","4.882206","1.05e-06",".3308855",".0083091","39.82223","3.0e-173",".1025963",".0208908","4.911076","9.06e-07"
"stateyrv238","-.1952669",".0252324","-7.73875","3.36e-14","-.0346001",".0123267","-2.806916",".0050018","-.1951717",".024998","-7.807501","2.04e-14","-.0149091",".0126804","-1.175757",".239692",".3096059",".0114884","26.94935","1.4e-106",".0732131",".0217876","3.360306",".0007786",".3106364",".0115807","26.8237","6.7e-106",".0840703",".0219186","3.835564",".0001253"
"stateyrv239","-.16859",".0309877","-5.440551","7.26e-08","-.0074704",".0220805","-.3383241",".735119","-.1670158",".0307836","-5.425472","7.88e-08","-.0011947",".0229845","-.0519781",".9585462",".2994994",".0056551","52.96062","1.2e-232",".0634736",".0195081","3.253697",".0011391",".3004692",".0056858","52.84539","3.5e-232",".0672259",".0193789","3.469025",".0005224"
"stateyrv240","-.1570701",".0240595","-6.528401","1.25e-10",".0082941",".0094544",".877273",".3803384","-.1555001",".0239274","-6.498842","1.50e-10",".0109874",".0095243","1.15361",".2486601",".3272934",".0035577","91.99586","0",".0933411",".0188532","4.950932","7.39e-07",".3279909",".003524","93.07426","0",".0951215",".019027","4.999295","5.75e-07"
"stateyrv241","-.1654449",".0267772","-6.178562","1.08e-09",".0068945",".0144432",".4773528",".6331109","-.1638687",".026786","-6.117701","1.55e-09",".0035862",".0135946",".2637981",".7919355",".3828453",".015559","24.60598","7.01e-94",".1522418",".0237533","6.409301","1.46e-10",".3831028",".015617","24.53115","1.79e-93",".1507177",".0237395","6.348824","2.17e-10"
"stateyrv242","-.1759322",".0243557","-7.223461","1.28e-12","-.010682",".0217566","-.4909797",".6234408","-.1751443",".0242046","-7.235992","1.18e-12","-.0010014",".0235455","-.0425312",".9660752",".3655918",".0349582","10.45796","1.09e-23",".1299418",".0370078","3.511197",".0004461",".366517",".0350889","10.44537","1.22e-23",".1359605",".0381693","3.562037",".000368"
"stateyrv243","-.1158861",".0243299","-4.763121","2.30e-06",".0613358",".0104587","5.864592","4.50e-09","-.1138814",".0243092","-4.684694","3.35e-06",".0500882",".0105332","4.755258","1.98e-06",".3472878",".0117219","29.6273","5.6e-121",".1187832",".022011","5.396528","6.79e-08",".3472654",".0117139","29.64546","4.4e-121",".1129261",".022335","5.056017","4.28e-07"
"stateyrv244","-.1501606",".024092","-6.2328","7.76e-10",".0315465",".0104131","3.029505",".0024496","-.1478822",".0240555","-6.147534","1.30e-09",".0140632",".0100383","1.400952",".1612284",".4829141",".0113771","42.44623","7.3e-186",".2567029",".0219516","11.69403","0",".4825888",".0113264","42.6076","1.3e-186",".2476946",".0220096","11.25392","0"
"stateyrv245","-.172967",".0238392","-7.255558","1.03e-12",".0016505",".0097149",".1698888",".8650976","-.1707641",".0237514","-7.189643","1.62e-12","-.0091216",".0094817","-.9620192",".33604",".5818906",".0139058","41.84528","5.3e-183",".3523089",".0228985","15.38566","0",".5820086",".0139417","41.74589","1.6e-182",".3468652",".0231341","14.99366","0"
"stateyrv246","-.1740919",".0240376","-7.242494","1.12e-12",".0057795",".0101863",".5673823",".5704544","-.1729812",".0239169","-7.2326","1.20e-12",".0001495",".0098452",".0151877",".9878825",".4506728",".0129466","34.81022","3.7e-148",".2236214",".0226432","9.875879","0",".4504676",".0129551","34.77141","5.8e-148",".2206951",".0226601","9.739353","0"
"stateyrv247","-.1671936",".0246964","-6.769965","2.66e-11",".0076642",".0115701",".6624161",".5077046","-.1662697",".0245388","-6.775779","2.56e-11",".0079549",".0119307",".6667583",".5049265",".3789947",".0141919","26.70491","2.9e-105",".1500437",".0233581","6.423625","1.33e-10",".3790405",".0141811","26.72849","2.2e-105",".1497575",".023659","6.329827","2.45e-10"
"stateyrv248","-.1439504",".0238979","-6.023549","2.71e-09",".0303334",".0092958","3.263119",".0011019","-.1418687",".0238527","-5.947701","4.22e-09",".0209134",".0097296","2.149458",".0315981",".402698",".0108214","37.21321","2.4e-160",".1727336",".0214112","8.067428","6.66e-16",".4028667",".0108211","37.22985","2.0e-160",".167987",".021874","7.679742","1.60e-14"
"stateyrv249","-.1843399",".0247637","-7.443953","2.77e-13",".0071323",".0126716",".5628585",".5735312","-.1827803",".0247065","-7.398057","3.82e-13","-.0123436",".011434","-1.079558",".2803391",".3830428",".0161372","23.73658","3.63e-89",".1609126",".0243206","6.616305","3.68e-11",".3821872",".0162453","23.52598","5.02e-88",".1510411",".0248296","6.0831","1.18e-09"
"stateyrv250","-.1472743",".0298001","-4.942076","9.60e-07",".0279203",".0204764","1.363537",".1727133","-.1450782",".0296836","-4.88748","1.26e-06",".0167156",".0209858",".7965206",".4257295",".3693669",".0079042","46.73072","1.2e-205",".140013",".0201743","6.940168","3.92e-12",".3694548",".0078782","46.89555","2.2e-206",".1343177",".0205363","6.540506","6.13e-11"
"stateyrv251","-.1334416",".0241575","-5.523807","4.62e-08",".0427745",".0098423","4.345982",".0000139","-.1310335",".024128","-5.430773","7.66e-08",".0288312",".0102907","2.801668",".0050839",".4297403",".0047312","90.83166","0",".2010201",".0192274","10.45487","0",".4297435",".0046901","91.62809","0",".1938436",".0195686","9.905848","0"
"stateyrv252","-.1304779",".0250171","-5.215548","2.39e-07",".0453545",".0114522","3.960343",".0000748","-.1281778",".0249802","-5.131175","3.70e-07",".0326895",".0122751","2.663066",".0077432",".4473616",".0115009","38.89805","1.0e-168",".2181691",".021641","10.08129","0",".4474263",".011551","38.73485","6.4e-168",".2112168",".0221627","9.530305","0"
"stateyrv253","-.1338676",".0305547","-4.381238",".0000135",".0368924",".0159783","2.308901",".0209491","-.1318847",".0303298","-4.34835",".0000157",".031347",".0184342","1.700483",".0890401",".4627715",".0158082","29.27419","4.3e-119",".2321411",".0151586","15.3142","0",".4630292",".0157616","29.37707","1.2e-119",".2288022",".0142808","16.02161","0"
"stateyrv254","-.152875",".0240138","-6.366138","3.43e-10",".024717",".009453","2.614717",".0089301","-.1526379",".0238863","-6.390193","2.96e-10",".0287258",".0094215","3.048976",".0022962",".3227243",".0097147","33.22028","6.1e-140",".0944722",".0213048","4.434327","9.24e-06",".3226834",".0095732","33.70691","1.8e-142",".0963378",".0215224","4.476165","7.60e-06"
"stateyrv255","-.1614755",".0241884","-6.67575","4.88e-11",".0064406",".0108577",".5931798",".5530608","-.1601741",".0239994","-6.674075","4.94e-11",".0093248",".0110774",".8417817",".3999101",".3868271",".0189583","20.40408","3.10e-71",".1533669",".0260744","5.881885","4.06e-09",".3874619",".0189997","20.39309","3.55e-71",".155724",".0260343","5.981498","2.21e-09"
"stateyrv256","-.1885339",".0237432","-7.940554","7.64e-15","-.0186802",".0088563","-2.109257",".0349224","-.1882487",".0235752","-7.98502","5.49e-15","-.008496",".0094661","-.8975186",".3694422",".3136768",".0185931","16.87061","7.33e-53",".0818445",".0256017","3.196837",".0013894",".3141065",".0187882","16.71827","4.29e-52",".0873417",".0255958","3.412351",".0006441"
"stateyrv257","-.1665995",".0239975","-6.942362","8.56e-12",".0105102",".0094556","1.111536",".2663376","-.1672243",".0238835","-7.001653","5.76e-12",".0225245",".009857","2.285125",".0223055",".3180082",".0085893","37.02378","2.1e-159",".0896359",".0204552","4.38205",".0000118",".3179911",".0086355","36.82354","2.1e-158",".0958698",".0209691","4.571957","4.83e-06"
"stateyrv258","-.2066617",".0245029","-8.434187","1.79e-16","-.0231068",".0117069","-1.973779",".0484069","-.2058721",".0244077","-8.434724","1.78e-16","-.0290481",".0111042","-2.615949",".008898",".297724",".015443","19.27885","2.77e-65",".0711591",".024154","2.946054",".0032186",".2974578",".0154573","19.24381","4.24e-65",".0693732",".02386","2.907512",".0036432"
"stateyrv259","-.1635605",".0247106","-6.61903","7.02e-11",".0145346",".0121595","1.195323",".2319609","-.1631195",".0245427","-6.646357","5.90e-11",".0163193",".0124599","1.30975",".1902805",".3108025",".013763","22.58247","6.36e-83",".0828691",".0230808","3.590386",".0003302",".3107191",".0138305","22.46623","2.70e-82",".0840174",".0231258","3.633053",".0002801"
"stateyrv260","-.1893288",".0250893","-7.546201","1.34e-13","-.0319924",".0130269","-2.455866",".0140545","-.1890682",".0248552","-7.606793","8.71e-14","-.0109187",".0124037","-.880275",".3787103",".3190735",".0209614","15.22193","1.04e-44",".0812804",".0284551","2.85644",".0042842",".3202856",".020912","15.31586","3.66e-45",".0922828",".027988","3.297224",".0009765"
"stateyrv261","-.1534514",".0238364","-6.4377","2.20e-10",".0181098",".0092661","1.954425",".050651","-.1528387",".0236621","-6.459224","1.93e-10",".0239527",".0097429","2.458469",".0139531",".3175215",".0137398","23.10963","9.00e-86",".0864556",".0228398","3.785306",".0001535",".3178477",".0137587","23.10153","9.96e-86",".0896551",".0225912","3.96858",".0000723"
"stateyrv262","-.1620957",".0247699","-6.544063","1.13e-10",".0110985",".0114531",".9690456",".3325225","-.1614125",".0245748","-6.568217","9.70e-11",".0149277",".0119185","1.252487",".2103924",".3191378",".0078395","40.70893","1.5e-177",".08888",".0200516","4.432555","9.31e-06",".3193573",".0079496","40.17256","5.9e-175",".0909981",".0201267","4.521256","6.15e-06"
"stateyrv263","-.1531393",".024984","-6.129489","1.45e-09",".021902",".0115188","1.901422",".0572468","-.1530194",".0248856","-6.148927","1.29e-09",".0291193",".0116611","2.497134",".0125202",".3535419",".0116532","30.3386","9.0e-125",".1241092",".0220879","5.618883","1.92e-08",".3536582",".011591","30.51145","1.1e-125",".1282054",".0225822","5.677267","1.37e-08"
"stateyrv264","-.1660837",".0300358","-5.529534","4.48e-08",".006151",".0172275",".3570436",".7210592","-.1645182",".0298668","-5.508397","5.03e-08",".003025",".0177035",".1708711",".8643251",".3760016",".024238","15.51287","4.02e-46",".1438019",".0291975","4.925145","8.43e-07",".3764699",".0241702","15.57579","1.98e-46",".1444229",".0288302","5.009426","5.46e-07"
"stateyrv265","-.1557902",".0238613","-6.529004","1.24e-10",".0189678",".010055","1.886402",".0592407","-.1562954",".0236319","-6.613746","7.26e-11",".0319334",".0107394","2.973469",".0029445",".2885208",".0083241","34.66098","2.1e-147",".0588773",".0200913","2.930486",".0033843",".2886692",".0085223","33.87203","2.5e-143",".0655756",".0208007","3.152559",".0016185"
"stateyrv266","-.1532623",".0239827","-6.390541","2.95e-10",".0222881",".0093591","2.381424",".0172458","-.1520135",".0238608","-6.370854","3.33e-10",".0191264",".0094529","2.023334",".0430388",".302364",".0125767","24.04151","8.07e-91",".0735076",".022401","3.281448",".0010328",".302395",".0125473","24.10037","3.87e-91",".0718865",".0226668","3.171441",".0015168"
"stateyrv267","-.1912031",".0237829","-8.039536","3.65e-15","-.0154318",".0093701","-1.646915",".0995755","-.1901466",".0236431","-8.042381","3.58e-15","-.0170881",".0092716","-1.843054",".0653212",".2283494",".0094107","24.26485","4.96e-92","-.0006755",".0210499","-.0320906",".9743998",".2284038",".0093317","24.47618","3.55e-93","-.0014601",".0212535","-.0687",".9452285"
"stateyrv268","-.1527631",".0240776","-6.344607","3.92e-10",".0315243",".0107342","2.936822",".0033159","-.152582",".0239616","-6.367785","3.40e-10",".0303191",".0104902","2.890228",".0038496",".2587414",".0068629","37.70172","8.5e-163",".0337796",".0201288","1.678177",".0933126",".2582694",".0068941","37.46257","1.3e-161",".0329851",".0202321","1.630336",".1030304"
"stateyrv269","-.1855635",".0246424","-7.530241","1.50e-13","-.0225086",".0107876","-2.086523",".0369312","-.1867466",".0244068","-7.651411","6.32e-14",".0064078",".011858",".54038",".588935",".3289635",".0155976","21.0907","6.71e-75",".0951067",".0242945","3.914737",".0000905",".3296711",".0155937","21.14132","3.59e-75",".1090149",".0244958","4.450346","8.57e-06"
"stateyrv270","-.1560077",".0246516","-6.32851","4.33e-10",".0164216",".0112211","1.463455",".1433429","-.1557535",".0245018","-6.356827","3.64e-10",".0246828",".0125014","1.974407",".0483355",".3018333",".0083671","36.074","1.3e-154",".0712848",".0207665","3.432682",".0005976",".3020948",".0082057","36.81526","2.4e-158",".075791",".0212128","3.572884",".0003531"
"stateyrv271","-.1822249",".0247031","-7.376607","4.44e-13",".0082495",".014415",".5722841",".5671295","-.1824166",".0246104","-7.412169","3.46e-13",".0050527",".0117536",".4298862",".6672784",".3112655",".0133027","23.39859","2.46e-87",".0891132",".0237025","3.759654",".0001701",".3104262",".0132421","23.4424","1.42e-87",".0865329",".0231258","3.741835",".0001827"
"stateyrv272","-.163346",".0240402","-6.794697","2.26e-11",".0063957",".0098335",".6503947",".5154373","-.1624092",".0239036","-6.794347","2.27e-11",".0109347",".0096072","1.138184",".2550436",".2801992",".0081578","34.34739","8.8e-146",".0482721",".0201625","2.394156",".0166587",".2806358",".0081925","34.25537","2.6e-145",".0508596",".0203391","2.50058",".012399"
"stateyrv273","-.1670936",".0237293","-7.041661","4.41e-12",".0044672",".0089998",".4963704",".6196331","-.1665125",".0235624","-7.066867","3.72e-12",".0105882",".0087817","1.205712",".2279287",".2644951",".0061292","43.15297","3.4e-189",".0335968",".0194496","1.727379",".0840996",".2647997",".0063961","41.40001","7.0e-181",".036862",".01966","1.874972",".0607966"
"stateyrv274","-.1573376",".0256494","-6.134173","1.41e-09",".0206296",".0120295","1.714921",".0863596","-.1593636",".0253151","-6.295201","5.31e-10",".0442575",".016887","2.620798",".0087724",".2923367",".0214165","13.65007","2.70e-37",".0645066",".02796","2.307103",".0210491",".2922589",".0215542","13.55928","7.02e-37",".0759821",".0298005","2.549692",".0107818"
"stateyrv275","-.1403123",".0184213","-7.616842","8.11e-14",".026281",".0101912","2.578792",".0099146","-.1413348",".0182751","-7.733722","3.49e-14",".0507656",".0124646","4.072793",".0000465",".3268068",".0215059","15.19612","1.39e-44",".0942965",".0230015","4.099577",".0000414",".3273317",".0216014","15.15328","2.24e-44",".1038197",".0243703","4.260092",".0000204"
"stateyrv276","-.1903165",".0242437","-7.850137","1.49e-14","-.014715",".0105979","-1.388482",".1649902","-.1895487",".0240937","-7.867162","1.31e-14","-.0136836",".0106345","-1.286721",".1981917",".2332786",".006737","34.62671","3.2e-147",".0041051",".0197819",".2075195",".8356042",".2333548",".0067621","34.50905","1.3e-146",".0047031",".0198572",".236845",".8127771"
"stateyrv277","-.155949",".0240244","-6.491273","1.58e-10",".0082761",".010565",".7833463",".4334238","-.1560451",".0238076","-6.55443","1.06e-10",".0266185",".010168","2.617864",".0088482",".3012138",".008235","36.57709","3.7e-157",".0676149",".0200365","3.374593",".0007392",".3018787",".0084976","35.52524","8.1e-152",".076571",".0204523","3.743882",".0001812"
"stateyrv278","-.2005901",".0236181","-8.493063","1.13e-16","-.0293247",".0087076","-3.3677",".000758","-.2007266",".0234618","-8.555451","6.93e-17","-.016629",".0098379","-1.690291",".0909723",".2548838",".0052115","48.9079","2.6e-215",".0237164",".019232","1.233175",".2175103",".2552296",".0052893","48.25398","1.9e-212",".0304576",".0195988","1.554055",".1201713"
"stateyrv279","-.1813054",".023897","-7.586964","1.00e-13","-.0135339",".009024","-1.499763",".1336757","-.1805332",".0237258","-7.609147","8.57e-14","-.0058653",".0094785","-.6188069",".5360436",".2505595",".0056985","43.96948","5.2e-193",".0177457",".0194355",".9130532",".3612146",".2511141",".0056674","44.30822","1.4e-194",".0220336",".0196142","1.123348",".2612899"
"stateyrv280","-.1849012",".0241162","-7.667101","5.65e-14","-.0205394",".0096081","-2.137708",".0325404","-.1835793",".0239654","-7.660166","5.94e-14","-.0148053",".0099445","-1.488795",".1365414",".2885808",".0167592","17.21922","1.26e-54",".0538905",".0248373","2.169736",".0300268",".2893781",".0167588","17.26723","7.18e-55",".0579127",".0253761","2.282178",".0224788"
"stateyrv281","-.1787061",".0244831","-7.299156","7.61e-13","-.0057888",".010452","-.5538484",".5796826","-.1794147",".0242805","-7.389243","4.06e-13",".0105376",".011044",".9541494",".340008",".2836003",".0091768","30.90392","9.0e-128",".0531024",".020666","2.569551",".010183",".2838627",".0092667","30.6325","2.5e-126",".0616414",".0214208","2.877638",".0040066"
"stateyrv282","-.1868055",".0248423","-7.51964","1.62e-13","-.0390293",".0129851","-3.005692",".0026498","-.1860884",".0245791","-7.571003","1.13e-13","-.0138261",".0113694","-1.216078",".223955",".2508728",".0176312","14.2289","5.59e-40",".0086822",".0272652",".3184353",".7501547",".2526597",".017538","14.40642","8.19e-41",".0224368",".0258338",".8685049",".385118"
"stateyrv283","-.17593",".0238999","-7.361116","4.95e-13","-.0133762",".0089737","-1.490594",".1360682","-.1759748",".0236778","-7.432049","3.01e-13",".005939",".0095739",".620333",".5350385",".2721646",".0057401","47.41423","1.0e-208",".0368217",".0195326","1.885139",".0594111",".2730582",".0058327","46.8151","5.1e-206",".0472382",".0195824","2.412278",".0158532"
"stateyrv284","-.1803039",".0236647","-7.619119","7.98e-14","-.0091408",".0086171","-1.060781",".2887894","-.1798144",".023491","-7.654602","6.18e-14","-.0018725",".0086125","-.2174218",".8278797",".2646962",".0050818","52.08702","5.4e-229",".0335775",".0192624","1.743163",".0813051",".2650305",".0050865","52.10474","4.6e-229",".0374666",".0194296","1.92833",".0538141"
"stateyrv285","-.2087226",".0242235","-8.616548","4.28e-17","-.0315073",".0097431","-3.233818",".0012215","-.2085421",".0241254","-8.644071","3.44e-17","-.0266784",".00905","-2.947893",".0031995",".2460466",".0138618","17.74998","2.45e-57",".0178606",".0231859",".7703202",".44111",".2459985",".0138701","17.73589","2.89e-57",".0204394",".0232736",".8782219",".3798233"
"stateyrv286","-.1710731",".0203465","-8.407985","2.20e-16","-.007873",".0129842","-.6063573",".5442775","-.1694945",".0203939","-8.311026","4.65e-16","-.0034104",".01307","-.2609322",".7941448",".3070677",".0315118","9.744527","5.62e-21",".0715246",".04613","1.550501",".1210213",".307974",".0314929","9.779158","4.18e-21",".0748172",".0461717","1.620415",".1051433"
"stateyrv287","-.2035331",".0239496","-8.4984","1.08e-16","-.0268539",".0098405","-2.728928",".0063541","-.2033448",".0237648","-8.556537","6.87e-17","-.0216361",".0105037","-2.059852",".0394127",".263935",".0115976","22.75774","7.19e-84",".0353629",".0220719","1.602165",".1091191",".2639371",".0115437","22.86415","1.91e-84",".0380089",".0224441","1.693494",".0903615"
"stateyrv288","-.1846241",".0237886","-7.761022","2.86e-14","-.0058211",".0095567","-.6091091",".5424521","-.1837202",".0236741","-7.760375","2.87e-14","-.0087185",".0090294","-.9655612",".3342638",".278526",".0073298","37.99924","2.8e-164",".0506098",".0200581","2.523162",".0116305",".2784361",".0073144","38.06663","1.3e-164",".0494591",".0201546","2.453992",".014128"
"stateyrv289","-.2087327",".0237497","-8.788867","1.08e-17","-.0368769",".0090435","-4.077734",".0000455","-.2080367",".0236026","-8.814155","8.81e-18","-.0320189",".0094752","-3.379231",".0007269",".2368508",".0043956","53.88416","1.7e-236",".0059736",".018947",".3152772",".7525512",".2371516",".0045736","51.85282","5.3e-228",".0086688",".019196",".451595",".6515607"
"stateyrv290","-.1847281",".0237919","-7.764312","2.79e-14","-.0115865",".0088829","-1.304355",".1921127","-.1835049",".0236753","-7.750895","3.08e-14","-.0124695",".0087243","-1.42929",".1529209",".2439008",".005679","42.94747","3.2e-188",".013652",".0192978",".7074398",".4792932",".2441147",".0057181","42.69121","5.1e-187",".0133785",".0195272",".6851231",".4932662"
"stateyrv291","-.2042721",".024365","-8.383849","2.65e-16","-.0360156",".0102458","-3.515172",".0004395","-.2042034",".0241706","-8.448428","1.60e-16","-.0225627",".0106932","-2.110011",".0348574",".2557714",".0075899","33.69892","2.0e-142",".023179",".0199879","1.159655",".2461893",".2563022",".0076426","33.53593","1.4e-141",".030123",".0203251","1.482061",".138324"
"stateyrv292","-.1970175",".0244489","-8.058335","3.17e-15","-.0319482",".0100681","-3.173206",".0015077","-.1952787",".0243708","-8.012816","4.46e-15","-.0304908",".0099015","-3.079418",".0020741",".2593416",".0080212","32.33206","2.7e-135",".0250275",".0199778","1.252769",".2102897",".2600844",".0080298","32.38982","1.3e-135",".0259853",".0201143","1.291886",".1963968"
"stateyrv293","-.2132195",".0240695","-8.85851","6.16e-18","-.0117044",".0144094","-.8122716",".4166358","-.2118293",".0240375","-8.812433","8.94e-18","-.0382517",".0099421","-3.847432",".0001194",".2452955",".0117298","20.91221","6.04e-74",".0277249",".0230988","1.200273",".2300332",".2438428",".0117606","20.73395","5.41e-73",".014363",".0219814",".6534144",".5134892"
"stateyrv294","-.1906278",".0244933","-7.782853","2.44e-14","-.018635",".0108942","-1.71054",".0871661","-.1901317",".0243495","-7.808447","2.02e-14","-.0121325",".0106553","-1.138634",".2548558",".2578525",".0050956","50.60268","1.1e-222",".0269926",".0192095","1.405167",".1599715",".2581526",".0051279","50.3423","1.5e-221",".0305179",".0194923","1.565643",".1174323"
"stateyrv295","-.1958111",".0236974","-8.262971","6.72e-16","-.0220821",".0088416","-2.497531",".0125061","-.194906",".0235481","-8.276934","6.04e-16","-.0206637",".0086999","-2.375167",".017541",".2473728",".0034363","71.98793","7.5e-304",".0176754",".0189471",".9328778",".3508831",".2475171",".0035014","70.69014","1.8e-299",".0184467",".0190558",".9680374",".3330257"
"stateyrv296","-.2026562",".027899","-7.263931","9.70e-13","-.0261194",".0162744","-1.60494",".108507","-.2037416",".0276986","-7.355658","5.14e-13","-.0095586",".0175888","-.5434479",".5868215",".2509273",".0194942","12.87187","8.79e-34",".0221555",".026444",".8378274",".4021277",".2509663",".0195758","12.82025","1.49e-33",".0307496",".0274413","1.120556",".2624771"
"stateyrv297","-.1857891",".028583","-6.499985","1.49e-10","-.0185604",".0107086","-1.733216",".0830572","-.1844315",".0283704","-6.500839","1.48e-10","-.0155862",".0113381","-1.374665",".1692352",".3050376",".0198888","15.33713","2.88e-45",".0712655",".0344376","2.06941",".0385076",".3057117",".0198459","15.40426","1.36e-45",".0730518",".0339475","2.151907",".0314046"
"stateyrv298","-.2247473",".0240212","-9.356208","1.00e-19","-.0433964",".010224","-4.244575",".0000219","-.2247634",".0238394","-9.428237","5.46e-20","-.0403614",".0110774","-3.643574",".0002689",".2337773",".0045918","50.91157","5.4e-224",".0073026",".0193489",".3774198",".7058616",".2335054",".0047013","49.6678","1.2e-218",".0087245",".0195834",".4455058",".6559543"
"stateyrv299","-.2207662",".0240833","-9.166761","4.91e-19","-.0447874",".0098414","-4.55093","5.34e-06","-.2202434",".0239246","-9.205739","3.55e-19","-.0419187",".010402","-4.029869",".0000558",".1865616",".0099708","18.71082","2.61e-62","-.0422884",".0207802","-2.035027",".0418481",".1865975",".010182","18.32621","2.61e-60","-.0408098",".0208192","-1.960199",".0499725"
"stateyrv300","-.2271132",".0237405","-9.566496","1.68e-20","-.0529471",".0088122","-6.008407","1.87e-09","-.2265272",".0235999","-9.598664","1.27e-20","-.0490905",".0090142","-5.445927","5.15e-08",".2158092",".0029764","72.5072","1.4e-305","-.0139711",".0187656","-.7445096",".4565682",".2159668",".0030773","70.18114","9.7e-298","-.0118643",".0190104","-.6240966",".5325642"
"stateyrv301","-.2052149",".0237822","-8.628937","3.88e-17","-.0314796",".0090557","-3.476226",".0005085","-.2041854",".0236399","-8.637333","3.63e-17","-.0311622",".0091247","-3.415146",".0006375",".2276244",".0038739","58.75793","4.7e-256","-.0023461",".0189511","-.123799",".9014744",".2278033",".0038786","58.73396","5.9e-256","-.0020232",".0191032","-.1059087",".9156548"
"stateyrv302","-.2278462",".0243515","-9.356546","1.00e-19","-.0586657",".0101303","-5.791098","6.99e-09","-.2266945",".0241969","-9.368748","9.03e-20","-.0555413",".0107482","-5.167489","2.37e-07",".2159771",".0071592","30.16763","7.3e-124","-.0158805",".0197759","-.8030214",".4219624",".2164024",".0072002","30.05519","2.9e-123","-.0145049",".0201752","-.7189479",".472173"
"stateyrv303","-.215988",".0237747","-9.084769","9.69e-19","-.0428265",".009099","-4.706706","2.52e-06","-.2145365",".0236733","-9.062366","1.17e-18","-.0457371",".0090304","-5.064791","4.09e-07",".232171",".0095069","24.42128","7.04e-93",".0016783",".0208513",".0804875",".9358495",".2324157",".0094923","24.48473","3.19e-93",".0009564",".0210266",".0454837",".9637218"
"stateyrv304","-.2207765",".0257154","-8.585367","5.47e-17","-.0814627",".0157644","-5.167521","2.37e-07","-.2198501",".0253638","-8.66786","2.85e-17","-.0508873",".0142754","-3.564684",".0003643",".2377297",".0132049","18.0032","1.22e-58","-.0076388",".022957","-.3327437",".7393277",".2399318",".0134801","17.79891","1.37e-57",".0079924",".0228996",".3490187",".7270753"
"stateyrv305","-.2043293",".0237374","-8.607889","4.58e-17","-.0265156",".0093659","-2.831067",".0046393","-.2036756",".0236133","-8.625474","3.98e-17","-.0263652",".0090355","-2.917954",".0035234",".2356974",".0042701","55.19667","7.1e-242",".0076048",".0190025",".4001998",".6890094",".2356326",".0043788","53.8126","3.4e-236",".0076791",".0191308",".4014",".6881257"
"stateyrv306","-.2143467",".0235427","-9.104607","8.22e-19","-.0310553",".0090153","-3.444728",".0005716","-.2141701",".0234046","-9.15078","5.61e-19","-.0313723",".0085957","-3.649747",".0002625",".2255885",".0034357","65.66016","6.9e-282",".0003002",".0191636",".0156665",".9875005",".2251593",".0033271","67.67517","4.7e-289","-.0002111",".0192093","-.0109886",".9912326"
"stateyrv307","-.2281162",".0250716","-9.098584","8.64e-19","-.0493084",".0110721","-4.453415","8.45e-06","-.228059",".0248704","-9.169907","4.79e-19","-.044751",".0128098","-3.493499",".0004767",".2141065",".0134874","15.87457","6.79e-48","-.0135247",".0223981","-.6038349",".5459534",".2139851",".0136174","15.71404","4.18e-47","-.0117395",".0234191","-.5012808",".6161735"
"stateyrv308","-.2167471",".0271405","-7.986111","5.45e-15","-.0340702",".0103973","-3.276823",".0010498","-.2152072",".0271165","-7.936392","7.88e-15","-.0458744",".0103906","-4.41498",".0000101",".2280766",".0144698","15.76222","2.42e-47",".0007022",".0280579",".0250265",".9800338",".22791",".0143315","15.90269","4.93e-48","-.0040154",".0278844","-.1440007",".8854999"
"stateyrv309","-.228447",".023738","-9.623689","1.02e-20","-.0462952",".0096598","-4.792585","1.65e-06","-.2280681",".0236285","-9.652239","8.00e-21","-.0474234",".0088778","-5.34181","9.20e-08",".2338831",".0080935","28.89759","4.5e-117",".0078394",".0205015",".3823806",".7021791",".233551",".0081206","28.7602","2.4e-116",".0069095",".0205434",".3363362",".7366173"
"stateyrv310","-.2059173",".024105","-8.542495","7.67e-17","-.0275255",".0091079","-3.022157",".0025098","-.2052694",".0240348","-8.540505","7.79e-17","-.0278161",".0090513","-3.073173",".002118",".2376186",".0067017","35.45655","1.8e-151",".0096156",".0199704",".4814912",".6301675",".2375428",".0066133","35.91878","8.0e-154",".0100313",".020229",".4958902",".6199719"
"stateyrv311","-.218633",".0237087","-9.221619","3.11e-19","-.0429034",".0090085","-4.762527","1.91e-06","-.2177769",".0235943","-9.230054","2.90e-19","-.0427593",".0089726","-4.76553","1.88e-06",".2443362",".0039013","62.62925","8.5e-271",".0153017",".0188617",".8112579",".4172176",".2443936",".0040413","60.47334","1.1e-262",".0154507",".0190608",".8106017",".4175944"
"stateyrv312","-.1918296",".0237593","-8.073868","2.82e-15","-.011338",".0097382","-1.164284",".2443089","-.1911793",".023622","-8.093274","2.44e-15","-.0134412",".0096289","-1.395924",".1627374",".2552171",".0040825","62.51511","2.3e-270",".0284612",".0192447","1.47891",".1391643",".2549769",".004071","62.63274","8.3e-271",".0273285",".0193434","1.412804",".1577135"
"stateyrv313","-.2255035",".0243075","-9.277123","1.95e-19","-.0428066",".0113636","-3.766987",".0001652","-.224793",".0242231","-9.280105","1.91e-19","-.0473203",".0099641","-4.749073","2.04e-06",".2580383",".0060723","42.49412","4.4e-186",".0325996",".0199534","1.63379",".1023029",".257624",".0059942","42.97903","2.2e-188",".0296137",".0197714","1.497806",".1341837"
"stateyrv314","-.2022873",".0239756","-8.437217","1.75e-16","-.024345",".0094759","-2.569163",".0101944","-.2010559",".0238642","-8.425006","1.92e-16","-.0293939",".0098127","-2.995502",".0027399",".2494058",".004313","57.82618","2.1e-252",".0212",".0190932","1.110341",".2668521",".2493504",".0043046","57.9266","8.6e-253",".0184378",".0191933",".960636",".3367352"
"stateyrv315","-.2221525",".0249102","-8.918149","3.80e-18","-.0200789",".0147235","-1.36373",".1726525","-.2208833",".0248358","-8.893727","4.63e-18","-.0460369",".0124831","-3.687926",".0002261",".2515292",".008567","29.3602","1.5e-119",".0340232",".021644","1.57195",".1159622",".250068",".0084447","29.61252","6.7e-121",".0206363",".0204034","1.011415",".3118179"
"stateyrv316","-.2075677",".0236757","-8.767133","1.29e-17","-.0322927",".0088732","-3.63936",".0002733","-.2069272",".0235341","-8.79266","1.05e-17","-.0298616",".009084","-3.287291",".0010116",".256042",".0040706","62.90088","8.3e-272",".0267435",".0190008","1.407497",".1592801",".2561358",".0041198","62.17115","4.4e-269",".0280712",".01929","1.455224",".1456074"
"stateyrv317","-.2080209",".0235633","-8.828172","7.87e-18","-.0250223",".0089715","-2.789073",".0052859","-.2074691",".0234532","-8.846077","6.81e-18","-.0283952",".0085477","-3.321957",".0008939",".2388267",".0030091","79.36928","0",".0133846",".0190204",".7036978",".481621",".238414",".0029625","80.47814","0",".0110412",".0190548",".5794451",".5622889"
"stateyrv318","-.2101914",".0244449","-8.598561","4.93e-17","-.0289151",".0109793","-2.633604",".0084484","-.2092676",".0243882","-8.580693","5.68e-17","-.0340966",".0098594","-3.458291",".0005436",".2267705",".0065797","34.46516","2.2e-146",".0004305",".0198385",".0217005",".9826868",".2264734",".0065762","34.43822","3.0e-146","-.0023179",".0196298","-.1180781",".9060058"
"stateyrv319","-.1902366",".0216965","-8.768085","1.28e-17","-.0140133",".0109247","-1.282716",".1995915","-.1895899",".021725","-8.726789","1.78e-17","-.0124456",".0113854","-1.093119",".2743418",".2590733",".0148471","17.44941","8.47e-56",".0315521",".0247204","1.276356",".2018296",".2589335",".0149928","17.27055","6.90e-55",".0310817",".0253626","1.225496",".2203883"
"stateyrv320","-.2244915",".0240391","-9.338605","1.17e-19","-.039",".0104409","-3.735325",".0001875","-.2234382",".0239469","-9.330564","1.25e-19","-.0489165",".0104635","-4.674987","2.94e-06",".2074224",".0053439","38.81499","2.6e-168","-.0170865",".0197719","-.8641781",".38749",".2068833",".0053538","38.64262","1.8e-167","-.0224567",".0196133","-1.14497",".2522214"
"stateyrv321","-.1949338",".0240509","-8.105045","2.23e-15","-.0216351",".0114544","-1.888795",".0589194","-.1930961",".0239044","-8.077834","2.74e-15","-.0280661",".0114032","-2.461243",".0138456",".2370452",".0117023","20.25636","1.89e-70",".0066998",".0223099",".3003063",".7639435",".2372664",".0116155","20.42669","2.35e-71",".0035796",".0226577",".1579862",".8744677"
"stateyrv322","-.2133201",".0236065","-9.036511","1.44e-18","-.0444928",".008665","-5.134777","2.82e-07","-.2116716",".0234822","-9.014145","1.73e-18","-.0454437",".0088788","-5.118252","3.08e-07",".2033174",".0034487","58.9549","8.1e-257","-.029",".0188565","-1.537931",".1240655",".2037995",".0034056","59.84162","3.0e-260","-.0291994",".0191274","-1.526573",".1268673"
"stateyrv323","-.1888415",".0237308","-7.957651","6.73e-15","-.0157556",".0089689","-1.756686",".0789714","-.1875786",".0235904","-7.951492","7.05e-15","-.0169407",".0093542","-1.811028",".0701366",".205989",".0047977","42.93471","3.6e-188","-.0242822",".0191645","-1.267046",".205139",".2062055",".0047984","42.97419","2.4e-188","-.0247079",".0193283","-1.278327",".2011343"
"stateyrv324","-.2059395",".0241581","-8.524644","8.83e-17","-.0304185",".0100402","-3.029661",".0024483","-.2046082",".0240439","-8.509773","9.92e-17","-.0342828",".0101154","-3.389169",".000701",".2350591",".0115884","20.28402","1.35e-70",".0053438",".0219114",".2438836",".807321",".2352018",".0115676","20.3328","7.42e-71",".003971",".0223344",".1777985",".8588812"
"stateyrv325","-.1956941",".0241208","-8.113096","2.10e-15","-.0265088",".0099801","-2.65616",".0079036","-.193697",".0240422","-8.056531","3.22e-15","-.0308365",".0099999","-3.083674",".0020446",".2383299",".0076815","31.02637","2.0e-128",".0061733",".0199822",".3089407",".7573666",".2387879",".0076749","31.11296","7.0e-129",".0042282",".0202523",".2087743",".8346244"
"stateyrv326","-.2037318",".0242662","-8.39571","2.42e-16","-.0411851",".0109279","-3.768789",".000164","-.2023658",".0241398","-8.383091","2.66e-16","-.034292",".0097985","-3.499729",".0004657",".2190986",".0132032","16.59437","1.79e-51","-.0165676",".0220648","-.7508606",".4527365",".220023",".0133887","16.43352","1.15e-50","-.0121078",".022846","-.5299729",".5961307"
"stateyrv327","-.2003219",".0237297","-8.44181","1.69e-16","-.0262967",".0092502","-2.842818",".0044717","-.1984613",".0236372","-8.396156","2.41e-16","-.0335482",".0096575","-3.473794",".0005132",".23321",".0053069","43.94501","6.8e-193",".0033179",".0193165",".1717669",".8636208",".2333715",".0052664","44.31369","1.3e-194","-.0002976",".0195181","-.0152458",".9878361"
"stateyrv328","-.2068382",".0236599","-8.742148","1.57e-17","-.0302158",".0087013","-3.47257",".0005155","-.2053099",".0235908","-8.702968","2.15e-17","-.036754",".0085751","-4.286116",".0000182",".2118546",".0040298","52.57146","5.0e-231","-.016309",".0190576","-.8557753",".3921221",".211792",".0039346","53.82862","2.9e-236","-.0199868",".0193329","-1.033823",".3012189"
"stateyrv329","-.2019083",".0253565","-7.962794","6.48e-15","-.0284605",".0112035","-2.540313",".0110753","-.2007631",".025182","-7.972476","6.03e-15","-.0289176",".0132226","-2.186989",".0287434",".2079097",".0081214","25.60027","2.84e-99","-.0219438",".020011","-1.096583",".2728237",".2080721",".0082018","25.3691","5.09e-98","-.0223821",".0206913","-1.081716",".2793785"
"stateyrv330","-.2093262",".0247058","-8.472753","1.33e-16","-.0279643",".0105474","-2.65129",".0080185","-.2078112",".0247776","-8.387055","2.58e-16","-.0384273",".0104295","-3.684466",".0002292",".2369533",".017157","13.81085","4.91e-38",".0092311",".0209117",".4414347",".6588984",".2368311",".0171624","13.79938","5.55e-38",".0042084",".0211553",".1989276",".8423194"
"stateyrv331","-.231015",".0243533","-9.485965","3.34e-20","-.0441911",".0110379","-4.003596",".0000624","-.2305691",".0242282","-9.516542","2.57e-20","-.0498918",".0108506","-4.598088","4.26e-06",".208304",".0085651","24.32005","2.49e-92","-.0155995",".0207678","-.7511403",".4525682",".2076904",".0086075","24.12895","2.71e-91","-.0187846",".0208458","-.9011229",".367523"
"stateyrv332","-.1854965",".0237127","-7.822682","1.82e-14","-.0153707",".0088623","-1.734405",".0828462","-.1839391",".0236078","-7.791443","2.29e-14","-.0166274",".0084799","-1.960818",".0499003",".2135853",".005906","36.16426","4.6e-155","-.0172398",".0193177","-.8924394",".3721575",".2138722",".0059725","35.80931","2.9e-153","-.018441",".0195029","-.945553",".3443766"
"stateyrv333","-.2015861",".0236869","-8.510461","9.87e-17","-.0321441",".0086891","-3.699367",".0002161","-.2003103",".02353","-8.512992","9.67e-17","-.0303359",".0087241","-3.477238",".0005066",".1944335",".0035017","55.52525","3.3e-243","-.0375841",".0188628","-1.992494",".0463169",".1948793",".0034977","55.71672","5.5e-244","-.0363784",".019076","-1.907024",".0565175"
"stateyrv334","-.1914261",".0237088","-8.074071","2.82e-15","-.0252007",".0086344","-2.918631",".0035157","-.189379",".0235946","-8.026383","4.03e-15","-.0274457",".008851","-3.100842",".0019297",".2094354",".0039952","52.42186","2.1e-230","-.0240926",".0189506","-1.271332",".2036106",".2100733",".0039789","52.79748","5.6e-232","-.0248465",".0191405","-1.298109",".1942499"
"stateyrv335","-.2188429",".0238609","-9.171628","4.72e-19","-.0465118",".0093344","-4.982833","6.27e-07","-.2179988",".0236962","-9.199739","3.73e-19","-.0433638",".0095748","-4.528976","5.93e-06",".2501004",".0068754","36.37595","3.9e-156",".0199203",".0197228","1.010018",".3124869",".2503081",".0069093","36.22794","2.2e-155",".0211167",".0199917","1.056274",".2908432"
"stateyrv336","-.1987211",".0243109","-8.174143","1.32e-15","-.0240002",".0115284","-2.081836",".0373575","-.198169",".0241513","-8.205328","1.04e-15","-.0203177",".0108866","-1.866301",".0619992",".2408172",".0065442","36.79831","2.9e-158",".0111741",".0196514",".5686143",".5696179",".240957",".0065072","37.02942","2.0e-159",".0132545",".0198838",".6666",".5050277"
"stateyrv337","-.2179224",".0251826","-8.653695","3.18e-17","-.0367299",".0127013","-2.891829",".0038301","-.2164921",".025065","-8.637226","3.63e-17","-.0463018",".0127728","-3.625031",".0002889",".2271282",".0160455","14.15529","1.24e-39",".0006008",".0244529",".0245704",".9803976",".2268515",".0160625","14.12307","1.75e-39","-.0042359",".024363","-.1738681",".8619691"
"stateyrv338","-.1993873",".0236541","-8.429309","1.86e-16","-.0215279",".0093435","-2.304043",".0212203","-.1984744",".0235223","-8.437729","1.74e-16","-.0237003",".008838","-2.681646",".0073261",".2245861",".0040755","55.1065","1.7e-241","-.0034673",".0190092","-.1824005",".8552684",".224514",".0041321","54.3336","2.4e-238","-.0045799",".0191451","-.2392211",".8109341"
"stateyrv339","-.2125775",".0236587","-8.985169","2.20e-18","-.0335936",".0089472","-3.754656",".0001736","-.2117393",".0235478","-8.991902","2.08e-18","-.0360664",".0085072","-4.239522",".0000224",".2060194",".0037564","54.84436","1.9e-240","-.0216059",".0189367","-1.140953",".2538894",".2058918",".0037511","54.8884","1.3e-240","-.0227385",".0190897","-1.191141",".2335984"
"stateyrv340","-.2015341",".0245938","-8.194505","1.13e-15","-.0260893",".0104237","-2.502888",".0123184","-.2007719",".0244684","-8.205367","1.04e-15","-.024875",".0106886","-2.32724",".0199525",".202134",".0075195","26.88139","3.3e-106","-.0268055",".019786","-1.354774",".1754896",".2021799",".0076218","26.52643","2.7e-104","-.0262113",".0200569","-1.306849",".191264"
"stateyrv341","-.2018509",".0231652","-8.71354","1.98e-17","-.0232442",".0153359","-1.515672",".1296024","-.2017051",".0230745","-8.741476","1.58e-17","-.019295",".0140235","-1.375904",".1688514",".224073",".012844","17.44573","8.84e-56","-.0031169",".0270529","-.1152143",".9082752",".223893",".0127707","17.53184","3.21e-56","-.0020656",".0271696","-.0760246",".9393995"
"stateyrv342","-.2138446",".0241844","-8.842239","7.03e-18","-.0382849",".0104568","-3.661249",".000251","-.2110307",".0242164","-8.714384","1.96e-17","-.0552441",".0129821","-4.255416",".0000209",".2436728",".0129699","18.7876","1.04e-62",".014556",".0226757",".6419202",".520925",".2437242",".0129299","18.84965","4.92e-63",".0057413",".0213353",".2690987",".7878537"
"stateyrv343","-.193381",".0241025","-8.023266","4.13e-15","-.0190769",".009936","-1.919983",".05486","-.1914408",".0240239","-7.96877","6.20e-15","-.0272678",".0101842","-2.677455",".0074184",".2625376",".0076731","34.21541","4.2e-145",".0327385",".0202313","1.618214",".1056165",".2626873",".007606","34.53694","9.3e-147",".0292034",".0200249","1.458353",".1447434"
"stateyrv344","-.1866586",".0236224","-7.901764","1.02e-14","-.0073458",".0090026","-.8159698",".4145174","-.1841595",".0235899","-7.806713","2.05e-14","-.0247311",".0091895","-2.691231",".0071189",".2535833",".0037065","68.41532","1.2e-291",".0262631",".0191579","1.370877",".1704134",".2534017",".0036675","69.09327","5.4e-294",".0172865",".0196969",".8776229",".3801484"
"stateyrv345","-.1791413",".0236738","-7.567075","1.16e-13","-.0040912",".0088775","-.4608531",".644904","-.1751402",".023783","-7.36408","4.85e-13","-.0310749",".0093654","-3.318065",".0009064",".2593059",".0037898","68.42124","1.2e-291",".0299936",".0189159","1.585632",".1128229",".2593736",".0037534","69.10431","4.9e-294",".0162458",".020006",".8120469",".4167647"
"stateyrv346","-.1972373",".0241378","-8.171318","1.35e-15","-.0141424",".0110204","-1.283296",".1993883","-.1954642",".0240506","-8.12722","1.89e-15","-.0283565",".0106744","-2.656489",".0078959",".2747615",".0112459","24.43207","6.15e-93",".0490609",".0219522","2.234896",".0254242",".2743721",".0111878","24.52427","1.95e-93",".0411544",".0219564","1.874367",".0608798"
"stateyrv347","-.1798531",".0238825","-7.530756","1.50e-13",".0043738",".0097122",".450347",".6524603","-.1777858",".0239236","-7.431387","3.02e-13","-.0133972",".0087586","-1.529604",".1261148",".2762721",".0106665","25.901","6.6e-101",".0507677",".0217173","2.337664",".0194047",".2758546",".0106188","25.97795","2.5e-101",".0414629",".0219016","1.893148",".0583382"
"stateyrv348","-.2024331",".0248581","-8.143535","1.67e-15","-.0329613",".0118774","-2.775125",".0055181","-.2006263",".0247789","-8.096649","2.38e-15","-.035857",".0120557","-2.974284",".0029367",".2609083",".0117611","22.18399","8.98e-81",".0286864",".0218799","1.311088",".1898282",".2613751",".0117545","22.23625","4.69e-81",".0269626",".0222963","1.209286",".2265529"
"stateyrv349","-.1761011",".0237143","-7.425933","3.14e-13",".003554",".0090392",".3931737",".6941912","-.1741642",".0236865","-7.352874","5.24e-13","-.0091707",".0092574","-.9906264",".3218681",".2535768",".0059105","42.90246","5.2e-188",".0263819",".0195303","1.35082",".1767532",".2533834",".0058855","43.05217","1.0e-188",".0197859",".0199595",".9913034",".3215374"
"stateyrv350","-.179755",".023683","-7.590042","9.82e-14","-.0109329",".008786","-1.244352",".21337","-.1772641",".0236714","-7.488543","2.02e-13","-.0193017",".0088574","-2.179157",".02932",".266429",".0041949","63.51302","4.5e-274",".0338568",".0190569","1.776621",".0756307",".2669371",".0040871","65.31167","1.2e-280",".0299236",".0194259","1.540401",".1234626"
"stateyrv351","-.191168",".0243865","-7.839086","1.62e-14","-.0170408",".0108938","-1.564271",".1177539","-.1883472",".024409","-7.716293","3.96e-14","-.032839",".011187","-2.935447",".0033307",".2622656",".0046101","56.88988","1.1e-248",".0320803",".0191734","1.673165",".0942949",".2624569",".004546","57.73305","4.9e-252",".0240226",".019756","1.215965",".2239982"
"stateyrv352","-.1877762",".0223892","-8.386913","2.59e-16","-.0016252",".0155503","-.1045126",".9167626","-.1871565",".0223901","-8.358888","3.21e-16","-.0082842",".0150863","-.5491201",".5829231",".2703334",".0238947","11.31355","4.08e-27",".0423191",".0300968","1.406102",".159694",".2702498",".0239211","11.29755","4.75e-27",".0377043",".0326401","1.15515",".2480288"
"stateyrv353","-.2145689",".0240832","-8.909496","4.07e-18","-.052494",".0110527","-4.74943","2.04e-06","-.2108942",".0241077","-8.74799","1.50e-17","-.0655383",".012292","-5.331803","9.72e-08",".2554999",".010946","23.34175","4.99e-87",".0198534",".021423",".9267328",".3540653",".2564023",".0110169","23.27355","1.17e-86",".0136869",".0223886",".6113348",".540978"
"stateyrv354","-.1864836",".0239393","-7.789856","2.32e-14","-.0242612",".0091102","-2.663093",".0077426","-.1832826",".0239408","-7.655663","6.13e-14","-.0332577",".0094395","-3.523241",".0004263",".2666405",".0062322","42.78457","1.9e-187",".0319929",".0195922","1.632937",".1024823",".2674155",".0062487","42.79519","1.6e-187",".0269575",".0201764","1.336089",".1815202"
"stateyrv355","-.1725851",".0240696","-7.170256","1.85e-12","-.0016226",".0105427","-.1539039",".8776855","-.1711043",".0238849","-7.163707","1.93e-12","-.0029168",".0101359","-.2877707",".7735223",".2551438",".0056286","45.32963","2.8e-199",".0238426",".0196033","1.216256",".2238873",".2554937",".0055106","46.36421","5.5e-204",".0234002",".019732","1.185902",".2356609"
"stateyrv356","-.1831126",".023855","-7.676058","5.30e-14","-.0184451",".009247","-1.994714",".0460741","-.1814366",".023711","-7.651995","6.30e-14","-.016092",".0092938","-1.731478",".0833665",".261397",".0036576","71.46747","4.2e-302",".027147",".0189188","1.434921",".1513096",".2621328",".0036836","71.16178","4.5e-301",".0288185",".0190558","1.512327",".1304506"
"stateyrv357","-.1965552",".0241162","-8.150346","1.59e-15","-.0280467",".0094747","-2.960152",".0030749","-.1954218",".023969","-8.153101","1.55e-15","-.0241882",".0095304","-2.537991",".0111491",".2630177",".0088693","29.65488","4.0e-121",".030675",".0204838","1.497526",".1342563",".2635067",".0088862","29.65358","4.0e-121",".0324709",".0206619","1.571532",".1160592"
"stateyrv358","-.1703251",".0239238","-7.119471","2.61e-12","-.0015528",".0096368","-.1611359",".8719863","-.1685607",".0238037","-7.081271","3.38e-12","-.0034782",".0108298","-.3211729",".7480794",".2792922",".0073409","38.0459","1.6e-164",".0470147",".0202252","2.324564",".0200953",".2797685",".0072456","38.61215","2.6e-167",".0465517",".0206394","2.255481",".0241031"
"stateyrv359","-.1907289",".024409","-7.813887","1.94e-14","-.0217441",".0103685","-2.097122",".0359828","-.1883302",".0243763","-7.725959","3.69e-14","-.0294392",".0101231","-2.908127",".003636",".2625343",".0101222","25.93638","4.3e-101",".0307943",".0210269","1.464517",".1430527",".2629342",".0101368","25.9386","4.2e-101",".0266584",".0214826","1.240934",".2146303"
"stateyrv360","-.1683509",".0236854","-7.107806","2.82e-12","-.0045911",".0086321","-.5318667",".5948183","-.1649445",".0237393","-6.948168","8.23e-12","-.0167079",".0090904","-1.837979",".0660654",".2586197",".0072863","35.49392","1.2e-151",".0238575",".0199385","1.196555",".2314801",".2594081",".0072734","35.66522","1.6e-152",".0180652",".020739",".8710726",".3837145"
"stateyrv361","-.1446659",".0237197","-6.098975","1.73e-09",".0195312",".0089621","2.179302",".0293092","-.1424238",".0236478","-6.022717","2.72e-09",".0172981",".0086466","2.000565",".0454393",".2825183",".0054004","52.31428","6.0e-230",".0477109",".0195132","2.445058",".0144829",".2833226",".0051196","55.34026","1.9e-242",".0473345",".0194831","2.429513",".0151191"
"stateyrv362","-.1770256",".0241196","-7.339492","5.75e-13","-.0103657",".0109654","-.9453079",".3445017","-.1748372",".0240009","-7.284625","8.41e-13","-.0142255",".0114318","-1.244387",".2133572",".2688643",".0095813","28.06127","1.4e-112",".0354191",".0210584","1.681945",".0925794",".269489",".0094909","28.39452","2.3e-114",".0333427",".0213083","1.564778",".1176349"
"stateyrv363","-.228343",".02989","-7.639452","6.89e-14","-.0606402",".012719","-4.767677","1.86e-06","-.2262889",".0297987","-7.593931","9.55e-14","-.064206",".0133986","-4.791984","1.65e-06",".246507",".0184118","13.38852","4.21e-36",".0138684",".0258681",".5361179",".5918771",".2470304",".0183384","13.47064","1.78e-36",".0135925",".0255326",".5323572",".5944786"
"stateyrv364","-.1935742",".0242965","-7.967172","6.27e-15","-.029853",".0105696","-2.824405",".0047369","-.1912069",".0241953","-7.902646","1.01e-14","-.0327831",".010906","-3.005978",".0026473",".2287795",".0113141","20.2207","2.92e-70","-.0059893",".0217914","-.2748453",".7834351",".2295773",".0112999","20.31677","9.03e-71","-.0071778",".0223604","-.3210024",".7482086"
"stateyrv365","-.1742609",".0237028","-7.351913","5.27e-13",".0043923",".0095111",".4618104",".6442173","-.171332",".0237247","-7.22166","1.30e-12","-.0162168",".0089294","-1.816124",".0693514",".2621855",".0077933","33.64234","3.9e-142",".0330936",".0202456","1.634607",".1021315",".2622332",".0077319","33.9159","1.5e-143",".023988",".020716","1.157947",".2468856"
"stateyrv366","-.1761066",".0237507","-7.414802","3.40e-13","-.0002822",".009634","-.0292878",".976635","-.174512",".0235791","-7.401133","3.74e-13","-.0067246",".0096448","-.6972321",".4856576",".2307647",".0030758","75.02469","7.3e-314",".0017719",".0189678",".0934184",".9255712",".2308104",".0029521","78.1859","0","-.0014736",".0192402","-.0765922",".938948"
"stateyrv367","-.1806686",".0239267","-7.550908","1.30e-13","-.0022907",".0100332","-.2283129",".819403","-.1782547",".0238717","-7.467208","2.35e-13","-.0181288",".0100553","-1.802907",".0714028",".241596",".004543","53.17947","1.4e-233",".0138607",".019165",".7232279",".4695399",".2414698",".0045056","53.59335","2.7e-235",".0057401",".0193531",".296601",".7667712"
"stateyrv368","-.1824038",".0239033","-7.630911","7.33e-14","-.0060453",".0094652","-.6386885",".5230256","-.1808761",".023817","-7.594402","9.52e-14","-.0123533",".009043","-1.366053",".1719224",".242484",".0139265","17.41172","1.32e-55",".0131608",".0232399",".5663026",".5711881",".2425743",".013899","17.45261","8.15e-56",".0108688",".0234355",".4637746",".6428092"
"stateyrv369","-.1619208",".024223","-6.684593","4.61e-11",".0096336",".0093342","1.032086",".302032","-.1607578",".0241819","-6.647857","5.84e-11",".0106342",".0087603","1.213908",".2247828",".2449487",".007178","34.12506","1.2e-144",".0141141",".0200117",".7052909",".4806292",".2452408",".0071039","34.52222","1.1e-146",".015145",".0205083",".7384831",".4602209"
"stateyrv370","-.1869395",".0247432","-7.555194","1.26e-13",".0091256",".0141505",".6448917",".5189974","-.1846529",".0247671","-7.455583","2.55e-13","-.0206715",".0111117","-1.860339",".0628376",".2311678",".0088867","26.01291","1.6e-101",".0107389",".0214872",".499783",".6172279",".2300824",".0088171","26.09497","5.9e-102","-.0041817",".0206871","-.2021418",".8398059"
"stateyrv371","-.1536077",".0236385","-6.498192","1.51e-10",".017625",".0089391","1.971669",".0486474","-.1509622",".0236154","-6.392518","2.92e-10",".0058394",".0096832",".6030435",".5464798",".2481838",".0073406","33.80982","5.3e-143",".0169815",".0196832",".8627364",".3882824",".2485109",".0073881","33.63651","4.2e-142",".0111298",".0201387",".5526599",".5804963"
"stateyrv372","-.1410486",".0236946","-5.952775","4.10e-09",".0287069",".0086902","3.303359",".0009553","-.1390065",".0236312","-5.882319","6.17e-09",".023496",".0086696","2.710171",".0067249",".2644959",".0044184","59.86278","2.5e-260",".0326606",".0191333","1.707005",".087821",".2649113",".0042411","62.46259","3.6e-270",".0302348",".0193717","1.560771",".1185777"
"stateyrv373","-.173174",".0238709","-7.254592","1.03e-12","-.0058715",".0100616","-.5835602",".5595163","-.1711166",".0237857","-7.194097","1.57e-12","-.009125",".0096977","-.9409438",".3467337",".2160547",".0140662","15.35985","2.24e-45","-.0171709",".0239435","-.717142",".4732865",".2166518",".0139346","15.54774","2.72e-46","-.0187839",".0238669","-.7870262",".4312665"
"stateyrv374","-.1910181",".0238253","-8.017443","4.31e-15","-.0166502",".0119418","-1.394278",".1632336","-.1892707",".0238722","-7.928499","8.36e-15","-.0231974",".010399","-2.230727",".0256992",".2284849",".0095267","23.98367","1.66e-90","-.0017953",".0221215","-.0811571",".935317",".228701",".0094976","24.07998","4.99e-91","-.0030898",".0223533","-.1382252",".8900624"
"stateyrv375","-.1848838",".0239306","-7.725829","3.69e-14","-.0109973",".0094917","-1.158621",".2466107","-.1835746",".0237909","-7.716174","3.96e-14","-.0132735",".010152","-1.307484",".1910485",".2653765",".0179024","14.82352","8.58e-43",".0353612",".0255363","1.384746",".1661302",".2655587",".0179481","14.7959","1.16e-42",".0343076",".0253758","1.351977",".1763825"
"stateyrv376","-.1637583",".023808","-6.8783","1.31e-11",".0072943",".0091812",".7944783",".426917","-.1618197",".0237074","-6.825691","1.85e-11",".0018898",".0091815",".2058281",".8369252",".266255",".0184822","14.406","8.23e-41",".0356919",".0261094","1.367015",".1716205",".266504",".0184685","14.43022","6.32e-41",".032373",".0264319","1.22477",".2206619"
"stateyrv377","-.1664276",".0238106","-6.989633","6.25e-12",".0050309",".0093076",".5405184",".5888396","-.1645161",".0235913","-6.973586","6.95e-12","-.0004811",".0095239","-.0505195",".9597084",".253954",".0066898","37.96112","4.4e-164",".0228797",".0198285","1.15388",".2485495",".2542705",".0066202","38.40844","2.6e-166",".0202457",".0202696",".9988198",".317882"
"stateyrv378","-.1795191",".0236063","-7.604719","8.84e-14","-.0035974",".0088664","-.4057356",".6849369","-.1780882",".0234904","-7.581331","1.05e-13","-.0086806",".0088191","-.9842956",".3249702",".2610795",".0073412","35.56363","5.1e-152",".0321629",".0200003","1.608123",".1078082",".2611166",".0073204","35.66948","1.5e-152",".0296448",".0201394","1.471985",".1410249"
"stateyrv379","-.1993758",".0240129","-8.302856","4.95e-16","-.0179025",".0101148","-1.769926",".0767395","-.1985452",".0239112","-8.303441","4.93e-16","-.0224309",".0094717","-2.368197",".017875",".2458265",".0089247","27.5446","8.5e-110",".0191565",".0208594",".9183617",".3584295",".2455741",".0088914","27.61915","3.4e-110",".0174771",".0207958",".8404157",".4006754"
"stateyrv380","-.1447329",".0237997","-6.08129","1.93e-09",".0323447",".0094963","3.406011",".0006592","-.1438647",".0236615","-6.080113","1.94e-09",".031233",".0094025","3.321785",".0008944",".2522286",".0070007","36.02883","2.2e-154",".0238441",".0196559","1.213074",".2251015",".2522003",".0070263","35.89375","1.1e-153",".023176",".0198282","1.168842",".2424672"
"stateyrv381","-.1937261",".0243563","-7.953841","6.92e-15","-.029957",".0103053","-2.906951",".0036497","-.1928",".0241474","-7.984294","5.52e-15","-.020231",".0105367","-1.920055",".054851",".2544092",".0162173","15.68756","5.63e-47",".0199422",".0248086",".8038431",".4214876",".2551794",".0161883","15.76323","2.40e-47",".0249962",".024732","1.010682",".3121686"
"stateyrv382","-.154135",".0238014","-6.475886","1.74e-10",".0245611",".0094766","2.591769",".0095484","-.1525318",".0237355","-6.426325","2.36e-10",".0155948",".008814","1.769329",".076839",".2646678",".0126735","20.88357","8.60e-74",".0370099",".0223254","1.657747",".0973685",".264538",".0126998","20.83017","1.66e-73",".0323732",".0225096","1.438196",".1503785"
"stateyrv383","-.153642",".0236518","-6.495985","1.53e-10",".0221142",".0085771","2.578272",".0099296","-.1524649",".0235348","-6.478279","1.71e-10",".0194076",".0087763","2.21135",".0270116",".2480871",".0077304","32.09229","4.8e-134",".0190707",".0200167",".9527403",".3407217",".2481394",".0076376","32.48926","4.0e-136",".0177506",".0204155",".869464",".3845934"
"stateyrv384","-.1691631",".0241242","-7.012177","5.37e-12",".0063685",".0103033",".6180957",".5365123","-.1691334",".0238844","-7.081331","3.37e-12",".0139623",".0121181","1.152183",".2492459",".2322321",".0093778","24.76408","9.73e-95",".0028101",".0208491",".1347844",".8927824",".2323468",".0093785","24.77446","8.55e-95",".0068391",".0214722",".3185111",".7500973"
"stateyrv385","-.1710235",".021632","-7.906062","9.87e-15",".0072575",".0101454",".715353",".4743909","-.170146",".0216579","-7.856081","1.43e-14",".0050374",".0093868",".5366496",".5915097",".2470308",".0186865","13.21976","2.44e-35",".0191776",".027885",".6877378",".4916179",".2469328",".0187911","13.14091","5.52e-35",".0180648",".0281148",".6425372",".5205244"
"stateyrv386","-.1666132",".0259666","-6.416445","2.51e-10",".0049147",".0137886",".356436",".7215141","-.1659676",".0258009","-6.432623","2.27e-10",".0104956",".0140721",".7458459",".4557605",".2640289",".0601768","4.387555",".0000135",".0329329",".0626044",".5260479",".5988549",".2643586",".0600085","4.40535",".0000124",".0359476",".0627772",".5726215",".566901"
"stateyrv387","-.1667661",".0240314","-6.939517","8.72e-12",".0005583",".0095784",".0582908",".953517","-.1650947",".0239028","-6.906907","1.08e-11",".0006869",".0097445",".0704922",".9438019",".2756404",".0168695","16.33957","3.37e-50",".0417257",".0249867","1.669916",".0949359",".2763322",".0168674","16.38262","2.06e-50",".0430862",".0251282","1.714656",".0864084"
"stateyrv388","-.2614326",".0855938","-3.054339",".0023379","-.0937913",".0861002","-1.089327",".2760096","-.2582039",".0828078","-3.118109",".0018919","-.1076531",".0919864","-1.170316",".241874",".1808656",".0294174","6.148251","1.40e-09","-.0520182",".0365643","-1.42265",".1548376",".1814088",".0291859","6.215629","9.37e-10","-.0588263",".0400456","-1.468982",".1418376"
"stateyrv389","-.1803718",".0253829","-7.106023","2.86e-12","-.0112718",".0127876","-.8814667",".3780653","-.1789652",".0251267","-7.122501","2.55e-12","-.0103249",".0147824","-.6984608",".4848891",".2247879",".0231267","9.719862","6.94e-21","-.0073671",".0296452","-.248511",".8037391",".2252508",".0231038","9.749514","5.39e-21","-.0065666",".0306317","-.2143719",".830257"
"stateyrv390","-.179024",".024258","-7.379993","4.34e-13","-.0051589",".0102693","-.5023588",".6154152","-.1783182",".0241122","-7.395364","3.89e-13","-.0021008",".0103202","-.2035653",".8386932",".258102",".0275566","9.366253","1.36e-19",".0281129",".0328768",".8550966",".3924977",".2582867",".0275739","9.367082","1.35e-19",".0302336",".0328252",".9210479",".3570254"
"stateyrv391","-.1453822",".0241366","-6.023318","2.71e-09",".0264592",".0094864","2.789177",".0052842","-.1444682",".0240115","-6.016628","2.82e-09",".0294088",".0099186","2.965029",".0030265",".2673101",".0224448","11.90966","1.33e-29",".0362319",".0293259","1.23549",".216648",".2676357",".0223776","11.95997","8.11e-30",".0382247",".0302166","1.265023",".2058632"
"stateyrv392","-.1813344",".0246689","-7.350721","5.32e-13","-.0048356",".0107404","-.4502284",".6525458","-.1805171",".024547","-7.353922","5.20e-13","-.0050061",".0110432","-.4533177",".65032",".2145184",".0235658","9.10296","1.18e-18","-.014463",".0299878","-.4822947",".6295966",".2145694",".0235399","9.115136","1.07e-18","-.0140266",".0295741","-.4742866",".6352955"
"stateyrv393","-.1514386",".0236485","-6.403718","2.72e-10",".0200337",".0085322","2.348008",".0188741","-.1508372",".0234864","-6.42231","2.42e-10",".0260513",".0088801","2.933677",".0033497",".291445",".0252808","11.52831","5.29e-28",".060349",".0312698","1.929944",".0536138",".2917753",".0252769","11.54316","4.59e-28",".0636461",".0314744","2.022153",".0431605"
"stateyrv394","-.1400798",".0237033","-5.90971","5.27e-09",".0336058",".0089582","3.751416",".0001758","-.1396923",".0235343","-5.935687","4.53e-09",".0396206",".0091895","4.311531",".0000162",".3143177",".0132692","23.68776","6.67e-89",".0844223",".022919","3.683513",".00023",".3144928",".0128059","24.5585","1.27e-93",".0879396",".0229587","3.830339",".000128"
"stateyrv395","-.136557",".0238737","-5.719966","1.56e-08",".0374889",".0092659","4.045908",".0000521","-.1367528",".023677","-5.775779","1.14e-08",".0483367",".009717","4.974459","6.54e-07",".2667301",".0381982","6.982791","7.45e-12",".0364054",".0418479",".869947",".3843294",".2669644",".0382612","6.977427","7.72e-12",".0418871",".0422062",".9924407",".3209826"
"stateyrv396","-.1941824",".0268752","-7.22533","1.27e-12","-.0159066",".0159001","-1.000414",".3171104","-.1941302",".0268404","-7.232762","1.20e-12","-.0108515",".0157336","-.6897033",".4903808",".2155311",".0259639","8.301194","6.43e-16","-.0138159",".0313069","-.441305",".6589922",".2156332",".0260805","8.267987","8.27e-16","-.0113622",".0318391","-.3568624",".7211948"
"stateyrv397","-.1902776",".0256294","-7.4242","3.18e-13","-.0200625",".0127188","-1.577385",".1147069","-.189003",".0255095","-7.409127","3.54e-13","-.0189031",".0127461","-1.483044",".1380628",".2599684",".0114045","22.79533","4.51e-84",".0282038",".0217567","1.296328",".1948625",".2603806",".011329","22.98356","4.33e-85",".0289954",".0218679","1.325935",".1848611"
"stateyrv398","-.1869706",".0236954","-7.890595","1.11e-14","-.0165085",".009052","-1.82373",".0681929","-.1859695",".0235521","-7.896102","1.06e-14","-.0131507",".0087451","-1.503769",".1326408",".2473176",".0143369","17.25039","8.74e-55",".0167438",".0229608",".7292367",".4658569",".2475757",".0144155","17.17423","2.13e-54",".0176232",".0232151",".7591277",".4477762"
"stateyrv399","-.1642908",".025546","-6.431173","2.29e-10",".0262539",".0156131","1.681529",".0926602","-.1664205",".0247406","-6.726611","3.52e-11",".040071",".0176016","2.276556",".0228127",".235514",".0222988","10.56173","4.27e-24",".0138844",".0286851",".4840295",".628365",".2346245",".0221977","10.56976","3.97e-24",".0208246",".0282251",".7378051",".4606329"
"stateyrv400","-.1955953",".0238047","-8.216656","9.57e-16","-.0294163",".0088393","-3.327919",".000875","-.1951704",".0236065","-8.267646","6.48e-16","-.0173297",".0095106","-1.822142",".0684335",".2485537",".0106036","23.4405","1.46e-87",".0150356",".0213565",".7040272",".4814159",".2492039",".010633","23.43692","1.52e-87",".0216748",".0214751","1.009301",".3128301"
"stateyrv401","-.1753075",".0239656","-7.314973","6.82e-13","-.004794",".0090609","-.5290868",".5967453","-.1751138",".023801","-7.357401","5.08e-13",".0056339",".0092432",".6095158",".5421826",".2746702",".015872","17.30533","4.59e-55",".0436861",".0245242","1.781343",".0748564",".2749896",".0158498","17.34972","2.73e-55",".0489924",".0251131","1.950865",".0510731"
"stateyrv402","-.1750685",".0238795","-7.331318","6.09e-13","-.0018738",".0087696","-.2136691",".8308051","-.1744367",".0237328","-7.350029","5.34e-13",".0024082",".0088799",".2712018",".7862359",".2632719",".0064976","40.5184","1.2e-176",".0331137",".0197394","1.677542",".0934366",".2634791",".0064861","40.62202","3.9e-177",".0355335",".0199469","1.7814",".0748472"
"stateyrv403","-.1686076",".024362","-6.920919","9.86e-12","-.0059553",".0100336","-.5935357",".5528227","-.1678871",".0241724","-6.945411","8.38e-12",".0065344",".0100735",".6486698",".5165518",".2739123",".0295654","9.264622","3.15e-19",".0387034",".0349292","1.108054",".2678386",".2747821",".0295729","9.291688","2.52e-19",".0456305",".0348772","1.308321",".1907645"
"stateyrv404","-.1671586",".0235654","-7.093403","3.11e-12",".0102286",".008898","1.149547",".2503304","-.1666417",".0234247","-7.113936","2.71e-12",".011948",".0085505","1.397344",".1623102",".2700956",".0075412","35.816","2.7e-153",".04179",".0199857","2.090994",".0365286",".2700599",".0075842","35.60839","3.0e-152",".042677",".0203373","2.09846",".0358645"
"stateyrv405","-.1619201",".0237732","-6.811024","2.03e-11",".0125616",".0086241","1.456573",".1452342","-.1614595",".0235918","-6.84389","1.64e-11",".0172541",".0090168","1.913546",".0556782",".2915307",".0069014","42.24196","6.8e-185",".0618228",".0197004","3.138157",".0017001",".2916797",".0067493","43.2163","1.7e-189",".0643716",".0201199","3.199398",".0013771"
"stateyrv406","-.1498167",".0246299","-6.082708","1.91e-09",".0292166",".0109889","2.658741",".0078433","-.1503813",".024476","-6.14402","1.32e-09",".0390602",".0109469","3.56816",".0003595",".2567912",".0105837","24.26297","5.08e-92",".029392",".0214794","1.368381",".1711929",".2566451",".0105569","24.31075","2.80e-92",".0340811",".0216248","1.576014",".1150227"
"stateyrv407","-.1887235",".0227234","-8.305251","4.86e-16",".0041128",".0126547",".3250036",".7451783","-.1894214",".0227393","-8.330129","4.01e-16",".0033616",".0130103",".2583771",".7961159",".2561966",".0330137","7.760322","3.49e-14",".033799",".0423536",".7980187",".4248597",".255388",".0328672","7.770287","3.25e-14",".0305892",".0426912",".7165213",".4736695"
"stateyrv408","-.184876",".0240713","-7.680357","5.13e-14","-.0195403",".0095483","-2.046473",".0407099","-.1847214",".0238581","-7.742519","3.27e-14","-.004353",".0094056","-.4628126",".6434987",".2607135",".0092602","28.15415","4.4e-113",".026712",".0206205","1.295414",".1951774",".261429",".0092342","28.31099","6.3e-114",".0347972",".021038","1.654019",".0981236"
"stateyrv409","-.2016669",".0236591","-8.523868","8.88e-17","-.0322512",".0085523","-3.771047",".0001626","-.2012941",".0234775","-8.573923","5.99e-17","-.022465",".0088418","-2.540776",".0110607",".296782",".0142008","20.89896","7.11e-74",".0640463",".0232583","2.753694",".0058927",".2973301",".014354","20.71414","6.90e-73",".0702381",".0233523","3.007753",".0026319"
"stateyrv410","-.1899668",".025294","-7.510361","1.73e-13","-.0160339",".011243","-1.42612",".1538337","-.1900621",".0250514","-7.586873","1.00e-13","-.0059758",".0105192","-.5680851",".5699772",".2840495",".0104571","27.1632","9.8e-108",".0541174",".0206596","2.619482",".0088063",".2842327",".0108825","26.11834","4.4e-102",".0594",".0208732","2.845753",".0044307"
"stateyrv411","-.2091938",".0237897","-8.793472","1.04e-17","-.0392037",".0088881","-4.410806",".0000103","-.2085605",".0236306","-8.825863","8.02e-18","-.0322029",".0090295","-3.5664",".0003619",".2580016",".005816","44.36041","8.0e-195",".0262629",".0193635","1.356311",".1750003",".2584162",".0058718","44.00961","3.4e-193",".0301463",".0197113","1.529397",".126166"
"stateyrv412","-.191433",".0239953","-7.977936","5.79e-15","-.0196095",".0095584","-2.051538",".0402146","-.1910009",".02382","-8.018514","4.28e-15","-.0123997",".0098386","-1.260309",".2075578",".264828",".01383","19.14885","1.34e-64",".033546",".0230209","1.457199",".1450614",".2651844",".0138277","19.17778","9.42e-65",".0379286",".0231009","1.641867",".1006176"
"stateyrv413","-.1880922",".023908","-7.867331","1.31e-14","-.0187488",".009763","-1.9204",".0548075","-.1872317",".0237518","-7.882841","1.17e-14","-.0131983",".0095042","-1.388684",".1649289",".2790399",".006276","44.46155","2.7e-195",".0470923",".0195414","2.409869",".0159583",".2794799",".0062932","44.41001","4.7e-195",".0500865",".0198155","2.527643",".0114831"
"stateyrv414","-.1993537",".0243964","-8.171432","1.35e-15","-.0140974",".0119076","-1.183894",".2364552","-.1982869",".0243057","-8.158047","1.50e-15","-.0239316",".0105389","-2.270786",".02316",".2586183",".0199436","12.96745","3.30e-34",".0336681",".0274193","1.227901",".2194843",".2581368",".0199349","12.94899","3.99e-34",".0285766",".0271062","1.054245",".2917708"
"stateyrv415","-.1739995",".0237703","-7.320045","6.58e-13","-.0062479",".009253","-.6752288",".4995304","-.1735533",".023572","-7.362687","4.89e-13",".0043105",".0092725",".4648658",".6420276",".2946313",".0069016","42.69042","5.1e-187",".0617498",".0199652","3.092869",".0019823",".2951974",".0068661","42.99357","1.9e-188",".0674894",".0202562","3.331798",".0008629"
"stateyrv416","-.1775443",".0238108","-7.456445","2.54e-13","-.0063078",".0087343","-.7221902",".4701775","-.1775056",".0236055","-7.519657","1.62e-13",".0048693",".008846",".550457",".582006",".2802358",".0044711","62.67713","5.6e-271",".0491843",".0190325","2.584223",".0097599",".2805652",".0043337","64.7396","1.5e-278",".0551045",".0192849","2.857386",".0042715"
"stateyrv417","-.1740731",".0240183","-7.247514","1.09e-12","-.0011436",".0093847","-.1218617",".9030086","-.1743742",".0238176","-7.321247","6.53e-13",".011583",".0098167","1.179924",".2380304",".2779381",".006711","41.41533","5.9e-181",".0474823",".0196824","2.412418",".0158471",".2781915",".0067077","41.4737","3.1e-181",".0540887",".0200526","2.697337",".0069897"
"stateyrv418","-.2082358",".0205992","-10.10893","1.44e-22","-.0328273",".0112452","-2.919227",".003509","-.2090181",".0202732","-10.31007","2.35e-23","-.0179746",".0126972","-1.415643",".1568799",".2593174",".0287915","9.006747","2.58e-18",".0282832",".0296653",".9534121",".3403813",".2596469",".0287657","9.026264","2.20e-18",".0355232",".0299927","1.184394",".2362571"
"stateyrv419","-.1686411",".0244024","-6.910836","1.05e-11","-.007159",".0100646","-.711302",".4768971","-.1666675",".0242969","-6.859616","1.48e-11","-.0047112",".0101413","-.4645544",".6422506",".3150786",".0109811","28.69285","5.6e-116",".0792881",".0215949","3.671607",".000241",".3160139",".0109767","28.78956","1.7e-116",".0809069",".0217397","3.721619",".0001979"
"stateyrv420","-.1570707",".0237231","-6.621015","6.93e-11",".0157976",".0098314","1.606858",".1080854","-.1551741",".0236437","-6.563035","1.00e-10",".0092149",".0088363","1.04284",".2970226",".2923655",".0093316","31.33084","4.9e-130",".0611208",".0209058","2.923622",".0034598",".2927035",".0092761","31.55454","3.3e-131",".058167",".0210803","2.75931",".0057924"
"stateyrv421","-.1708852",".0243164","-7.027581","4.84e-12",".0054074",".0096562",".5599963",".575482","-.1694299",".0243763","-6.950589","8.10e-12","-.0002073",".0096497","-.0214844",".9828593",".2465191",".0076031","32.42342","8.8e-136",".0177194",".0197196",".8985712",".3688811",".2465404",".0077365","31.8671","7.3e-133",".0148692",".019901",".7471604",".4549667"
"stateyrv422","-.1809417",".0236849","-7.639532","6.89e-14","-.0158925",".0087484","-1.816613",".0692764","-.1784259",".0236092","-7.557476","1.24e-13","-.0212628",".0088006","-2.416076",".0156888",".2350422",".0061451","38.2488","1.6e-165",".0009594",".0196253",".0488883",".9610083",".235749",".0061025","38.63145","2.1e-167","-.0013658",".0199667","-.0684046",".9454636"
"stateyrv423","-.1722254",".0242398","-7.105079","2.87e-12","-.010237",".0095844","-1.068089",".2854805","-.1697758",".0241947","-7.017069","5.20e-12","-.0124148",".009536","-1.301879",".1929576",".2520026",".0204995","12.29311","3.02e-31",".0157368",".0273122",".5761829",".5644916",".2529953",".0205346","12.32042","2.30e-31",".0150774",".0276785",".5447339",".5859365"
"stateyrv424","-.1685397",".0239906","-7.025234","4.92e-12","-.0032753",".0086734","-.3776204",".7057126","-.1663755",".0239334","-6.951605","8.05e-12","-.0057325",".0092131","-.6222065",".5338061",".2585702",".007749","33.36829","1.0e-140",".0244549",".0199311","1.226969",".2198341",".2592839",".0078013","33.23587","5.0e-140",".0235621",".0202837","1.161625",".2453877"
"stateyrv425","-.1807805",".0262489","-6.887175","1.23e-11",".0097368",".0156343",".6227841",".5334264","-.1794182",".0262455","-6.83615","1.72e-11","-.0071872",".0138935","-.5173046",".6049435",".2370641",".0180638","13.1237","6.60e-35",".0152356",".0261907",".5817174",".5607571",".2361694",".0180884","13.05642","1.32e-34",".0053916",".0253323",".2128337",".8314567"
"stateyrv426","-.1662053",".0286992","-5.791281","1.04e-08",".0138846",".0203391",".6826546",".4948251","-.1649919",".0285578","-5.777481","1.12e-08",".0071635",".0191914",".3732637",".7089522",".2775956",".0089807","30.9103","8.3e-128",".050587",".0208292","2.42866",".0151548",".2773837",".0089594","30.96004","4.5e-128",".0470531",".0208394","2.257888",".0239526"
"stateyrv427","-.1544029",".0237715","-6.495288","1.54e-10",".0177742",".0085448","2.080122",".0375143","-.15338",".0236289","-6.491206","1.58e-10",".0194774",".0087206","2.233495",".0255163",".254774",".0048808","52.19897","1.8e-229",".0239644",".019038","1.258766",".2081147",".2550629",".0048176","52.94347","1.4e-232",".0249555",".0193606","1.288987",".1974027"
"stateyrv428","-.1545301",".0240479","-6.425931","2.37e-10",".0069901",".0098526",".7094601",".478039","-.1519676",".0240073","-6.330062","4.29e-10",".0042175",".0098496",".4281879",".6685143",".2376818",".0123925","19.17945","9.23e-65",".0016773",".0224701",".0746446",".9404975",".238639",".0123329","19.34979","1.18e-65",".000143",".0228263",".0062664",".9950001"
"stateyrv429","-.1683762",".0228727","-7.361461","4.93e-13",".0111939",".0161577",".6927878",".4884427","-.1671102",".0230665","-7.24472","1.11e-12",".0044525",".0161285",".2760645",".7824986",".2308998",".0182276","12.66763","7.03e-33",".0021655",".0211921",".1021833",".9186112",".2309113",".0182137","12.67788","6.33e-33","-.0014992",".0205367","-.0730022",".9418043"
"stateyrv430","-.1932133",".0240123","-8.046445","3.47e-15","-.0399643",".0115729","-3.453278",".0005538","-.1885616",".0241743","-7.800078","2.15e-14","-.0540903",".0119492","-4.526672","5.99e-06",".2647376",".0062807","42.15082","1.8e-184",".0250896",".0202873","1.236718",".2161916",".2661575",".0063302","42.04546","5.9e-184",".0184905",".0214513",".8619741",".3887018"
"stateyrv431","-.171067",".0237776","-7.194453","1.56e-12","-.0178039",".0093116","-1.912018",".0558739","-.1668868",".0238977","-6.983387","6.51e-12","-.0277886",".0098731","-2.814587",".004884",".3583502",".0118723","30.18378","6.0e-124",".1187472",".0221464","5.361921","8.23e-08",".3597673",".0120097","29.95642","9.7e-123",".1137337",".0229793","4.949409","7.44e-07"
"stateyrv432","-.1873825",".0241012","-7.77483","2.59e-14","-.0317086",".0093393","-3.395199",".0006858","-.1842761",".0243002","-7.583319","1.03e-13","-.0342886",".0093784","-3.656103",".0002561",".3269933",".0037633","86.89075","0",".0883927",".0192232","4.598238","4.26e-06",".3282885",".0038123","86.11316","0",".0877498",".0195928","4.478675","7.51e-06"
"stateyrv433","-.1845546",".0236929","-7.789458","2.32e-14","-.0261096",".0087658","-2.97857",".002896","-.1802727",".0237809","-7.580576","1.05e-13","-.0414085",".0098614","-4.199046",".0000268",".3436793",".0065544","52.43464","1.9e-230",".1064669",".0198507","5.363379","8.17e-08",".3447826",".0065577","52.57684","4.7e-231",".0992451",".021055","4.713615","2.43e-06"
"stateyrv434","-.1902029",".024944","-7.625191","7.64e-14","-.0340175",".0109688","-3.101304",".0019267","-.186016",".0251294","-7.40234","3.71e-13","-.0465519",".0111197","-4.186445",".0000283",".384401",".0210712","18.24295","7.04e-60",".1464732",".0277525","5.277836","1.31e-07",".3855987",".021122","18.25578","6.04e-60",".1402469",".02838","4.941757","7.74e-07"
"stateyrv435","-.1852585",".0241774","-7.662461","5.84e-14","-.0303294",".0118204","-2.565857",".0102921","-.1805841",".0244407","-7.388653","4.08e-13","-.046088",".0108806","-4.23579",".0000228",".3335779",".0064278","51.8963","3.5e-228",".0944691",".0203059","4.652291","3.28e-06",".3349261",".0063812","52.48656","1.1e-230",".0868666",".0214442","4.05083",".000051"
"stateyrv436","-.2087401",".0249218","-8.375811","2.82e-16","-.0478993",".0116817","-4.100368",".0000412","-.206454",".0249453","-8.276254","6.07e-16","-.047658",".0102226","-4.662017","3.13e-06",".3310915",".0285928","11.57955","3.24e-28",".0942753",".0340485","2.76885",".0056255",".3321589",".028606","11.61149","2.38e-28",".0954161",".033262","2.868617",".0041227"
"stateyrv437","-.1904043",".0288492","-6.59998","7.93e-11","-.0502638",".022914","-2.193583",".0282654","-.1865365",".0288448","-6.466905","1.84e-10","-.0463069",".0200614","-2.308256",".0209849",".3137929",".0061548","50.98305","2.7e-224",".0677754",".0214477","3.16004",".0015775",".3160561",".0059953","52.71739","1.2e-231",".0709759",".0208915","3.397354",".0006804"
"stateyrv438","-.1752525",".02387","-7.341958","5.65e-13","-.0281383",".0108376","-2.596345",".0094221","-.1717561",".0238846","-7.191073","1.60e-12","-.0268548",".0092363","-2.907546",".0036428",".3399615",".0060335","56.34588","1.6e-246",".0976379",".020651","4.72801","2.27e-06",".3417426",".005664","60.33613","3.8e-262",".0989462",".0203404","4.864526","1.15e-06"
"stateyrv439","-.1844555",".0240358","-7.674195","5.37e-14","-.0314831",".0098994","-3.180293",".0014713","-.1791423",".0243481","-7.357563","5.07e-13","-.0512005",".0117247","-4.36688",".0000126",".3401998",".0121509","27.99796","3.1e-112",".1000888",".0226579","4.417397","9.99e-06",".3416745",".0121718","28.07091","1.2e-112",".0906322",".0241659","3.750419",".0001765"
"stateyrv440","-.2044508",".0250476","-8.162486","1.45e-15","-.0639286",".011612","-5.505404","3.68e-08","-.199176",".0251016","-7.934803","7.98e-15","-.0726931",".0134898","-5.388749","7.09e-08",".3293668",".0301906","10.90958","1.78e-25",".0864777",".0321952","2.686046",".0072303",".3312101",".0300377","11.02648","6.02e-26",".0817434",".0318766","2.564369",".0103364"
"stateyrv441","-.179976",".024047","-7.484353","2.08e-13","-.0133202",".0093149","-1.429997",".152718","-.1766104",".0241238","-7.320995","6.54e-13","-.0275477",".0098467","-2.797661",".0051474",".304551",".0115476","26.37344","1.8e-103",".0711694",".0215872","3.296831",".0009778",".3051583",".0115355","26.45378","6.7e-104",".0641022",".0224679","2.853064",".00433"
"stateyrv442","-.1985827",".0241065","-8.237722","8.15e-16","-.0308611",".0099023","-3.116559",".0018298","-.1955342",".0241347","-8.101802","2.29e-15","-.0432035",".0097627","-4.42536","9.63e-06",".2687315",".0090334","29.74872","1.2e-121",".0355663",".0207705","1.712348",".0868325",".2693119",".0089917","29.95118","1.0e-122",".0291552",".0215683","1.351765",".1764505"
"stateyrv443","-.2007605",".0238246","-8.4266","1.90e-16","-.0298456",".0087305","-3.418564",".0006295","-.1983429",".0239277","-8.289246","5.49e-16","-.0393518",".0089706","-4.386765",".0000115",".2623317",".0044762","58.60551","1.9e-255",".0309801",".0190245","1.62843",".1034338",".2626803",".0044633","58.85342","2.0e-256",".0262977",".0193652","1.357987",".1744677"
"stateyrv444","-.2107342",".0237075","-8.888928","4.81e-18","-.0420757",".0087327","-4.818192","1.45e-06","-.2085754",".0236148","-8.832407","7.61e-18","-.0473791",".008921","-5.310969","1.09e-07",".2667831",".0087116","30.62376","2.7e-126",".0344269",".0203709","1.690002",".0910276",".2672661",".0087227","30.64026","2.2e-126",".032029",".0206939","1.547752",".121682"
"stateyrv445","-.2042665",".0244241","-8.363319","3.10e-16","-.0336471",".0100769","-3.339048",".0008407","-.2014403",".0244316","-8.245075","7.71e-16","-.046502",".010379","-4.480397","7.45e-06",".2919193",".0129833","22.48425","2.16e-82",".0601666",".0227261","2.647467",".0081097",".2923168",".0129284","22.6105","4.49e-83",".0537761",".023042","2.33383",".0196046"
"stateyrv446","-.2041241",".023817","-8.570513","6.15e-17","-.0360115",".0088728","-4.058625",".0000494","-.200694",".023938","-8.383916","2.65e-16","-.0520483",".0092188","-5.645876","1.64e-08",".2600648",".0050115","51.89391","3.5e-228",".0270887",".0193503","1.399912",".1615395",".2606175",".0049537","52.61107","3.4e-231",".018962",".0201157",".9426497",".3458601"
"stateyrv447","-.1992152",".0237201","-8.398579","2.36e-16","-.0101357",".0107277","-.9448174",".3447521","-.1977751",".0237257","-8.335888","3.84e-16","-.0265196",".0095538","-2.775823",".0055062",".2827205",".017746","15.9315","3.56e-48",".0594539",".0264049","2.251624",".0243461",".2820136",".0176556","15.97305","2.22e-48",".0503373",".0259661","1.938576",".052553"
"stateyrv448","-.2088681",".0235739","-8.86014","6.08e-18","-.0308081",".0087463","-3.522409",".0004276","-.2058697",".0236301","-8.71217","2.00e-17","-.0515242",".0087938","-5.859137","4.65e-09",".2728689",".0056786","48.0524","1.5e-211",".0448885",".0195715","2.293563",".0218156",".2727697",".0055788","48.89416","3.0e-215",".0342119",".0198164","1.72644",".0842683"
"stateyrv449","-.2001888",".0235901","-8.486152","1.19e-16","-.0255473",".0083792","-3.048883",".0022969","-.1975035",".0236195","-8.361895","3.14e-16","-.0405906",".0084601","-4.797908","1.60e-06",".27161",".0056914","47.72315","4.4e-210",".0418916",".019409","2.158361",".0308998",".2717417",".0056803","47.8397","1.3e-210",".0342852",".0197547","1.735543",".0826446"
"stateyrv450","-.1885292",".0237428","-7.940479","7.65e-15","-.0230084",".0088231","-2.60773",".0091145","-.1849826",".023839","-7.759646","2.89e-14","-.037863",".0097014","-3.902829",".0000951",".2772486",".0066315","41.80786","7.9e-183",".0431183",".0197164","2.186929",".0287477",".2779517",".006639","41.86628","4.2e-183",".0354759",".0205259","1.728349",".0839257"
"stateyrv451","-.2009113",".0239033","-8.405182","2.24e-16","-.0260636",".0102428","-2.544577",".010941","-.1981188",".0240003","-8.254847","7.15e-16","-.0422265",".0095717","-4.411606",".0000103",".2883004",".0237073","12.16081","1.12e-30",".0581615",".0368003","1.580461",".1140013",".2884853",".0236044","12.22169","6.15e-31",".0499038",".0368974","1.3525",".1762153"
"stateyrv452","-.1724044",".0238417","-7.231213","1.22e-12","-.004064",".0089911","-.4519992",".6512695","-.1709433",".0237121","-7.20912","1.41e-12","-.0029493",".0090372","-.3263466",".7441621",".22117",".0104267","21.21194","1.50e-75","-.0114281",".0213206","-.5360138",".591949",".2216903",".0103794","21.35878","2.46e-76","-.0105984",".0214812","-.4933816",".621743"
"stateyrv453","-.1796149",".0237583","-7.560092","1.22e-13","-.0076689",".0088577","-.8657918",".3866044","-.1779717",".023648","-7.525852","1.55e-13","-.0112324",".0088739","-1.265782",".2055912",".2417457",".0135161","17.8858","4.91e-58",".0097275",".0226831",".428841",".6680389",".2421883",".0135124","17.92341","3.14e-58",".0091562",".0232596",".3936522",".6938379"
"stateyrv454","-.1871315",".0237771","-7.870255","1.29e-14","-.0207556",".0086931","-2.387598",".0169589","-.1854499",".0237148","-7.820001","1.86e-14","-.0199083",".0085672","-2.323784",".0201371",".233306",".0049485","47.14683","1.6e-207","-.0001847",".0192101","-.009613",".9923301",".2339419",".0050123","46.67332","2.2e-205",".0006137",".0193656",".0316883",".9747206"
"stateyrv455","-.1936272",".0236344","-8.192613","1.15e-15","-.0290585",".0084682","-3.4315",".0006003","-.191817",".0235135","-8.157726","1.50e-15","-.0278029",".008498","-3.271715",".001069",".2485228",".0051306","48.43953","3.0e-213",".0142255",".0192593",".7386312",".460131",".2492638",".0051313","48.57687","7.3e-214",".0153323",".0194465",".7884372",".430441"
"stateyrv456","-.1833946",".0246367","-7.443964","2.77e-13","-.0130388",".0106315","-1.226428",".2200376","-.1817975",".0245122","-7.416611","3.36e-13","-.01484",".0111613","-1.329599",".1836503",".2341253",".0134197","17.44639","8.77e-56",".0018526",".0226757",".0816993",".9348858",".2346014",".0134429","17.45171","8.24e-56",".0015898",".0230842",".0688687",".9450942"
"stateyrv457","-.1970007",".0239361","-8.230273","8.63e-16","-.0318913",".0096786","-3.295021",".0009841","-.1950652",".0238403","-8.182153","1.25e-15","-.032201",".0097282","-3.310056",".0009328",".2342316",".0046538","50.33159","1.7e-221",".0000258",".0191849",".0013474",".9989249",".2349591",".0045851","51.24438","2.0e-225",".0002782",".0194104",".0143332",".9885641"
"stateyrv458","-.2017094",".0248178","-8.127602","1.88e-15","-.0138622",".011647","-1.190191",".2339715","-.2018677",".0248056","-8.137971","1.74e-15","-.0151134",".0122245","-1.236312",".2163426",".2382464",".014433","16.50708","4.91e-51",".0151333",".0231066",".6549372",".5125082",".2375328",".0146421","16.22263","1.29e-49",".0132248",".0233593",".5661462",".5712944"
"stateyrv459","-.2024141",".0236235","-8.568335","6.26e-17","-.0288893",".0085545","-3.377101",".0007325","-.2009624",".0235081","-8.54866","7.31e-17","-.0321122",".0086249","-3.723205",".0001967",".2349611",".005026","46.74885","1.0e-205",".0048351",".0190796",".2534185",".7999448",".2351568",".005083","46.26313","1.6e-203",".003308",".019353",".1709279",".8642805"
"stateyrv460","-.1886852",".0236077","-7.992537","5.19e-15","-.0180207",".0084383","-2.135587",".0327131","-.187459",".0234827","-7.982851","5.58e-15","-.0168185",".0083017","-2.025902",".0427749",".2251099",".0033651","66.89521","2.7e-286","-.0064729",".0188513","-.3433644",".7313243",".2254987",".0033125","68.07587","1.9e-290","-.0056146",".0190452","-.2948026",".7681446"
"stateyrv461","-.167803",".0237946","-7.052146","4.11e-12","-.0006032",".0086237","-.0699454",".9442371","-.1666754",".0236509","-7.047322","4.24e-12",".0044215",".0086739",".5097554",".6102228",".2256843",".0092883","24.29781","3.29e-92","-.0075306",".020769","-.3625881",".7169126",".2262886",".0092799","24.38478","1.11e-92","-.0044834",".0210482","-.2130049",".8313231"
"stateyrv462","-.1725399",".0245078","-7.040193","4.45e-12","0",".",".",".","-.1713587",".0245372","-6.983623","6.50e-12","0",".",".",".",".2295879",".0191373","11.99688","5.65e-30","0",".",".",".",".2297167",".0192494","11.93368","1.05e-29","0",".",".","."
"D.log_emp","","","","","","","","",".0793384",".0647969","1.224418",".2211912","-.6989616",".1312704","-5.324593","1.01e-07","","","","","","","","","-.000664",".0301577","-.0220164",".9824419","-.3596651",".1684482","-2.135167",".0327474"
"_cons",".2480696",".0240352","10.32109","2.13e-23",".0781791",".0104493","7.481769","7.33e-14",".2456423",".0237957","10.32296","2.09e-23",".0868981",".0110395","7.871579","3.55e-15","-.3121756",".0045375","-68.79885","5.6e-293","-.0801361",".0190475","-4.207184",".0000259","-.3126145",".0045188","-69.18011","2.7e-294","-.0760715",".0194363","-3.913894",".0000908"
"N","28329","","","","28329","","","","28329","","","","28329","","","","26154","","","","26154","","","","26154","","","","26154","","",""
"r2",".4265822","","","",".3814304","","","",".4272466","","","",".3623342","","","",".6864998","","","",".6808565","","","",".6864021","","","",".6781019","","",""
"df_m","385","","","","433","","","","386","","","","433","","","","363","","","","466","","","","363","","","","466","","",""
"df_r","727","","","","","","","","727","","","","","","","","622","","","","","","","","622","","","","","","",""
"df_b","","","","","","","","","","","","","","","","","","","","","","","","","","","","","","","",""
"df","","","","","","","","","","","","","","","","","","","","","","","","","","","","","","","",""
