"name","value","note","date"
"nRuns","10",NA,2026-09-04
"defaultSigEP","0.1",NA,2026-09-04
"defaultConfidence","90",NA,2026-09-04
"epistemicSignificanceLevelDefault","10\%",NA,2026-09-04
"numStudies","93",NA,2026-09-04
"numResults","303",NA,2026-09-04
"numStudiesJEL","68",NA,2026-09-04
"numResultsFailedEpsOneThousandLaplace","7",NA,2026-09-04
"numResultsFailedEpsOneHundredLaplace","17",NA,2026-09-04
"numResultsRange","2--4",NA,2026-09-04
"maxYearsSincePub","19",NA,2026-09-04
"propResultsInAbstract","269 of 303",NA,2026-09-04
"numVars","1026",NA,2026-09-04
"propVarsNotPrivatized","16.3\%",NA,2026-09-04
"numResultsNotFullyPrivatized","134",NA,2026-09-04
"numResultsSensGtOne","86",NA,2026-09-04
"numStudiesSensGtOne","31",NA,2026-09-04
"numQueriesDataDep","3",NA,2026-09-04
"numResultsDataDep","7",NA,2026-09-04
"numStudiesDataDep","2",NA,2026-09-04
"signMatchEpsOneThousandGaussian","99.8\%",NA,2026-09-04
"signMatchRoundedEpsOneThousandGaussian","100\%",NA,2026-09-04
"signMismatchEpsOneThousandGaussian","0.2\%",NA,2026-09-04
"signMismatchRoundedEpsOneThousandGaussian","0\%",NA,2026-09-04
"signMatchEpsOneThousandLaplace","99.7\%",NA,2026-09-04
"signMatchRoundedEpsOneThousandLaplace","100\%",NA,2026-09-04
"signMismatchEpsOneThousandLaplace","0.3\%",NA,2026-09-04
"signMismatchRoundedEpsOneThousandLaplace","0\%",NA,2026-09-04
"signMatchEpsOneHundredGaussian","99.1\%",NA,2026-09-04
"signMatchRoundedEpsOneHundredGaussian","99\%",NA,2026-09-04
"signMismatchEpsOneHundredGaussian","0.9\%",NA,2026-09-04
"signMismatchRoundedEpsOneHundredGaussian","1\%",NA,2026-09-04
"signMatchEpsOneHundredLaplace","99.6\%",NA,2026-09-04
"signMatchRoundedEpsOneHundredLaplace","100\%",NA,2026-09-04
"signMismatchEpsOneHundredLaplace","0.4\%",NA,2026-09-04
"signMismatchRoundedEpsOneHundredLaplace","0\%",NA,2026-09-04
"signMatchEpsTenGaussian","98.0\%",NA,2026-09-04
"signMatchRoundedEpsTenGaussian","98\%",NA,2026-09-04
"signMismatchEpsTenGaussian","2.0\%",NA,2026-09-04
"signMismatchRoundedEpsTenGaussian","2\%",NA,2026-09-04
"signMatchEpsTenLaplace","96.8\%",NA,2026-09-04
"signMatchRoundedEpsTenLaplace","97\%",NA,2026-09-04
"signMismatchEpsTenLaplace","3.2\%",NA,2026-09-04
"signMismatchRoundedEpsTenLaplace","3\%",NA,2026-09-04
"signMatchEpsOneGaussian","95.6\%",NA,2026-09-04
"signMatchRoundedEpsOneGaussian","96\%",NA,2026-09-04
"signMismatchEpsOneGaussian","4.4\%",NA,2026-09-04
"signMismatchRoundedEpsOneGaussian","4\%",NA,2026-09-04
"signMatchEpsOneLaplace","94.1\%",NA,2026-09-04
"signMatchRoundedEpsOneLaplace","94\%",NA,2026-09-04
"signMismatchEpsOneLaplace","5.9\%",NA,2026-09-04
"signMismatchRoundedEpsOneLaplace","6\%",NA,2026-09-04
"signMatchEpsPointOneGaussian","89.7\%",NA,2026-09-04
"signMatchRoundedEpsPointOneGaussian","90\%",NA,2026-09-04
"signMismatchEpsPointOneGaussian","10.3\%",NA,2026-09-04
"signMismatchRoundedEpsPointOneGaussian","10\%",NA,2026-09-04
"signMatchEpsPointOneLaplace","85.0\%",NA,2026-09-04
"signMatchRoundedEpsPointOneLaplace","85\%",NA,2026-09-04
"signMismatchEpsPointOneLaplace","15.0\%",NA,2026-09-04
"signMismatchRoundedEpsPointOneLaplace","15\%",NA,2026-09-04
"signMatchEpsPointZeroOneGaussian","81.0\%",NA,2026-09-04
"signMatchRoundedEpsPointZeroOneGaussian","81\%",NA,2026-09-04
"signMismatchEpsPointZeroOneGaussian","19.0\%",NA,2026-09-04
"signMismatchRoundedEpsPointZeroOneGaussian","19\%",NA,2026-09-04
"signMatchEpsPointZeroOneLaplace","77.6\%",NA,2026-09-04
"signMatchRoundedEpsPointZeroOneLaplace","78\%",NA,2026-09-04
"signMismatchEpsPointZeroOneLaplace","22.4\%",NA,2026-09-04
"signMismatchRoundedEpsPointZeroOneLaplace","22\%",NA,2026-09-04
"signMatchEpsPointZeroZeroOneGaussian","73.6\%",NA,2026-09-04
"signMatchRoundedEpsPointZeroZeroOneGaussian","74\%",NA,2026-09-04
"signMismatchEpsPointZeroZeroOneGaussian","26.4\%",NA,2026-09-04
"signMismatchRoundedEpsPointZeroZeroOneGaussian","26\%",NA,2026-09-04
"signMatchEpsPointZeroZeroOneLaplace","68.9\%",NA,2026-09-04
"signMatchRoundedEpsPointZeroZeroOneLaplace","69\%",NA,2026-09-04
"signMismatchEpsPointZeroZeroOneLaplace","31.1\%",NA,2026-09-04
"signMismatchRoundedEpsPointZeroZeroOneLaplace","31\%",NA,2026-09-04
"signMatchEpsPointZeroZeroZeroOneGaussian","69.6\%",NA,2026-09-04
"signMatchRoundedEpsPointZeroZeroZeroOneGaussian","70\%",NA,2026-09-04
"signMismatchEpsPointZeroZeroZeroOneGaussian","30.4\%",NA,2026-09-04
"signMismatchRoundedEpsPointZeroZeroZeroOneGaussian","30\%",NA,2026-09-04
"signMatchEpsPointZeroZeroZeroOneLaplace","66.5\%",NA,2026-09-04
"signMatchRoundedEpsPointZeroZeroZeroOneLaplace","67\%",NA,2026-09-04
"signMismatchEpsPointZeroZeroZeroOneLaplace","33.5\%",NA,2026-09-04
"signMismatchRoundedEpsPointZeroZeroZeroOneLaplace","33\%",NA,2026-09-04
"numTrialsTotal","3030",NA,2026-09-04
"signMatchEpsOneThousandGaussianPerfectPriv","99.8\%",NA,2026-09-04
"signMatchRoundedEpsOneThousandGaussianPerfectPriv","100\%",NA,2026-09-04
"signMismatchEpsOneThousandGaussianPerfectPriv","0.2\%",NA,2026-09-04
"signMismatchRoundedEpsOneThousandGaussianPerfectPriv","0\%",NA,2026-09-04
"signMatchEpsOneThousandLaplacePerfectPriv","99.8\%",NA,2026-09-04
"signMatchRoundedEpsOneThousandLaplacePerfectPriv","100\%",NA,2026-09-04
"signMismatchEpsOneThousandLaplacePerfectPriv","0.2\%",NA,2026-09-04
"signMismatchRoundedEpsOneThousandLaplacePerfectPriv","0\%",NA,2026-09-04
"signMatchEpsOneHundredGaussianPerfectPriv","98.6\%",NA,2026-09-04
"signMatchRoundedEpsOneHundredGaussianPerfectPriv","99\%",NA,2026-09-04
"signMismatchEpsOneHundredGaussianPerfectPriv","1.4\%",NA,2026-09-04
"signMismatchRoundedEpsOneHundredGaussianPerfectPriv","1\%",NA,2026-09-04
"signMatchEpsOneHundredLaplacePerfectPriv","99.3\%",NA,2026-09-04
"signMatchRoundedEpsOneHundredLaplacePerfectPriv","99\%",NA,2026-09-04
"signMismatchEpsOneHundredLaplacePerfectPriv","0.7\%",NA,2026-09-04
"signMismatchRoundedEpsOneHundredLaplacePerfectPriv","1\%",NA,2026-09-04
"signMatchEpsTenGaussianPerfectPriv","96.7\%",NA,2026-09-04
"signMatchRoundedEpsTenGaussianPerfectPriv","97\%",NA,2026-09-04
"signMismatchEpsTenGaussianPerfectPriv","3.3\%",NA,2026-09-04
"signMismatchRoundedEpsTenGaussianPerfectPriv","3\%",NA,2026-09-04
"signMatchEpsTenLaplacePerfectPriv","94.7\%",NA,2026-09-04
"signMatchRoundedEpsTenLaplacePerfectPriv","95\%",NA,2026-09-04
"signMismatchEpsTenLaplacePerfectPriv","5.3\%",NA,2026-09-04
"signMismatchRoundedEpsTenLaplacePerfectPriv","5\%",NA,2026-09-04
"signMatchEpsOneGaussianPerfectPriv","93.4\%",NA,2026-09-04
"signMatchRoundedEpsOneGaussianPerfectPriv","93\%",NA,2026-09-04
"signMismatchEpsOneGaussianPerfectPriv","6.6\%",NA,2026-09-04
"signMismatchRoundedEpsOneGaussianPerfectPriv","7\%",NA,2026-09-04
"signMatchEpsOneLaplacePerfectPriv","91.0\%",NA,2026-09-04
"signMatchRoundedEpsOneLaplacePerfectPriv","91\%",NA,2026-09-04
"signMismatchEpsOneLaplacePerfectPriv","9.0\%",NA,2026-09-04
"signMismatchRoundedEpsOneLaplacePerfectPriv","9\%",NA,2026-09-04
"signMatchEpsPointOneGaussianPerfectPriv","85.9\%",NA,2026-09-04
"signMatchRoundedEpsPointOneGaussianPerfectPriv","86\%",NA,2026-09-04
"signMismatchEpsPointOneGaussianPerfectPriv","14.1\%",NA,2026-09-04
"signMismatchRoundedEpsPointOneGaussianPerfectPriv","14\%",NA,2026-09-04
"signMatchEpsPointOneLaplacePerfectPriv","80.9\%",NA,2026-09-04
"signMatchRoundedEpsPointOneLaplacePerfectPriv","81\%",NA,2026-09-04
"signMismatchEpsPointOneLaplacePerfectPriv","19.1\%",NA,2026-09-04
"signMismatchRoundedEpsPointOneLaplacePerfectPriv","19\%",NA,2026-09-04
"signMatchEpsPointZeroOneGaussianPerfectPriv","77.6\%",NA,2026-09-04
"signMatchRoundedEpsPointZeroOneGaussianPerfectPriv","78\%",NA,2026-09-04
"signMismatchEpsPointZeroOneGaussianPerfectPriv","22.4\%",NA,2026-09-04
"signMismatchRoundedEpsPointZeroOneGaussianPerfectPriv","22\%",NA,2026-09-04
"signMatchEpsPointZeroOneLaplacePerfectPriv","75.1\%",NA,2026-09-04
"signMatchRoundedEpsPointZeroOneLaplacePerfectPriv","75\%",NA,2026-09-04
"signMismatchEpsPointZeroOneLaplacePerfectPriv","24.9\%",NA,2026-09-04
"signMismatchRoundedEpsPointZeroOneLaplacePerfectPriv","25\%",NA,2026-09-04
"signMatchEpsPointZeroZeroOneGaussianPerfectPriv","71.4\%",NA,2026-09-04
"signMatchRoundedEpsPointZeroZeroOneGaussianPerfectPriv","71\%",NA,2026-09-04
"signMismatchEpsPointZeroZeroOneGaussianPerfectPriv","28.6\%",NA,2026-09-04
"signMismatchRoundedEpsPointZeroZeroOneGaussianPerfectPriv","29\%",NA,2026-09-04
"signMatchEpsPointZeroZeroOneLaplacePerfectPriv","67.6\%",NA,2026-09-04
"signMatchRoundedEpsPointZeroZeroOneLaplacePerfectPriv","68\%",NA,2026-09-04
"signMismatchEpsPointZeroZeroOneLaplacePerfectPriv","32.4\%",NA,2026-09-04
"signMismatchRoundedEpsPointZeroZeroOneLaplacePerfectPriv","32\%",NA,2026-09-04
"signMatchEpsPointZeroZeroZeroOneGaussianPerfectPriv","68.0\%",NA,2026-09-04
"signMatchRoundedEpsPointZeroZeroZeroOneGaussianPerfectPriv","68\%",NA,2026-09-04
"signMismatchEpsPointZeroZeroZeroOneGaussianPerfectPriv","32.0\%",NA,2026-09-04
"signMismatchRoundedEpsPointZeroZeroZeroOneGaussianPerfectPriv","32\%",NA,2026-09-04
"signMatchEpsPointZeroZeroZeroOneLaplacePerfectPriv","66.2\%",NA,2026-09-04
"signMatchRoundedEpsPointZeroZeroZeroOneLaplacePerfectPriv","66\%",NA,2026-09-04
"signMismatchEpsPointZeroZeroZeroOneLaplacePerfectPriv","33.8\%",NA,2026-09-04
"signMismatchRoundedEpsPointZeroZeroZeroOneLaplacePerfectPriv","34\%",NA,2026-09-04
"epiParityEpsOneThousandGaussianAlphaOne","99.3\%",NA,2026-09-04
"epiParityRoundedEpsOneThousandGaussianAlphaOne","99\%",NA,2026-09-04
"epiDisparityEpsOneThousandGaussianAlphaOne","0.7\%",NA,2026-09-04
"epiDisparityRoundedEpsOneThousandGaussianAlphaOne","1\%",NA,2026-09-04
"epiParityEpsOneThousandLaplaceAlphaOne","99.3\%",NA,2026-09-04
"epiParityRoundedEpsOneThousandLaplaceAlphaOne","99\%",NA,2026-09-04
"epiDisparityEpsOneThousandLaplaceAlphaOne","0.7\%",NA,2026-09-04
"epiDisparityRoundedEpsOneThousandLaplaceAlphaOne","1\%",NA,2026-09-04
"epiSignParityEpsOneThousandGaussianAlphaOne","99.3\%",NA,2026-09-04
"epiSignParityRoundedEpsOneThousandGaussianAlphaOne","99\%",NA,2026-09-04
"epiSignDisparityEpsOneThousandGaussianAlphaOne","0.7\%",NA,2026-09-04
"epiSignDisparityRoundedEpsOneThousandGaussianAlphaOne","1\%",NA,2026-09-04
"epiSignParityEpsOneThousandLaplaceAlphaOne","99.4\%",NA,2026-09-04
"epiSignParityRoundedEpsOneThousandLaplaceAlphaOne","99\%",NA,2026-09-04
"epiSignDisparityEpsOneThousandLaplaceAlphaOne","0.6\%",NA,2026-09-04
"epiSignDisparityRoundedEpsOneThousandLaplaceAlphaOne","1\%",NA,2026-09-04
"ciCoverageEpsOneThousandGaussianAlphaOne","99.8\%",NA,2026-09-04
"ciCoverageRoundedEpsOneThousandGaussianAlphaOne","100\%",NA,2026-09-04
"ciCoverageEpsOneThousandLaplaceAlphaOne","99.8\%",NA,2026-09-04
"ciCoverageRoundedEpsOneThousandLaplaceAlphaOne","100\%",NA,2026-09-04
"epiSignParityFPREpsOneThousandGaussianAlphaOne","0.0\%",NA,2026-09-04
"epiSignParityFPRRoundedEpsOneThousandGaussianAlphaOne","0\%",NA,2026-09-04
"epiSignParityFPREpsOneThousandLaplaceAlphaOne","0.0\%",NA,2026-09-04
"epiSignParityFPRRoundedEpsOneThousandLaplaceAlphaOne","0\%",NA,2026-09-04
"signFlipEpsOneThousandGaussianAlphaOne","0.0\%",NA,2026-09-04
"signFlipRoundedEpsOneThousandGaussianAlphaOne","0\%",NA,2026-09-04
"signFlipEpsOneThousandLaplaceAlphaOne","0.0\%",NA,2026-09-04
"signFlipRoundedEpsOneThousandLaplaceAlphaOne","0\%",NA,2026-09-04
"epiParityEpsOneThousandGaussianAlphaFive","97.5\%",NA,2026-09-04
"epiParityRoundedEpsOneThousandGaussianAlphaFive","97\%",NA,2026-09-04
"epiDisparityEpsOneThousandGaussianAlphaFive","2.5\%",NA,2026-09-04
"epiDisparityRoundedEpsOneThousandGaussianAlphaFive","3\%",NA,2026-09-04
"epiParityEpsOneThousandLaplaceAlphaFive","97.9\%",NA,2026-09-04
"epiParityRoundedEpsOneThousandLaplaceAlphaFive","98\%",NA,2026-09-04
"epiDisparityEpsOneThousandLaplaceAlphaFive","2.1\%",NA,2026-09-04
"epiDisparityRoundedEpsOneThousandLaplaceAlphaFive","2\%",NA,2026-09-04
"epiSignParityEpsOneThousandGaussianAlphaFive","96.7\%",NA,2026-09-04
"epiSignParityRoundedEpsOneThousandGaussianAlphaFive","97\%",NA,2026-09-04
"epiSignDisparityEpsOneThousandGaussianAlphaFive","3.3\%",NA,2026-09-04
"epiSignDisparityRoundedEpsOneThousandGaussianAlphaFive","3\%",NA,2026-09-04
"epiSignParityEpsOneThousandLaplaceAlphaFive","97.4\%",NA,2026-09-04
"epiSignParityRoundedEpsOneThousandLaplaceAlphaFive","97\%",NA,2026-09-04
"epiSignDisparityEpsOneThousandLaplaceAlphaFive","2.6\%",NA,2026-09-04
"epiSignDisparityRoundedEpsOneThousandLaplaceAlphaFive","3\%",NA,2026-09-04
"ciCoverageEpsOneThousandGaussianAlphaFive","99.7\%",NA,2026-09-04
"ciCoverageRoundedEpsOneThousandGaussianAlphaFive","100\%",NA,2026-09-04
"ciCoverageEpsOneThousandLaplaceAlphaFive","99.8\%",NA,2026-09-04
"ciCoverageRoundedEpsOneThousandLaplaceAlphaFive","100\%",NA,2026-09-04
"epiSignParityFPREpsOneThousandGaussianAlphaFive","0.2\%",NA,2026-09-04
"epiSignParityFPRRoundedEpsOneThousandGaussianAlphaFive","0\%",NA,2026-09-04
"epiSignParityFPREpsOneThousandLaplaceAlphaFive","0.0\%",NA,2026-09-04
"epiSignParityFPRRoundedEpsOneThousandLaplaceAlphaFive","0\%",NA,2026-09-04
"signFlipEpsOneThousandGaussianAlphaFive","0.0\%",NA,2026-09-04
"signFlipRoundedEpsOneThousandGaussianAlphaFive","0\%",NA,2026-09-04
"signFlipEpsOneThousandLaplaceAlphaFive","0.0\%",NA,2026-09-04
"signFlipRoundedEpsOneThousandLaplaceAlphaFive","0\%",NA,2026-09-04
"epiParityEpsOneThousandGaussianAlphaTen","98.6\%",NA,2026-09-04
"epiParityRoundedEpsOneThousandGaussianAlphaTen","99\%",NA,2026-09-04
"epiDisparityEpsOneThousandGaussianAlphaTen","1.4\%",NA,2026-09-04
"epiDisparityRoundedEpsOneThousandGaussianAlphaTen","1\%",NA,2026-09-04
"epiParityEpsOneThousandLaplaceAlphaTen","99.2\%",NA,2026-09-04
"epiParityRoundedEpsOneThousandLaplaceAlphaTen","99\%",NA,2026-09-04
"epiDisparityEpsOneThousandLaplaceAlphaTen","0.8\%",NA,2026-09-04
"epiDisparityRoundedEpsOneThousandLaplaceAlphaTen","1\%",NA,2026-09-04
"epiSignParityEpsOneThousandGaussianAlphaTen","97.4\%",NA,2026-09-04
"epiSignParityRoundedEpsOneThousandGaussianAlphaTen","97\%",NA,2026-09-04
"epiSignDisparityEpsOneThousandGaussianAlphaTen","2.6\%",NA,2026-09-04
"epiSignDisparityRoundedEpsOneThousandGaussianAlphaTen","3\%",NA,2026-09-04
"epiSignParityEpsOneThousandLaplaceAlphaTen","98.3\%",NA,2026-09-04
"epiSignParityRoundedEpsOneThousandLaplaceAlphaTen","98\%",NA,2026-09-04
"epiSignDisparityEpsOneThousandLaplaceAlphaTen","1.7\%",NA,2026-09-04
"epiSignDisparityRoundedEpsOneThousandLaplaceAlphaTen","2\%",NA,2026-09-04
"ciCoverageEpsOneThousandGaussianAlphaTen","99.6\%",NA,2026-09-04
"ciCoverageRoundedEpsOneThousandGaussianAlphaTen","100\%",NA,2026-09-04
"ciCoverageEpsOneThousandLaplaceAlphaTen","99.7\%",NA,2026-09-04
"ciCoverageRoundedEpsOneThousandLaplaceAlphaTen","100\%",NA,2026-09-04
"epiSignParityFPREpsOneThousandGaussianAlphaTen","0.3\%",NA,2026-09-04
"epiSignParityFPRRoundedEpsOneThousandGaussianAlphaTen","0\%",NA,2026-09-04
"epiSignParityFPREpsOneThousandLaplaceAlphaTen","0.0\%",NA,2026-09-04
"epiSignParityFPRRoundedEpsOneThousandLaplaceAlphaTen","0\%",NA,2026-09-04
"signFlipEpsOneThousandGaussianAlphaTen","0.0\%",NA,2026-09-04
"signFlipRoundedEpsOneThousandGaussianAlphaTen","0\%",NA,2026-09-04
"signFlipEpsOneThousandLaplaceAlphaTen","0.0\%",NA,2026-09-04
"signFlipRoundedEpsOneThousandLaplaceAlphaTen","0\%",NA,2026-09-04
"epiParityEpsOneHundredGaussianAlphaOne","97.6\%",NA,2026-09-04
"epiParityRoundedEpsOneHundredGaussianAlphaOne","98\%",NA,2026-09-04
"epiDisparityEpsOneHundredGaussianAlphaOne","2.4\%",NA,2026-09-04
"epiDisparityRoundedEpsOneHundredGaussianAlphaOne","2\%",NA,2026-09-04
"epiParityEpsOneHundredLaplaceAlphaOne","97.7\%",NA,2026-09-04
"epiParityRoundedEpsOneHundredLaplaceAlphaOne","98\%",NA,2026-09-04
"epiDisparityEpsOneHundredLaplaceAlphaOne","2.3\%",NA,2026-09-04
"epiDisparityRoundedEpsOneHundredLaplaceAlphaOne","2\%",NA,2026-09-04
"epiSignParityEpsOneHundredGaussianAlphaOne","97.5\%",NA,2026-09-04
"epiSignParityRoundedEpsOneHundredGaussianAlphaOne","97\%",NA,2026-09-04
"epiSignDisparityEpsOneHundredGaussianAlphaOne","2.5\%",NA,2026-09-04
"epiSignDisparityRoundedEpsOneHundredGaussianAlphaOne","3\%",NA,2026-09-04
"epiSignParityEpsOneHundredLaplaceAlphaOne","97.8\%",NA,2026-09-04
"epiSignParityRoundedEpsOneHundredLaplaceAlphaOne","98\%",NA,2026-09-04
"epiSignDisparityEpsOneHundredLaplaceAlphaOne","2.2\%",NA,2026-09-04
"epiSignDisparityRoundedEpsOneHundredLaplaceAlphaOne","2\%",NA,2026-09-04
"ciCoverageEpsOneHundredGaussianAlphaOne","99.4\%",NA,2026-09-04
"ciCoverageRoundedEpsOneHundredGaussianAlphaOne","99\%",NA,2026-09-04
"ciCoverageEpsOneHundredLaplaceAlphaOne","99.7\%",NA,2026-09-04
"ciCoverageRoundedEpsOneHundredLaplaceAlphaOne","100\%",NA,2026-09-04
"epiSignParityFPREpsOneHundredGaussianAlphaOne","0.0\%",NA,2026-09-04
"epiSignParityFPRRoundedEpsOneHundredGaussianAlphaOne","0\%",NA,2026-09-04
"epiSignParityFPREpsOneHundredLaplaceAlphaOne","0.0\%",NA,2026-09-04
"epiSignParityFPRRoundedEpsOneHundredLaplaceAlphaOne","0\%",NA,2026-09-04
"signFlipEpsOneHundredGaussianAlphaOne","0.0\%",NA,2026-09-04
"signFlipRoundedEpsOneHundredGaussianAlphaOne","0\%",NA,2026-09-04
"signFlipEpsOneHundredLaplaceAlphaOne","0.0\%",NA,2026-09-04
"signFlipRoundedEpsOneHundredLaplaceAlphaOne","0\%",NA,2026-09-04
"epiParityEpsOneHundredGaussianAlphaFive","95.9\%",NA,2026-09-04
"epiParityRoundedEpsOneHundredGaussianAlphaFive","96\%",NA,2026-09-04
"epiDisparityEpsOneHundredGaussianAlphaFive","4.1\%",NA,2026-09-04
"epiDisparityRoundedEpsOneHundredGaussianAlphaFive","4\%",NA,2026-09-04
"epiParityEpsOneHundredLaplaceAlphaFive","96.0\%",NA,2026-09-04
"epiParityRoundedEpsOneHundredLaplaceAlphaFive","96\%",NA,2026-09-04
"epiDisparityEpsOneHundredLaplaceAlphaFive","4.0\%",NA,2026-09-04
"epiDisparityRoundedEpsOneHundredLaplaceAlphaFive","4\%",NA,2026-09-04
"epiSignParityEpsOneHundredGaussianAlphaFive","95.2\%",NA,2026-09-04
"epiSignParityRoundedEpsOneHundredGaussianAlphaFive","95\%",NA,2026-09-04
"epiSignDisparityEpsOneHundredGaussianAlphaFive","4.8\%",NA,2026-09-04
"epiSignDisparityRoundedEpsOneHundredGaussianAlphaFive","5\%",NA,2026-09-04
"epiSignParityEpsOneHundredLaplaceAlphaFive","95.4\%",NA,2026-09-04
"epiSignParityRoundedEpsOneHundredLaplaceAlphaFive","95\%",NA,2026-09-04
"epiSignDisparityEpsOneHundredLaplaceAlphaFive","4.6\%",NA,2026-09-04
"epiSignDisparityRoundedEpsOneHundredLaplaceAlphaFive","5\%",NA,2026-09-04
"ciCoverageEpsOneHundredGaussianAlphaFive","98.8\%",NA,2026-09-04
"ciCoverageRoundedEpsOneHundredGaussianAlphaFive","99\%",NA,2026-09-04
"ciCoverageEpsOneHundredLaplaceAlphaFive","99.4\%",NA,2026-09-04
"ciCoverageRoundedEpsOneHundredLaplaceAlphaFive","99\%",NA,2026-09-04
"epiSignParityFPREpsOneHundredGaussianAlphaFive","0.2\%",NA,2026-09-04
"epiSignParityFPRRoundedEpsOneHundredGaussianAlphaFive","0\%",NA,2026-09-04
"epiSignParityFPREpsOneHundredLaplaceAlphaFive","0.3\%",NA,2026-09-04
"epiSignParityFPRRoundedEpsOneHundredLaplaceAlphaFive","0\%",NA,2026-09-04
"signFlipEpsOneHundredGaussianAlphaFive","0.0\%",NA,2026-09-04
"signFlipRoundedEpsOneHundredGaussianAlphaFive","0\%",NA,2026-09-04
"signFlipEpsOneHundredLaplaceAlphaFive","0.0\%",NA,2026-09-04
"signFlipRoundedEpsOneHundredLaplaceAlphaFive","0\%",NA,2026-09-04
"epiParityEpsOneHundredGaussianAlphaTen","97.4\%",NA,2026-09-04
"epiParityRoundedEpsOneHundredGaussianAlphaTen","97\%",NA,2026-09-04
"epiDisparityEpsOneHundredGaussianAlphaTen","2.6\%",NA,2026-09-04
"epiDisparityRoundedEpsOneHundredGaussianAlphaTen","3\%",NA,2026-09-04
"epiParityEpsOneHundredLaplaceAlphaTen","97.6\%",NA,2026-09-04
"epiParityRoundedEpsOneHundredLaplaceAlphaTen","98\%",NA,2026-09-04
"epiDisparityEpsOneHundredLaplaceAlphaTen","2.4\%",NA,2026-09-04
"epiDisparityRoundedEpsOneHundredLaplaceAlphaTen","2\%",NA,2026-09-04
"epiSignParityEpsOneHundredGaussianAlphaTen","96.3\%",NA,2026-09-04
"epiSignParityRoundedEpsOneHundredGaussianAlphaTen","96\%",NA,2026-09-04
"epiSignDisparityEpsOneHundredGaussianAlphaTen","3.7\%",NA,2026-09-04
"epiSignDisparityRoundedEpsOneHundredGaussianAlphaTen","4\%",NA,2026-09-04
"epiSignParityEpsOneHundredLaplaceAlphaTen","96.6\%",NA,2026-09-04
"epiSignParityRoundedEpsOneHundredLaplaceAlphaTen","97\%",NA,2026-09-04
"epiSignDisparityEpsOneHundredLaplaceAlphaTen","3.4\%",NA,2026-09-04
"epiSignDisparityRoundedEpsOneHundredLaplaceAlphaTen","3\%",NA,2026-09-04
"ciCoverageEpsOneHundredGaussianAlphaTen","98.5\%",NA,2026-09-04
"ciCoverageRoundedEpsOneHundredGaussianAlphaTen","98\%",NA,2026-09-04
"ciCoverageEpsOneHundredLaplaceAlphaTen","99.1\%",NA,2026-09-04
"ciCoverageRoundedEpsOneHundredLaplaceAlphaTen","99\%",NA,2026-09-04
"epiSignParityFPREpsOneHundredGaussianAlphaTen","0.4\%",NA,2026-09-04
"epiSignParityFPRRoundedEpsOneHundredGaussianAlphaTen","0\%",NA,2026-09-04
"epiSignParityFPREpsOneHundredLaplaceAlphaTen","0.4\%",NA,2026-09-04
"epiSignParityFPRRoundedEpsOneHundredLaplaceAlphaTen","0\%",NA,2026-09-04
"signFlipEpsOneHundredGaussianAlphaTen","0.0\%",NA,2026-09-04
"signFlipRoundedEpsOneHundredGaussianAlphaTen","0\%",NA,2026-09-04
"signFlipEpsOneHundredLaplaceAlphaTen","0.0\%",NA,2026-09-04
"signFlipRoundedEpsOneHundredLaplaceAlphaTen","0\%",NA,2026-09-04
"epiParityEpsTenGaussianAlphaOne","95.6\%",NA,2026-09-04
"epiParityRoundedEpsTenGaussianAlphaOne","96\%",NA,2026-09-04
"epiDisparityEpsTenGaussianAlphaOne","4.4\%",NA,2026-09-04
"epiDisparityRoundedEpsTenGaussianAlphaOne","4\%",NA,2026-09-04
"epiParityEpsTenLaplaceAlphaOne","92.7\%",NA,2026-09-04
"epiParityRoundedEpsTenLaplaceAlphaOne","93\%",NA,2026-09-04
"epiDisparityEpsTenLaplaceAlphaOne","7.3\%",NA,2026-09-04
"epiDisparityRoundedEpsTenLaplaceAlphaOne","7\%",NA,2026-09-04
"epiSignParityEpsTenGaussianAlphaOne","94.8\%",NA,2026-09-04
"epiSignParityRoundedEpsTenGaussianAlphaOne","95\%",NA,2026-09-04
"epiSignDisparityEpsTenGaussianAlphaOne","5.2\%",NA,2026-09-04
"epiSignDisparityRoundedEpsTenGaussianAlphaOne","5\%",NA,2026-09-04
"epiSignParityEpsTenLaplaceAlphaOne","92.9\%",NA,2026-09-04
"epiSignParityRoundedEpsTenLaplaceAlphaOne","93\%",NA,2026-09-04
"epiSignDisparityEpsTenLaplaceAlphaOne","7.1\%",NA,2026-09-04
"epiSignDisparityRoundedEpsTenLaplaceAlphaOne","7\%",NA,2026-09-04
"ciCoverageEpsTenGaussianAlphaOne","98.4\%",NA,2026-09-04
"ciCoverageRoundedEpsTenGaussianAlphaOne","98\%",NA,2026-09-04
"ciCoverageEpsTenLaplaceAlphaOne","96.3\%",NA,2026-09-04
"ciCoverageRoundedEpsTenLaplaceAlphaOne","96\%",NA,2026-09-04
"epiSignParityFPREpsTenGaussianAlphaOne","0.0\%",NA,2026-09-04
"epiSignParityFPRRoundedEpsTenGaussianAlphaOne","0\%",NA,2026-09-04
"epiSignParityFPREpsTenLaplaceAlphaOne","0.1\%",NA,2026-09-04
"epiSignParityFPRRoundedEpsTenLaplaceAlphaOne","0\%",NA,2026-09-04
"signFlipEpsTenGaussianAlphaOne","0.0\%",NA,2026-09-04
"signFlipRoundedEpsTenGaussianAlphaOne","0\%",NA,2026-09-04
"signFlipEpsTenLaplaceAlphaOne","0.1\%",NA,2026-09-04
"signFlipRoundedEpsTenLaplaceAlphaOne","0\%",NA,2026-09-04
"epiParityEpsTenGaussianAlphaFive","94.5\%",NA,2026-09-04
"epiParityRoundedEpsTenGaussianAlphaFive","94\%",NA,2026-09-04
"epiDisparityEpsTenGaussianAlphaFive","5.5\%",NA,2026-09-04
"epiDisparityRoundedEpsTenGaussianAlphaFive","6\%",NA,2026-09-04
"epiParityEpsTenLaplaceAlphaFive","92.5\%",NA,2026-09-04
"epiParityRoundedEpsTenLaplaceAlphaFive","92\%",NA,2026-09-04
"epiDisparityEpsTenLaplaceAlphaFive","7.5\%",NA,2026-09-04
"epiDisparityRoundedEpsTenLaplaceAlphaFive","8\%",NA,2026-09-04
"epiSignParityEpsTenGaussianAlphaFive","93.5\%",NA,2026-09-04
"epiSignParityRoundedEpsTenGaussianAlphaFive","93\%",NA,2026-09-04
"epiSignDisparityEpsTenGaussianAlphaFive","6.5\%",NA,2026-09-04
"epiSignDisparityRoundedEpsTenGaussianAlphaFive","7\%",NA,2026-09-04
"epiSignParityEpsTenLaplaceAlphaFive","92.2\%",NA,2026-09-04
"epiSignParityRoundedEpsTenLaplaceAlphaFive","92\%",NA,2026-09-04
"epiSignDisparityEpsTenLaplaceAlphaFive","7.8\%",NA,2026-09-04
"epiSignDisparityRoundedEpsTenLaplaceAlphaFive","8\%",NA,2026-09-04
"ciCoverageEpsTenGaussianAlphaFive","97.9\%",NA,2026-09-04
"ciCoverageRoundedEpsTenGaussianAlphaFive","98\%",NA,2026-09-04
"ciCoverageEpsTenLaplaceAlphaFive","94.8\%",NA,2026-09-04
"ciCoverageRoundedEpsTenLaplaceAlphaFive","95\%",NA,2026-09-04
"epiSignParityFPREpsTenGaussianAlphaFive","0.3\%",NA,2026-09-04
"epiSignParityFPRRoundedEpsTenGaussianAlphaFive","0\%",NA,2026-09-04
"epiSignParityFPREpsTenLaplaceAlphaFive","0.6\%",NA,2026-09-04
"epiSignParityFPRRoundedEpsTenLaplaceAlphaFive","1\%",NA,2026-09-04
"signFlipEpsTenGaussianAlphaFive","0.0\%",NA,2026-09-04
"signFlipRoundedEpsTenGaussianAlphaFive","0\%",NA,2026-09-04
"signFlipEpsTenLaplaceAlphaFive","0.2\%",NA,2026-09-04
"signFlipRoundedEpsTenLaplaceAlphaFive","0\%",NA,2026-09-04
"epiParityEpsTenGaussianAlphaTen","95.8\%",NA,2026-09-04
"epiParityRoundedEpsTenGaussianAlphaTen","96\%",NA,2026-09-04
"epiDisparityEpsTenGaussianAlphaTen","4.2\%",NA,2026-09-04
"epiDisparityRoundedEpsTenGaussianAlphaTen","4\%",NA,2026-09-04
"epiParityEpsTenLaplaceAlphaTen","93.9\%",NA,2026-09-04
"epiParityRoundedEpsTenLaplaceAlphaTen","94\%",NA,2026-09-04
"epiDisparityEpsTenLaplaceAlphaTen","6.1\%",NA,2026-09-04
"epiDisparityRoundedEpsTenLaplaceAlphaTen","6\%",NA,2026-09-04
"epiSignParityEpsTenGaussianAlphaTen","94.3\%",NA,2026-09-04
"epiSignParityRoundedEpsTenGaussianAlphaTen","94\%",NA,2026-09-04
"epiSignDisparityEpsTenGaussianAlphaTen","5.7\%",NA,2026-09-04
"epiSignDisparityRoundedEpsTenGaussianAlphaTen","6\%",NA,2026-09-04
"epiSignParityEpsTenLaplaceAlphaTen","93.2\%",NA,2026-09-04
"epiSignParityRoundedEpsTenLaplaceAlphaTen","93\%",NA,2026-09-04
"epiSignDisparityEpsTenLaplaceAlphaTen","6.8\%",NA,2026-09-04
"epiSignDisparityRoundedEpsTenLaplaceAlphaTen","7\%",NA,2026-09-04
"ciCoverageEpsTenGaussianAlphaTen","97.2\%",NA,2026-09-04
"ciCoverageRoundedEpsTenGaussianAlphaTen","97\%",NA,2026-09-04
"ciCoverageEpsTenLaplaceAlphaTen","93.2\%",NA,2026-09-04
"ciCoverageRoundedEpsTenLaplaceAlphaTen","93\%",NA,2026-09-04
"epiSignParityFPREpsTenGaussianAlphaTen","0.5\%",NA,2026-09-04
"epiSignParityFPRRoundedEpsTenGaussianAlphaTen","1\%",NA,2026-09-04
"epiSignParityFPREpsTenLaplaceAlphaTen","0.8\%",NA,2026-09-04
"epiSignParityFPRRoundedEpsTenLaplaceAlphaTen","1\%",NA,2026-09-04
"signFlipEpsTenGaussianAlphaTen","0.0\%",NA,2026-09-04
"signFlipRoundedEpsTenGaussianAlphaTen","0\%",NA,2026-09-04
"signFlipEpsTenLaplaceAlphaTen","0.3\%",NA,2026-09-04
"signFlipRoundedEpsTenLaplaceAlphaTen","0\%",NA,2026-09-04
"epiParityEpsOneGaussianAlphaOne","89.3\%",NA,2026-09-04
"epiParityRoundedEpsOneGaussianAlphaOne","89\%",NA,2026-09-04
"epiDisparityEpsOneGaussianAlphaOne","10.7\%",NA,2026-09-04
"epiDisparityRoundedEpsOneGaussianAlphaOne","11\%",NA,2026-09-04
"epiParityEpsOneLaplaceAlphaOne","82.2\%",NA,2026-09-04
"epiParityRoundedEpsOneLaplaceAlphaOne","82\%",NA,2026-09-04
"epiDisparityEpsOneLaplaceAlphaOne","17.8\%",NA,2026-09-04
"epiDisparityRoundedEpsOneLaplaceAlphaOne","18\%",NA,2026-09-04
"epiSignParityEpsOneGaussianAlphaOne","89.3\%",NA,2026-09-04
"epiSignParityRoundedEpsOneGaussianAlphaOne","89\%",NA,2026-09-04
"epiSignDisparityEpsOneGaussianAlphaOne","10.7\%",NA,2026-09-04
"epiSignDisparityRoundedEpsOneGaussianAlphaOne","11\%",NA,2026-09-04
"epiSignParityEpsOneLaplaceAlphaOne","81.9\%",NA,2026-09-04
"epiSignParityRoundedEpsOneLaplaceAlphaOne","82\%",NA,2026-09-04
"epiSignDisparityEpsOneLaplaceAlphaOne","18.1\%",NA,2026-09-04
"epiSignDisparityRoundedEpsOneLaplaceAlphaOne","18\%",NA,2026-09-04
"ciCoverageEpsOneGaussianAlphaOne","94.0\%",NA,2026-09-04
"ciCoverageRoundedEpsOneGaussianAlphaOne","94\%",NA,2026-09-04
"ciCoverageEpsOneLaplaceAlphaOne","89.3\%",NA,2026-09-04
"ciCoverageRoundedEpsOneLaplaceAlphaOne","89\%",NA,2026-09-04
"epiSignParityFPREpsOneGaussianAlphaOne","0.3\%",NA,2026-09-04
"epiSignParityFPRRoundedEpsOneGaussianAlphaOne","0\%",NA,2026-09-04
"epiSignParityFPREpsOneLaplaceAlphaOne","0.4\%",NA,2026-09-04
"epiSignParityFPRRoundedEpsOneLaplaceAlphaOne","0\%",NA,2026-09-04
"signFlipEpsOneGaussianAlphaOne","0.3\%",NA,2026-09-04
"signFlipRoundedEpsOneGaussianAlphaOne","0\%",NA,2026-09-04
"signFlipEpsOneLaplaceAlphaOne","0.2\%",NA,2026-09-04
"signFlipRoundedEpsOneLaplaceAlphaOne","0\%",NA,2026-09-04
"epiParityEpsOneGaussianAlphaFive","89.7\%",NA,2026-09-04
"epiParityRoundedEpsOneGaussianAlphaFive","90\%",NA,2026-09-04
"epiDisparityEpsOneGaussianAlphaFive","10.3\%",NA,2026-09-04
"epiDisparityRoundedEpsOneGaussianAlphaFive","10\%",NA,2026-09-04
"epiParityEpsOneLaplaceAlphaFive","82.7\%",NA,2026-09-04
"epiParityRoundedEpsOneLaplaceAlphaFive","83\%",NA,2026-09-04
"epiDisparityEpsOneLaplaceAlphaFive","17.3\%",NA,2026-09-04
"epiDisparityRoundedEpsOneLaplaceAlphaFive","17\%",NA,2026-09-04
"epiSignParityEpsOneGaussianAlphaFive","89.3\%",NA,2026-09-04
"epiSignParityRoundedEpsOneGaussianAlphaFive","89\%",NA,2026-09-04
"epiSignDisparityEpsOneGaussianAlphaFive","10.7\%",NA,2026-09-04
"epiSignDisparityRoundedEpsOneGaussianAlphaFive","11\%",NA,2026-09-04
"epiSignParityEpsOneLaplaceAlphaFive","82.1\%",NA,2026-09-04
"epiSignParityRoundedEpsOneLaplaceAlphaFive","82\%",NA,2026-09-04
"epiSignDisparityEpsOneLaplaceAlphaFive","17.9\%",NA,2026-09-04
"epiSignDisparityRoundedEpsOneLaplaceAlphaFive","18\%",NA,2026-09-04
"ciCoverageEpsOneGaussianAlphaFive","92.2\%",NA,2026-09-04
"ciCoverageRoundedEpsOneGaussianAlphaFive","92\%",NA,2026-09-04
"ciCoverageEpsOneLaplaceAlphaFive","86.1\%",NA,2026-09-04
"ciCoverageRoundedEpsOneLaplaceAlphaFive","86\%",NA,2026-09-04
"epiSignParityFPREpsOneGaussianAlphaFive","0.9\%",NA,2026-09-04
"epiSignParityFPRRoundedEpsOneGaussianAlphaFive","1\%",NA,2026-09-04
"epiSignParityFPREpsOneLaplaceAlphaFive","1.0\%",NA,2026-09-04
"epiSignParityFPRRoundedEpsOneLaplaceAlphaFive","1\%",NA,2026-09-04
"signFlipEpsOneGaussianAlphaFive","0.4\%",NA,2026-09-04
"signFlipRoundedEpsOneGaussianAlphaFive","0\%",NA,2026-09-04
"signFlipEpsOneLaplaceAlphaFive","0.3\%",NA,2026-09-04
"signFlipRoundedEpsOneLaplaceAlphaFive","0\%",NA,2026-09-04
"epiParityEpsOneGaussianAlphaTen","90.9\%",NA,2026-09-04
"epiParityRoundedEpsOneGaussianAlphaTen","91\%",NA,2026-09-04
"epiDisparityEpsOneGaussianAlphaTen","9.1\%",NA,2026-09-04
"epiDisparityRoundedEpsOneGaussianAlphaTen","9\%",NA,2026-09-04
"epiParityEpsOneLaplaceAlphaTen","85.1\%",NA,2026-09-04
"epiParityRoundedEpsOneLaplaceAlphaTen","85\%",NA,2026-09-04
"epiDisparityEpsOneLaplaceAlphaTen","14.9\%",NA,2026-09-04
"epiDisparityRoundedEpsOneLaplaceAlphaTen","15\%",NA,2026-09-04
"epiSignParityEpsOneGaussianAlphaTen","90.3\%",NA,2026-09-04
"epiSignParityRoundedEpsOneGaussianAlphaTen","90\%",NA,2026-09-04
"epiSignDisparityEpsOneGaussianAlphaTen","9.7\%",NA,2026-09-04
"epiSignDisparityRoundedEpsOneGaussianAlphaTen","10\%",NA,2026-09-04
"epiSignParityEpsOneLaplaceAlphaTen","84.4\%",NA,2026-09-04
"epiSignParityRoundedEpsOneLaplaceAlphaTen","84\%",NA,2026-09-04
"epiSignDisparityEpsOneLaplaceAlphaTen","15.6\%",NA,2026-09-04
"epiSignDisparityRoundedEpsOneLaplaceAlphaTen","16\%",NA,2026-09-04
"ciCoverageEpsOneGaussianAlphaTen","91.2\%",NA,2026-09-04
"ciCoverageRoundedEpsOneGaussianAlphaTen","91\%",NA,2026-09-04
"ciCoverageEpsOneLaplaceAlphaTen","84.4\%",NA,2026-09-04
"ciCoverageRoundedEpsOneLaplaceAlphaTen","84\%",NA,2026-09-04
"epiSignParityFPREpsOneGaussianAlphaTen","1.2\%",NA,2026-09-04
"epiSignParityFPRRoundedEpsOneGaussianAlphaTen","1\%",NA,2026-09-04
"epiSignParityFPREpsOneLaplaceAlphaTen","1.5\%",NA,2026-09-04
"epiSignParityFPRRoundedEpsOneLaplaceAlphaTen","2\%",NA,2026-09-04
"signFlipEpsOneGaussianAlphaTen","0.4\%",NA,2026-09-04
"signFlipRoundedEpsOneGaussianAlphaTen","0\%",NA,2026-09-04
"signFlipEpsOneLaplaceAlphaTen","0.5\%",NA,2026-09-04
"signFlipRoundedEpsOneLaplaceAlphaTen","0\%",NA,2026-09-04
"epiParityEpsPointOneGaussianAlphaOne","76.3\%",NA,2026-09-04
"epiParityRoundedEpsPointOneGaussianAlphaOne","76\%",NA,2026-09-04
"epiDisparityEpsPointOneGaussianAlphaOne","23.7\%",NA,2026-09-04
"epiDisparityRoundedEpsPointOneGaussianAlphaOne","24\%",NA,2026-09-04
"epiParityEpsPointOneLaplaceAlphaOne","69.3\%",NA,2026-09-04
"epiParityRoundedEpsPointOneLaplaceAlphaOne","69\%",NA,2026-09-04
"epiDisparityEpsPointOneLaplaceAlphaOne","30.7\%",NA,2026-09-04
"epiDisparityRoundedEpsPointOneLaplaceAlphaOne","31\%",NA,2026-09-04
"epiSignParityEpsPointOneGaussianAlphaOne","76.4\%",NA,2026-09-04
"epiSignParityRoundedEpsPointOneGaussianAlphaOne","76\%",NA,2026-09-04
"epiSignDisparityEpsPointOneGaussianAlphaOne","23.6\%",NA,2026-09-04
"epiSignDisparityRoundedEpsPointOneGaussianAlphaOne","24\%",NA,2026-09-04
"epiSignParityEpsPointOneLaplaceAlphaOne","68.2\%",NA,2026-09-04
"epiSignParityRoundedEpsPointOneLaplaceAlphaOne","68\%",NA,2026-09-04
"epiSignDisparityEpsPointOneLaplaceAlphaOne","31.8\%",NA,2026-09-04
"epiSignDisparityRoundedEpsPointOneLaplaceAlphaOne","32\%",NA,2026-09-04
"ciCoverageEpsPointOneGaussianAlphaOne","83.1\%",NA,2026-09-04
"ciCoverageRoundedEpsPointOneGaussianAlphaOne","83\%",NA,2026-09-04
"ciCoverageEpsPointOneLaplaceAlphaOne","72.0\%",NA,2026-09-04
"ciCoverageRoundedEpsPointOneLaplaceAlphaOne","72\%",NA,2026-09-04
"epiSignParityFPREpsPointOneGaussianAlphaOne","0.3\%",NA,2026-09-04
"epiSignParityFPRRoundedEpsPointOneGaussianAlphaOne","0\%",NA,2026-09-04
"epiSignParityFPREpsPointOneLaplaceAlphaOne","1.0\%",NA,2026-09-04
"epiSignParityFPRRoundedEpsPointOneLaplaceAlphaOne","1\%",NA,2026-09-04
"signFlipEpsPointOneGaussianAlphaOne","0.3\%",NA,2026-09-04
"signFlipRoundedEpsPointOneGaussianAlphaOne","0\%",NA,2026-09-04
"signFlipEpsPointOneLaplaceAlphaOne","0.7\%",NA,2026-09-04
"signFlipRoundedEpsPointOneLaplaceAlphaOne","1\%",NA,2026-09-04
"epiParityEpsPointOneGaussianAlphaFive","76.3\%",NA,2026-09-04
"epiParityRoundedEpsPointOneGaussianAlphaFive","76\%",NA,2026-09-04
"epiDisparityEpsPointOneGaussianAlphaFive","23.7\%",NA,2026-09-04
"epiDisparityRoundedEpsPointOneGaussianAlphaFive","24\%",NA,2026-09-04
"epiParityEpsPointOneLaplaceAlphaFive","69.3\%",NA,2026-09-04
"epiParityRoundedEpsPointOneLaplaceAlphaFive","69\%",NA,2026-09-04
"epiDisparityEpsPointOneLaplaceAlphaFive","30.7\%",NA,2026-09-04
"epiDisparityRoundedEpsPointOneLaplaceAlphaFive","31\%",NA,2026-09-04
"epiSignParityEpsPointOneGaussianAlphaFive","77.0\%",NA,2026-09-04
"epiSignParityRoundedEpsPointOneGaussianAlphaFive","77\%",NA,2026-09-04
"epiSignDisparityEpsPointOneGaussianAlphaFive","23.0\%",NA,2026-09-04
"epiSignDisparityRoundedEpsPointOneGaussianAlphaFive","23\%",NA,2026-09-04
"epiSignParityEpsPointOneLaplaceAlphaFive","69.3\%",NA,2026-09-04
"epiSignParityRoundedEpsPointOneLaplaceAlphaFive","69\%",NA,2026-09-04
"epiSignDisparityEpsPointOneLaplaceAlphaFive","30.7\%",NA,2026-09-04
"epiSignDisparityRoundedEpsPointOneLaplaceAlphaFive","31\%",NA,2026-09-04
"ciCoverageEpsPointOneGaussianAlphaFive","79.8\%",NA,2026-09-04
"ciCoverageRoundedEpsPointOneGaussianAlphaFive","80\%",NA,2026-09-04
"ciCoverageEpsPointOneLaplaceAlphaFive","69.7\%",NA,2026-09-04
"ciCoverageRoundedEpsPointOneLaplaceAlphaFive","70\%",NA,2026-09-04
"epiSignParityFPREpsPointOneGaussianAlphaFive","1.2\%",NA,2026-09-04
"epiSignParityFPRRoundedEpsPointOneGaussianAlphaFive","1\%",NA,2026-09-04
"epiSignParityFPREpsPointOneLaplaceAlphaFive","2.0\%",NA,2026-09-04
"epiSignParityFPRRoundedEpsPointOneLaplaceAlphaFive","2\%",NA,2026-09-04
"signFlipEpsPointOneGaussianAlphaFive","0.5\%",NA,2026-09-04
"signFlipRoundedEpsPointOneGaussianAlphaFive","0\%",NA,2026-09-04
"signFlipEpsPointOneLaplaceAlphaFive","1.0\%",NA,2026-09-04
"signFlipRoundedEpsPointOneLaplaceAlphaFive","1\%",NA,2026-09-04
"epiParityEpsPointOneGaussianAlphaTen","77.4\%",NA,2026-09-04
"epiParityRoundedEpsPointOneGaussianAlphaTen","77\%",NA,2026-09-04
"epiDisparityEpsPointOneGaussianAlphaTen","22.6\%",NA,2026-09-04
"epiDisparityRoundedEpsPointOneGaussianAlphaTen","23\%",NA,2026-09-04
"epiParityEpsPointOneLaplaceAlphaTen","70.2\%",NA,2026-09-04
"epiParityRoundedEpsPointOneLaplaceAlphaTen","70\%",NA,2026-09-04
"epiDisparityEpsPointOneLaplaceAlphaTen","29.8\%",NA,2026-09-04
"epiDisparityRoundedEpsPointOneLaplaceAlphaTen","30\%",NA,2026-09-04
"epiSignParityEpsPointOneGaussianAlphaTen","77.7\%",NA,2026-09-04
"epiSignParityRoundedEpsPointOneGaussianAlphaTen","78\%",NA,2026-09-04
"epiSignDisparityEpsPointOneGaussianAlphaTen","22.3\%",NA,2026-09-04
"epiSignDisparityRoundedEpsPointOneGaussianAlphaTen","22\%",NA,2026-09-04
"epiSignParityEpsPointOneLaplaceAlphaTen","70.2\%",NA,2026-09-04
"epiSignParityRoundedEpsPointOneLaplaceAlphaTen","70\%",NA,2026-09-04
"epiSignDisparityEpsPointOneLaplaceAlphaTen","29.8\%",NA,2026-09-04
"epiSignDisparityRoundedEpsPointOneLaplaceAlphaTen","30\%",NA,2026-09-04
"ciCoverageEpsPointOneGaussianAlphaTen","77.7\%",NA,2026-09-04
"ciCoverageRoundedEpsPointOneGaussianAlphaTen","78\%",NA,2026-09-04
"ciCoverageEpsPointOneLaplaceAlphaTen","67.8\%",NA,2026-09-04
"ciCoverageRoundedEpsPointOneLaplaceAlphaTen","68\%",NA,2026-09-04
"epiSignParityFPREpsPointOneGaussianAlphaTen","1.8\%",NA,2026-09-04
"epiSignParityFPRRoundedEpsPointOneGaussianAlphaTen","2\%",NA,2026-09-04
"epiSignParityFPREpsPointOneLaplaceAlphaTen","2.9\%",NA,2026-09-04
"epiSignParityFPRRoundedEpsPointOneLaplaceAlphaTen","3\%",NA,2026-09-04
"signFlipEpsPointOneGaussianAlphaTen","0.7\%",NA,2026-09-04
"signFlipRoundedEpsPointOneGaussianAlphaTen","1\%",NA,2026-09-04
"signFlipEpsPointOneLaplaceAlphaTen","1.7\%",NA,2026-09-04
"signFlipRoundedEpsPointOneLaplaceAlphaTen","2\%",NA,2026-09-04
"epiParityEpsPointZeroOneGaussianAlphaOne","64.5\%",NA,2026-09-04
"epiParityRoundedEpsPointZeroOneGaussianAlphaOne","65\%",NA,2026-09-04
"epiDisparityEpsPointZeroOneGaussianAlphaOne","35.5\%",NA,2026-09-04
"epiDisparityRoundedEpsPointZeroOneGaussianAlphaOne","35\%",NA,2026-09-04
"epiParityEpsPointZeroOneLaplaceAlphaOne","57.7\%",NA,2026-09-04
"epiParityRoundedEpsPointZeroOneLaplaceAlphaOne","58\%",NA,2026-09-04
"epiDisparityEpsPointZeroOneLaplaceAlphaOne","42.3\%",NA,2026-09-04
"epiDisparityRoundedEpsPointZeroOneLaplaceAlphaOne","42\%",NA,2026-09-04
"epiSignParityEpsPointZeroOneGaussianAlphaOne","62.3\%",NA,2026-09-04
"epiSignParityRoundedEpsPointZeroOneGaussianAlphaOne","62\%",NA,2026-09-04
"epiSignDisparityEpsPointZeroOneGaussianAlphaOne","37.7\%",NA,2026-09-04
"epiSignDisparityRoundedEpsPointZeroOneGaussianAlphaOne","38\%",NA,2026-09-04
"epiSignParityEpsPointZeroOneLaplaceAlphaOne","56.6\%",NA,2026-09-04
"epiSignParityRoundedEpsPointZeroOneLaplaceAlphaOne","57\%",NA,2026-09-04
"epiSignDisparityEpsPointZeroOneLaplaceAlphaOne","43.4\%",NA,2026-09-04
"epiSignDisparityRoundedEpsPointZeroOneLaplaceAlphaOne","43\%",NA,2026-09-04
"ciCoverageEpsPointZeroOneGaussianAlphaOne","67.8\%",NA,2026-09-04
"ciCoverageRoundedEpsPointZeroOneGaussianAlphaOne","68\%",NA,2026-09-04
"ciCoverageEpsPointZeroOneLaplaceAlphaOne","61.8\%",NA,2026-09-04
"ciCoverageRoundedEpsPointZeroOneLaplaceAlphaOne","62\%",NA,2026-09-04
"epiSignParityFPREpsPointZeroOneGaussianAlphaOne","1.5\%",NA,2026-09-04
"epiSignParityFPRRoundedEpsPointZeroOneGaussianAlphaOne","1\%",NA,2026-09-04
"epiSignParityFPREpsPointZeroOneLaplaceAlphaOne","1.6\%",NA,2026-09-04
"epiSignParityFPRRoundedEpsPointZeroOneLaplaceAlphaOne","2\%",NA,2026-09-04
"signFlipEpsPointZeroOneGaussianAlphaOne","1.0\%",NA,2026-09-04
"signFlipRoundedEpsPointZeroOneGaussianAlphaOne","1\%",NA,2026-09-04
"signFlipEpsPointZeroOneLaplaceAlphaOne","0.9\%",NA,2026-09-04
"signFlipRoundedEpsPointZeroOneLaplaceAlphaOne","1\%",NA,2026-09-04
"epiParityEpsPointZeroOneGaussianAlphaFive","65.3\%",NA,2026-09-04
"epiParityRoundedEpsPointZeroOneGaussianAlphaFive","65\%",NA,2026-09-04
"epiDisparityEpsPointZeroOneGaussianAlphaFive","34.7\%",NA,2026-09-04
"epiDisparityRoundedEpsPointZeroOneGaussianAlphaFive","35\%",NA,2026-09-04
"epiParityEpsPointZeroOneLaplaceAlphaFive","57.7\%",NA,2026-09-04
"epiParityRoundedEpsPointZeroOneLaplaceAlphaFive","58\%",NA,2026-09-04
"epiDisparityEpsPointZeroOneLaplaceAlphaFive","42.3\%",NA,2026-09-04
"epiDisparityRoundedEpsPointZeroOneLaplaceAlphaFive","42\%",NA,2026-09-04
"epiSignParityEpsPointZeroOneGaussianAlphaFive","64.4\%",NA,2026-09-04
"epiSignParityRoundedEpsPointZeroOneGaussianAlphaFive","64\%",NA,2026-09-04
"epiSignDisparityEpsPointZeroOneGaussianAlphaFive","35.6\%",NA,2026-09-04
"epiSignDisparityRoundedEpsPointZeroOneGaussianAlphaFive","36\%",NA,2026-09-04
"epiSignParityEpsPointZeroOneLaplaceAlphaFive","57.2\%",NA,2026-09-04
"epiSignParityRoundedEpsPointZeroOneLaplaceAlphaFive","57\%",NA,2026-09-04
"epiSignDisparityEpsPointZeroOneLaplaceAlphaFive","42.8\%",NA,2026-09-04
"epiSignDisparityRoundedEpsPointZeroOneLaplaceAlphaFive","43\%",NA,2026-09-04
"ciCoverageEpsPointZeroOneGaussianAlphaFive","64.6\%",NA,2026-09-04
"ciCoverageRoundedEpsPointZeroOneGaussianAlphaFive","65\%",NA,2026-09-04
"ciCoverageEpsPointZeroOneLaplaceAlphaFive","58.1\%",NA,2026-09-04
"ciCoverageRoundedEpsPointZeroOneLaplaceAlphaFive","58\%",NA,2026-09-04
"epiSignParityFPREpsPointZeroOneGaussianAlphaFive","2.4\%",NA,2026-09-04
"epiSignParityFPRRoundedEpsPointZeroOneGaussianAlphaFive","2\%",NA,2026-09-04
"epiSignParityFPREpsPointZeroOneLaplaceAlphaFive","2.8\%",NA,2026-09-04
"epiSignParityFPRRoundedEpsPointZeroOneLaplaceAlphaFive","3\%",NA,2026-09-04
"signFlipEpsPointZeroOneGaussianAlphaFive","1.4\%",NA,2026-09-04
"signFlipRoundedEpsPointZeroOneGaussianAlphaFive","1\%",NA,2026-09-04
"signFlipEpsPointZeroOneLaplaceAlphaFive","1.5\%",NA,2026-09-04
"signFlipRoundedEpsPointZeroOneLaplaceAlphaFive","2\%",NA,2026-09-04
"epiParityEpsPointZeroOneGaussianAlphaTen","65.9\%",NA,2026-09-04
"epiParityRoundedEpsPointZeroOneGaussianAlphaTen","66\%",NA,2026-09-04
"epiDisparityEpsPointZeroOneGaussianAlphaTen","34.1\%",NA,2026-09-04
"epiDisparityRoundedEpsPointZeroOneGaussianAlphaTen","34\%",NA,2026-09-04
"epiParityEpsPointZeroOneLaplaceAlphaTen","59.4\%",NA,2026-09-04
"epiParityRoundedEpsPointZeroOneLaplaceAlphaTen","59\%",NA,2026-09-04
"epiDisparityEpsPointZeroOneLaplaceAlphaTen","40.6\%",NA,2026-09-04
"epiDisparityRoundedEpsPointZeroOneLaplaceAlphaTen","41\%",NA,2026-09-04
"epiSignParityEpsPointZeroOneGaussianAlphaTen","65.3\%",NA,2026-09-04
"epiSignParityRoundedEpsPointZeroOneGaussianAlphaTen","65\%",NA,2026-09-04
"epiSignDisparityEpsPointZeroOneGaussianAlphaTen","34.7\%",NA,2026-09-04
"epiSignDisparityRoundedEpsPointZeroOneGaussianAlphaTen","35\%",NA,2026-09-04
"epiSignParityEpsPointZeroOneLaplaceAlphaTen","58.9\%",NA,2026-09-04
"epiSignParityRoundedEpsPointZeroOneLaplaceAlphaTen","59\%",NA,2026-09-04
"epiSignDisparityEpsPointZeroOneLaplaceAlphaTen","41.1\%",NA,2026-09-04
"epiSignDisparityRoundedEpsPointZeroOneLaplaceAlphaTen","41\%",NA,2026-09-04
"ciCoverageEpsPointZeroOneGaussianAlphaTen","62.5\%",NA,2026-09-04
"ciCoverageRoundedEpsPointZeroOneGaussianAlphaTen","63\%",NA,2026-09-04
"ciCoverageEpsPointZeroOneLaplaceAlphaTen","55.8\%",NA,2026-09-04
"ciCoverageRoundedEpsPointZeroOneLaplaceAlphaTen","56\%",NA,2026-09-04
"epiSignParityFPREpsPointZeroOneGaussianAlphaTen","3.8\%",NA,2026-09-04
"epiSignParityFPRRoundedEpsPointZeroOneGaussianAlphaTen","4\%",NA,2026-09-04
"epiSignParityFPREpsPointZeroOneLaplaceAlphaTen","3.6\%",NA,2026-09-04
"epiSignParityFPRRoundedEpsPointZeroOneLaplaceAlphaTen","4\%",NA,2026-09-04
"signFlipEpsPointZeroOneGaussianAlphaTen","2.5\%",NA,2026-09-04
"signFlipRoundedEpsPointZeroOneGaussianAlphaTen","2\%",NA,2026-09-04
"signFlipEpsPointZeroOneLaplaceAlphaTen","2.6\%",NA,2026-09-04
"signFlipRoundedEpsPointZeroOneLaplaceAlphaTen","3\%",NA,2026-09-04
"epiParityEpsPointZeroZeroOneGaussianAlphaOne","51.9\%",NA,2026-09-04
"epiParityRoundedEpsPointZeroZeroOneGaussianAlphaOne","52\%",NA,2026-09-04
"epiDisparityEpsPointZeroZeroOneGaussianAlphaOne","48.1\%",NA,2026-09-04
"epiDisparityRoundedEpsPointZeroZeroOneGaussianAlphaOne","48\%",NA,2026-09-04
"epiParityEpsPointZeroZeroOneLaplaceAlphaOne","48.3\%",NA,2026-09-04
"epiParityRoundedEpsPointZeroZeroOneLaplaceAlphaOne","48\%",NA,2026-09-04
"epiDisparityEpsPointZeroZeroOneLaplaceAlphaOne","51.7\%",NA,2026-09-04
"epiDisparityRoundedEpsPointZeroZeroOneLaplaceAlphaOne","52\%",NA,2026-09-04
"epiSignParityEpsPointZeroZeroOneGaussianAlphaOne","51.2\%",NA,2026-09-04
"epiSignParityRoundedEpsPointZeroZeroOneGaussianAlphaOne","51\%",NA,2026-09-04
"epiSignDisparityEpsPointZeroZeroOneGaussianAlphaOne","48.8\%",NA,2026-09-04
"epiSignDisparityRoundedEpsPointZeroZeroOneGaussianAlphaOne","49\%",NA,2026-09-04
"epiSignParityEpsPointZeroZeroOneLaplaceAlphaOne","47.9\%",NA,2026-09-04
"epiSignParityRoundedEpsPointZeroZeroOneLaplaceAlphaOne","48\%",NA,2026-09-04
"epiSignDisparityEpsPointZeroZeroOneLaplaceAlphaOne","52.1\%",NA,2026-09-04
"epiSignDisparityRoundedEpsPointZeroZeroOneLaplaceAlphaOne","52\%",NA,2026-09-04
"ciCoverageEpsPointZeroZeroOneGaussianAlphaOne","58.0\%",NA,2026-09-04
"ciCoverageRoundedEpsPointZeroZeroOneGaussianAlphaOne","58\%",NA,2026-09-04
"ciCoverageEpsPointZeroZeroOneLaplaceAlphaOne","50.4\%",NA,2026-09-04
"ciCoverageRoundedEpsPointZeroZeroOneLaplaceAlphaOne","50\%",NA,2026-09-04
"epiSignParityFPREpsPointZeroZeroOneGaussianAlphaOne","2.3\%",NA,2026-09-04
"epiSignParityFPRRoundedEpsPointZeroZeroOneGaussianAlphaOne","2\%",NA,2026-09-04
"epiSignParityFPREpsPointZeroZeroOneLaplaceAlphaOne","2.0\%",NA,2026-09-04
"epiSignParityFPRRoundedEpsPointZeroZeroOneLaplaceAlphaOne","2\%",NA,2026-09-04
"signFlipEpsPointZeroZeroOneGaussianAlphaOne","1.4\%",NA,2026-09-04
"signFlipRoundedEpsPointZeroZeroOneGaussianAlphaOne","1\%",NA,2026-09-04
"signFlipEpsPointZeroZeroOneLaplaceAlphaOne","1.3\%",NA,2026-09-04
"signFlipRoundedEpsPointZeroZeroOneLaplaceAlphaOne","1\%",NA,2026-09-04
"epiParityEpsPointZeroZeroOneGaussianAlphaFive","51.9\%",NA,2026-09-04
"epiParityRoundedEpsPointZeroZeroOneGaussianAlphaFive","52\%",NA,2026-09-04
"epiDisparityEpsPointZeroZeroOneGaussianAlphaFive","48.1\%",NA,2026-09-04
"epiDisparityRoundedEpsPointZeroZeroOneGaussianAlphaFive","48\%",NA,2026-09-04
"epiParityEpsPointZeroZeroOneLaplaceAlphaFive","47.9\%",NA,2026-09-04
"epiParityRoundedEpsPointZeroZeroOneLaplaceAlphaFive","48\%",NA,2026-09-04
"epiDisparityEpsPointZeroZeroOneLaplaceAlphaFive","52.1\%",NA,2026-09-04
"epiDisparityRoundedEpsPointZeroZeroOneLaplaceAlphaFive","52\%",NA,2026-09-04
"epiSignParityEpsPointZeroZeroOneGaussianAlphaFive","51.6\%",NA,2026-09-04
"epiSignParityRoundedEpsPointZeroZeroOneGaussianAlphaFive","52\%",NA,2026-09-04
"epiSignDisparityEpsPointZeroZeroOneGaussianAlphaFive","48.4\%",NA,2026-09-04
"epiSignDisparityRoundedEpsPointZeroZeroOneGaussianAlphaFive","48\%",NA,2026-09-04
"epiSignParityEpsPointZeroZeroOneLaplaceAlphaFive","47.3\%",NA,2026-09-04
"epiSignParityRoundedEpsPointZeroZeroOneLaplaceAlphaFive","47\%",NA,2026-09-04
"epiSignDisparityEpsPointZeroZeroOneLaplaceAlphaFive","52.7\%",NA,2026-09-04
"epiSignDisparityRoundedEpsPointZeroZeroOneLaplaceAlphaFive","53\%",NA,2026-09-04
"ciCoverageEpsPointZeroZeroOneGaussianAlphaFive","52.6\%",NA,2026-09-04
"ciCoverageRoundedEpsPointZeroZeroOneGaussianAlphaFive","53\%",NA,2026-09-04
"ciCoverageEpsPointZeroZeroOneLaplaceAlphaFive","44.8\%",NA,2026-09-04
"ciCoverageRoundedEpsPointZeroZeroOneLaplaceAlphaFive","45\%",NA,2026-09-04
"epiSignParityFPREpsPointZeroZeroOneGaussianAlphaFive","3.8\%",NA,2026-09-04
"epiSignParityFPRRoundedEpsPointZeroZeroOneGaussianAlphaFive","4\%",NA,2026-09-04
"epiSignParityFPREpsPointZeroZeroOneLaplaceAlphaFive","4.1\%",NA,2026-09-04
"epiSignParityFPRRoundedEpsPointZeroZeroOneLaplaceAlphaFive","4\%",NA,2026-09-04
"signFlipEpsPointZeroZeroOneGaussianAlphaFive","2.5\%",NA,2026-09-04
"signFlipRoundedEpsPointZeroZeroOneGaussianAlphaFive","3\%",NA,2026-09-04
"signFlipEpsPointZeroZeroOneLaplaceAlphaFive","3.2\%",NA,2026-09-04
"signFlipRoundedEpsPointZeroZeroOneLaplaceAlphaFive","3\%",NA,2026-09-04
"epiParityEpsPointZeroZeroOneGaussianAlphaTen","53.8\%",NA,2026-09-04
"epiParityRoundedEpsPointZeroZeroOneGaussianAlphaTen","54\%",NA,2026-09-04
"epiDisparityEpsPointZeroZeroOneGaussianAlphaTen","46.2\%",NA,2026-09-04
"epiDisparityRoundedEpsPointZeroZeroOneGaussianAlphaTen","46\%",NA,2026-09-04
"epiParityEpsPointZeroZeroOneLaplaceAlphaTen","49.3\%",NA,2026-09-04
"epiParityRoundedEpsPointZeroZeroOneLaplaceAlphaTen","49\%",NA,2026-09-04
"epiDisparityEpsPointZeroZeroOneLaplaceAlphaTen","50.7\%",NA,2026-09-04
"epiDisparityRoundedEpsPointZeroZeroOneLaplaceAlphaTen","51\%",NA,2026-09-04
"epiSignParityEpsPointZeroZeroOneGaussianAlphaTen","53.5\%",NA,2026-09-04
"epiSignParityRoundedEpsPointZeroZeroOneGaussianAlphaTen","53\%",NA,2026-09-04
"epiSignDisparityEpsPointZeroZeroOneGaussianAlphaTen","46.5\%",NA,2026-09-04
"epiSignDisparityRoundedEpsPointZeroZeroOneGaussianAlphaTen","47\%",NA,2026-09-04
"epiSignParityEpsPointZeroZeroOneLaplaceAlphaTen","49.2\%",NA,2026-09-04
"epiSignParityRoundedEpsPointZeroZeroOneLaplaceAlphaTen","49\%",NA,2026-09-04
"epiSignDisparityEpsPointZeroZeroOneLaplaceAlphaTen","50.8\%",NA,2026-09-04
"epiSignDisparityRoundedEpsPointZeroZeroOneLaplaceAlphaTen","51\%",NA,2026-09-04
"ciCoverageEpsPointZeroZeroOneGaussianAlphaTen","48.9\%",NA,2026-09-04
"ciCoverageRoundedEpsPointZeroZeroOneGaussianAlphaTen","49\%",NA,2026-09-04
"ciCoverageEpsPointZeroZeroOneLaplaceAlphaTen","41.9\%",NA,2026-09-04
"ciCoverageRoundedEpsPointZeroZeroOneLaplaceAlphaTen","42\%",NA,2026-09-04
"epiSignParityFPREpsPointZeroZeroOneGaussianAlphaTen","5.1\%",NA,2026-09-04
"epiSignParityFPRRoundedEpsPointZeroZeroOneGaussianAlphaTen","5\%",NA,2026-09-04
"epiSignParityFPREpsPointZeroZeroOneLaplaceAlphaTen","5.7\%",NA,2026-09-04
"epiSignParityFPRRoundedEpsPointZeroZeroOneLaplaceAlphaTen","6\%",NA,2026-09-04
"signFlipEpsPointZeroZeroOneGaussianAlphaTen","4.0\%",NA,2026-09-04
"signFlipRoundedEpsPointZeroZeroOneGaussianAlphaTen","4\%",NA,2026-09-04
"signFlipEpsPointZeroZeroOneLaplaceAlphaTen","4.7\%",NA,2026-09-04
"signFlipRoundedEpsPointZeroZeroOneLaplaceAlphaTen","5\%",NA,2026-09-04
"epiParityEpsPointZeroZeroZeroOneGaussianAlphaOne","45.1\%",NA,2026-09-04
"epiParityRoundedEpsPointZeroZeroZeroOneGaussianAlphaOne","45\%",NA,2026-09-04
"epiDisparityEpsPointZeroZeroZeroOneGaussianAlphaOne","54.9\%",NA,2026-09-04
"epiDisparityRoundedEpsPointZeroZeroZeroOneGaussianAlphaOne","55\%",NA,2026-09-04
"epiParityEpsPointZeroZeroZeroOneLaplaceAlphaOne","42.1\%",NA,2026-09-04
"epiParityRoundedEpsPointZeroZeroZeroOneLaplaceAlphaOne","42\%",NA,2026-09-04
"epiDisparityEpsPointZeroZeroZeroOneLaplaceAlphaOne","57.9\%",NA,2026-09-04
"epiDisparityRoundedEpsPointZeroZeroZeroOneLaplaceAlphaOne","58\%",NA,2026-09-04
"epiSignParityEpsPointZeroZeroZeroOneGaussianAlphaOne","43.9\%",NA,2026-09-04
"epiSignParityRoundedEpsPointZeroZeroZeroOneGaussianAlphaOne","44\%",NA,2026-09-04
"epiSignDisparityEpsPointZeroZeroZeroOneGaussianAlphaOne","56.1\%",NA,2026-09-04
"epiSignDisparityRoundedEpsPointZeroZeroZeroOneGaussianAlphaOne","56\%",NA,2026-09-04
"epiSignParityEpsPointZeroZeroZeroOneLaplaceAlphaOne","40.7\%",NA,2026-09-04
"epiSignParityRoundedEpsPointZeroZeroZeroOneLaplaceAlphaOne","41\%",NA,2026-09-04
"epiSignDisparityEpsPointZeroZeroZeroOneLaplaceAlphaOne","59.3\%",NA,2026-09-04
"epiSignDisparityRoundedEpsPointZeroZeroZeroOneLaplaceAlphaOne","59\%",NA,2026-09-04
"ciCoverageEpsPointZeroZeroZeroOneGaussianAlphaOne","46.7\%",NA,2026-09-04
"ciCoverageRoundedEpsPointZeroZeroZeroOneGaussianAlphaOne","47\%",NA,2026-09-04
"ciCoverageEpsPointZeroZeroZeroOneLaplaceAlphaOne","43.6\%",NA,2026-09-04
"ciCoverageRoundedEpsPointZeroZeroZeroOneLaplaceAlphaOne","44\%",NA,2026-09-04
"epiSignParityFPREpsPointZeroZeroZeroOneGaussianAlphaOne","3.2\%",NA,2026-09-04
"epiSignParityFPRRoundedEpsPointZeroZeroZeroOneGaussianAlphaOne","3\%",NA,2026-09-04
"epiSignParityFPREpsPointZeroZeroZeroOneLaplaceAlphaOne","3.4\%",NA,2026-09-04
"epiSignParityFPRRoundedEpsPointZeroZeroZeroOneLaplaceAlphaOne","3\%",NA,2026-09-04
"signFlipEpsPointZeroZeroZeroOneGaussianAlphaOne","2.9\%",NA,2026-09-04
"signFlipRoundedEpsPointZeroZeroZeroOneGaussianAlphaOne","3\%",NA,2026-09-04
"signFlipEpsPointZeroZeroZeroOneLaplaceAlphaOne","3.1\%",NA,2026-09-04
"signFlipRoundedEpsPointZeroZeroZeroOneLaplaceAlphaOne","3\%",NA,2026-09-04
"epiParityEpsPointZeroZeroZeroOneGaussianAlphaFive","44.8\%",NA,2026-09-04
"epiParityRoundedEpsPointZeroZeroZeroOneGaussianAlphaFive","45\%",NA,2026-09-04
"epiDisparityEpsPointZeroZeroZeroOneGaussianAlphaFive","55.2\%",NA,2026-09-04
"epiDisparityRoundedEpsPointZeroZeroZeroOneGaussianAlphaFive","55\%",NA,2026-09-04
"epiParityEpsPointZeroZeroZeroOneLaplaceAlphaFive","42.5\%",NA,2026-09-04
"epiParityRoundedEpsPointZeroZeroZeroOneLaplaceAlphaFive","42\%",NA,2026-09-04
"epiDisparityEpsPointZeroZeroZeroOneLaplaceAlphaFive","57.5\%",NA,2026-09-04
"epiDisparityRoundedEpsPointZeroZeroZeroOneLaplaceAlphaFive","58\%",NA,2026-09-04
"epiSignParityEpsPointZeroZeroZeroOneGaussianAlphaFive","44.1\%",NA,2026-09-04
"epiSignParityRoundedEpsPointZeroZeroZeroOneGaussianAlphaFive","44\%",NA,2026-09-04
"epiSignDisparityEpsPointZeroZeroZeroOneGaussianAlphaFive","55.9\%",NA,2026-09-04
"epiSignDisparityRoundedEpsPointZeroZeroZeroOneGaussianAlphaFive","56\%",NA,2026-09-04
"epiSignParityEpsPointZeroZeroZeroOneLaplaceAlphaFive","42.2\%",NA,2026-09-04
"epiSignParityRoundedEpsPointZeroZeroZeroOneLaplaceAlphaFive","42\%",NA,2026-09-04
"epiSignDisparityEpsPointZeroZeroZeroOneLaplaceAlphaFive","57.8\%",NA,2026-09-04
"epiSignDisparityRoundedEpsPointZeroZeroZeroOneLaplaceAlphaFive","58\%",NA,2026-09-04
"ciCoverageEpsPointZeroZeroZeroOneGaussianAlphaFive","40.6\%",NA,2026-09-04
"ciCoverageRoundedEpsPointZeroZeroZeroOneGaussianAlphaFive","41\%",NA,2026-09-04
"ciCoverageEpsPointZeroZeroZeroOneLaplaceAlphaFive","36.9\%",NA,2026-09-04
"ciCoverageRoundedEpsPointZeroZeroZeroOneLaplaceAlphaFive","37\%",NA,2026-09-04
"epiSignParityFPREpsPointZeroZeroZeroOneGaussianAlphaFive","4.8\%",NA,2026-09-04
"epiSignParityFPRRoundedEpsPointZeroZeroZeroOneGaussianAlphaFive","5\%",NA,2026-09-04
"epiSignParityFPREpsPointZeroZeroZeroOneLaplaceAlphaFive","4.9\%",NA,2026-09-04
"epiSignParityFPRRoundedEpsPointZeroZeroZeroOneLaplaceAlphaFive","5\%",NA,2026-09-04
"signFlipEpsPointZeroZeroZeroOneGaussianAlphaFive","3.9\%",NA,2026-09-04
"signFlipRoundedEpsPointZeroZeroZeroOneGaussianAlphaFive","4\%",NA,2026-09-04
"signFlipEpsPointZeroZeroZeroOneLaplaceAlphaFive","3.9\%",NA,2026-09-04
"signFlipRoundedEpsPointZeroZeroZeroOneLaplaceAlphaFive","4\%",NA,2026-09-04
"epiParityEpsPointZeroZeroZeroOneGaussianAlphaTen","46.5\%",NA,2026-09-04
"epiParityRoundedEpsPointZeroZeroZeroOneGaussianAlphaTen","46\%",NA,2026-09-04
"epiDisparityEpsPointZeroZeroZeroOneGaussianAlphaTen","53.5\%",NA,2026-09-04
"epiDisparityRoundedEpsPointZeroZeroZeroOneGaussianAlphaTen","54\%",NA,2026-09-04
"epiParityEpsPointZeroZeroZeroOneLaplaceAlphaTen","43.2\%",NA,2026-09-04
"epiParityRoundedEpsPointZeroZeroZeroOneLaplaceAlphaTen","43\%",NA,2026-09-04
"epiDisparityEpsPointZeroZeroZeroOneLaplaceAlphaTen","56.8\%",NA,2026-09-04
"epiDisparityRoundedEpsPointZeroZeroZeroOneLaplaceAlphaTen","57\%",NA,2026-09-04
"epiSignParityEpsPointZeroZeroZeroOneGaussianAlphaTen","46.3\%",NA,2026-09-04
"epiSignParityRoundedEpsPointZeroZeroZeroOneGaussianAlphaTen","46\%",NA,2026-09-04
"epiSignDisparityEpsPointZeroZeroZeroOneGaussianAlphaTen","53.7\%",NA,2026-09-04
"epiSignDisparityRoundedEpsPointZeroZeroZeroOneGaussianAlphaTen","54\%",NA,2026-09-04
"epiSignParityEpsPointZeroZeroZeroOneLaplaceAlphaTen","43.3\%",NA,2026-09-04
"epiSignParityRoundedEpsPointZeroZeroZeroOneLaplaceAlphaTen","43\%",NA,2026-09-04
"epiSignDisparityEpsPointZeroZeroZeroOneLaplaceAlphaTen","56.7\%",NA,2026-09-04
"epiSignDisparityRoundedEpsPointZeroZeroZeroOneLaplaceAlphaTen","57\%",NA,2026-09-04
"ciCoverageEpsPointZeroZeroZeroOneGaussianAlphaTen","38.1\%",NA,2026-09-04
"ciCoverageRoundedEpsPointZeroZeroZeroOneGaussianAlphaTen","38\%",NA,2026-09-04
"ciCoverageEpsPointZeroZeroZeroOneLaplaceAlphaTen","34.7\%",NA,2026-09-04
"ciCoverageRoundedEpsPointZeroZeroZeroOneLaplaceAlphaTen","35\%",NA,2026-09-04
"epiSignParityFPREpsPointZeroZeroZeroOneGaussianAlphaTen","5.9\%",NA,2026-09-04
"epiSignParityFPRRoundedEpsPointZeroZeroZeroOneGaussianAlphaTen","6\%",NA,2026-09-04
"epiSignParityFPREpsPointZeroZeroZeroOneLaplaceAlphaTen","6.4\%",NA,2026-09-04
"epiSignParityFPRRoundedEpsPointZeroZeroZeroOneLaplaceAlphaTen","6\%",NA,2026-09-04
"signFlipEpsPointZeroZeroZeroOneGaussianAlphaTen","5.0\%",NA,2026-09-04
"signFlipRoundedEpsPointZeroZeroZeroOneGaussianAlphaTen","5\%",NA,2026-09-04
"signFlipEpsPointZeroZeroZeroOneLaplaceAlphaTen","5.0\%",NA,2026-09-04
"signFlipRoundedEpsPointZeroZeroZeroOneLaplaceAlphaTen","5\%",NA,2026-09-04
"epiDisparityEpsOneGaussianMinusLaplaceAlphaTen","5.8\%",NA,2026-09-04
"epiParityEpsOneThousandGaussianAlphaOnePerfectPriv","99.7\%",NA,2026-09-04
"epiParityRoundedEpsOneThousandGaussianAlphaOnePerfectPriv","100\%",NA,2026-09-04
"epiDisparityEpsOneThousandGaussianAlphaOnePerfectPriv","0.3\%",NA,2026-09-04
"epiDisparityRoundedEpsOneThousandGaussianAlphaOnePerfectPriv","0\%",NA,2026-09-04
"epiParityEpsOneThousandLaplaceAlphaOnePerfectPriv","99.7\%",NA,2026-09-04
"epiParityRoundedEpsOneThousandLaplaceAlphaOnePerfectPriv","100\%",NA,2026-09-04
"epiDisparityEpsOneThousandLaplaceAlphaOnePerfectPriv","0.3\%",NA,2026-09-04
"epiDisparityRoundedEpsOneThousandLaplaceAlphaOnePerfectPriv","0\%",NA,2026-09-04
"epiSignParityEpsOneThousandGaussianAlphaOnePerfectPriv","99.7\%",NA,2026-09-04
"epiSignParityRoundedEpsOneThousandGaussianAlphaOnePerfectPriv","100\%",NA,2026-09-04
"epiSignDisparityEpsOneThousandGaussianAlphaOnePerfectPriv","0.3\%",NA,2026-09-04
"epiSignDisparityRoundedEpsOneThousandGaussianAlphaOnePerfectPriv","0\%",NA,2026-09-04
"epiSignParityEpsOneThousandLaplaceAlphaOnePerfectPriv","99.6\%",NA,2026-09-04
"epiSignParityRoundedEpsOneThousandLaplaceAlphaOnePerfectPriv","100\%",NA,2026-09-04
"epiSignDisparityEpsOneThousandLaplaceAlphaOnePerfectPriv","0.4\%",NA,2026-09-04
"epiSignDisparityRoundedEpsOneThousandLaplaceAlphaOnePerfectPriv","0\%",NA,2026-09-04
"ciCoverageEpsOneThousandGaussianAlphaOnePerfectPriv","99.9\%",NA,2026-09-04
"ciCoverageRoundedEpsOneThousandGaussianAlphaOnePerfectPriv","100\%",NA,2026-09-04
"ciCoverageEpsOneThousandLaplaceAlphaOnePerfectPriv","100.0\%",NA,2026-09-04
"ciCoverageRoundedEpsOneThousandLaplaceAlphaOnePerfectPriv","100\%",NA,2026-09-04
"epiSignParityFPREpsOneThousandGaussianAlphaOnePerfectPriv","0.0\%",NA,2026-09-04
"epiSignParityFPRRoundedEpsOneThousandGaussianAlphaOnePerfectPriv","0\%",NA,2026-09-04
"epiSignParityFPREpsOneThousandLaplaceAlphaOnePerfectPriv","0.0\%",NA,2026-09-04
"epiSignParityFPRRoundedEpsOneThousandLaplaceAlphaOnePerfectPriv","0\%",NA,2026-09-04
"signFlipEpsOneThousandGaussianAlphaOnePerfectPriv","0.0\%",NA,2026-09-04
"signFlipRoundedEpsOneThousandGaussianAlphaOnePerfectPriv","0\%",NA,2026-09-04
"signFlipEpsOneThousandLaplaceAlphaOnePerfectPriv","0.0\%",NA,2026-09-04
"signFlipRoundedEpsOneThousandLaplaceAlphaOnePerfectPriv","0\%",NA,2026-09-04
"epiParityEpsOneThousandGaussianAlphaFivePerfectPriv","97.1\%",NA,2026-09-04
"epiParityRoundedEpsOneThousandGaussianAlphaFivePerfectPriv","97\%",NA,2026-09-04
"epiDisparityEpsOneThousandGaussianAlphaFivePerfectPriv","2.9\%",NA,2026-09-04
"epiDisparityRoundedEpsOneThousandGaussianAlphaFivePerfectPriv","3\%",NA,2026-09-04
"epiParityEpsOneThousandLaplaceAlphaFivePerfectPriv","97.6\%",NA,2026-09-04
"epiParityRoundedEpsOneThousandLaplaceAlphaFivePerfectPriv","98\%",NA,2026-09-04
"epiDisparityEpsOneThousandLaplaceAlphaFivePerfectPriv","2.4\%",NA,2026-09-04
"epiDisparityRoundedEpsOneThousandLaplaceAlphaFivePerfectPriv","2\%",NA,2026-09-04
"epiSignParityEpsOneThousandGaussianAlphaFivePerfectPriv","96.4\%",NA,2026-09-04
"epiSignParityRoundedEpsOneThousandGaussianAlphaFivePerfectPriv","96\%",NA,2026-09-04
"epiSignDisparityEpsOneThousandGaussianAlphaFivePerfectPriv","3.6\%",NA,2026-09-04
"epiSignDisparityRoundedEpsOneThousandGaussianAlphaFivePerfectPriv","4\%",NA,2026-09-04
"epiSignParityEpsOneThousandLaplaceAlphaFivePerfectPriv","97.0\%",NA,2026-09-04
"epiSignParityRoundedEpsOneThousandLaplaceAlphaFivePerfectPriv","97\%",NA,2026-09-04
"epiSignDisparityEpsOneThousandLaplaceAlphaFivePerfectPriv","3.0\%",NA,2026-09-04
"epiSignDisparityRoundedEpsOneThousandLaplaceAlphaFivePerfectPriv","3\%",NA,2026-09-04
"ciCoverageEpsOneThousandGaussianAlphaFivePerfectPriv","99.9\%",NA,2026-09-04
"ciCoverageRoundedEpsOneThousandGaussianAlphaFivePerfectPriv","100\%",NA,2026-09-04
"ciCoverageEpsOneThousandLaplaceAlphaFivePerfectPriv","100.0\%",NA,2026-09-04
"ciCoverageRoundedEpsOneThousandLaplaceAlphaFivePerfectPriv","100\%",NA,2026-09-04
"epiSignParityFPREpsOneThousandGaussianAlphaFivePerfectPriv","0.0\%",NA,2026-09-04
"epiSignParityFPRRoundedEpsOneThousandGaussianAlphaFivePerfectPriv","0\%",NA,2026-09-04
"epiSignParityFPREpsOneThousandLaplaceAlphaFivePerfectPriv","0.0\%",NA,2026-09-04
"epiSignParityFPRRoundedEpsOneThousandLaplaceAlphaFivePerfectPriv","0\%",NA,2026-09-04
"signFlipEpsOneThousandGaussianAlphaFivePerfectPriv","0.0\%",NA,2026-09-04
"signFlipRoundedEpsOneThousandGaussianAlphaFivePerfectPriv","0\%",NA,2026-09-04
"signFlipEpsOneThousandLaplaceAlphaFivePerfectPriv","0.0\%",NA,2026-09-04
"signFlipRoundedEpsOneThousandLaplaceAlphaFivePerfectPriv","0\%",NA,2026-09-04
"epiParityEpsOneThousandGaussianAlphaTenPerfectPriv","99.3\%",NA,2026-09-04
"epiParityRoundedEpsOneThousandGaussianAlphaTenPerfectPriv","99\%",NA,2026-09-04
"epiDisparityEpsOneThousandGaussianAlphaTenPerfectPriv","0.7\%",NA,2026-09-04
"epiDisparityRoundedEpsOneThousandGaussianAlphaTenPerfectPriv","1\%",NA,2026-09-04
"epiParityEpsOneThousandLaplaceAlphaTenPerfectPriv","99.9\%",NA,2026-09-04
"epiParityRoundedEpsOneThousandLaplaceAlphaTenPerfectPriv","100\%",NA,2026-09-04
"epiDisparityEpsOneThousandLaplaceAlphaTenPerfectPriv","0.1\%",NA,2026-09-04
"epiDisparityRoundedEpsOneThousandLaplaceAlphaTenPerfectPriv","0\%",NA,2026-09-04
"epiSignParityEpsOneThousandGaussianAlphaTenPerfectPriv","98.7\%",NA,2026-09-04
"epiSignParityRoundedEpsOneThousandGaussianAlphaTenPerfectPriv","99\%",NA,2026-09-04
"epiSignDisparityEpsOneThousandGaussianAlphaTenPerfectPriv","1.3\%",NA,2026-09-04
"epiSignDisparityRoundedEpsOneThousandGaussianAlphaTenPerfectPriv","1\%",NA,2026-09-04
"epiSignParityEpsOneThousandLaplaceAlphaTenPerfectPriv","99.4\%",NA,2026-09-04
"epiSignParityRoundedEpsOneThousandLaplaceAlphaTenPerfectPriv","99\%",NA,2026-09-04
"epiSignDisparityEpsOneThousandLaplaceAlphaTenPerfectPriv","0.6\%",NA,2026-09-04
"epiSignDisparityRoundedEpsOneThousandLaplaceAlphaTenPerfectPriv","1\%",NA,2026-09-04
"ciCoverageEpsOneThousandGaussianAlphaTenPerfectPriv","99.8\%",NA,2026-09-04
"ciCoverageRoundedEpsOneThousandGaussianAlphaTenPerfectPriv","100\%",NA,2026-09-04
"ciCoverageEpsOneThousandLaplaceAlphaTenPerfectPriv","100.0\%",NA,2026-09-04
"ciCoverageRoundedEpsOneThousandLaplaceAlphaTenPerfectPriv","100\%",NA,2026-09-04
"epiSignParityFPREpsOneThousandGaussianAlphaTenPerfectPriv","0.0\%",NA,2026-09-04
"epiSignParityFPRRoundedEpsOneThousandGaussianAlphaTenPerfectPriv","0\%",NA,2026-09-04
"epiSignParityFPREpsOneThousandLaplaceAlphaTenPerfectPriv","0.0\%",NA,2026-09-04
"epiSignParityFPRRoundedEpsOneThousandLaplaceAlphaTenPerfectPriv","0\%",NA,2026-09-04
"signFlipEpsOneThousandGaussianAlphaTenPerfectPriv","0.0\%",NA,2026-09-04
"signFlipRoundedEpsOneThousandGaussianAlphaTenPerfectPriv","0\%",NA,2026-09-04
"signFlipEpsOneThousandLaplaceAlphaTenPerfectPriv","0.0\%",NA,2026-09-04
"signFlipRoundedEpsOneThousandLaplaceAlphaTenPerfectPriv","0\%",NA,2026-09-04
"epiParityEpsOneHundredGaussianAlphaOnePerfectPriv","96.8\%",NA,2026-09-04
"epiParityRoundedEpsOneHundredGaussianAlphaOnePerfectPriv","97\%",NA,2026-09-04
"epiDisparityEpsOneHundredGaussianAlphaOnePerfectPriv","3.2\%",NA,2026-09-04
"epiDisparityRoundedEpsOneHundredGaussianAlphaOnePerfectPriv","3\%",NA,2026-09-04
"epiParityEpsOneHundredLaplaceAlphaOnePerfectPriv","97.2\%",NA,2026-09-04
"epiParityRoundedEpsOneHundredLaplaceAlphaOnePerfectPriv","97\%",NA,2026-09-04
"epiDisparityEpsOneHundredLaplaceAlphaOnePerfectPriv","2.8\%",NA,2026-09-04
"epiDisparityRoundedEpsOneHundredLaplaceAlphaOnePerfectPriv","3\%",NA,2026-09-04
"epiSignParityEpsOneHundredGaussianAlphaOnePerfectPriv","96.6\%",NA,2026-09-04
"epiSignParityRoundedEpsOneHundredGaussianAlphaOnePerfectPriv","97\%",NA,2026-09-04
"epiSignDisparityEpsOneHundredGaussianAlphaOnePerfectPriv","3.4\%",NA,2026-09-04
"epiSignDisparityRoundedEpsOneHundredGaussianAlphaOnePerfectPriv","3\%",NA,2026-09-04
"epiSignParityEpsOneHundredLaplaceAlphaOnePerfectPriv","97.2\%",NA,2026-09-04
"epiSignParityRoundedEpsOneHundredLaplaceAlphaOnePerfectPriv","97\%",NA,2026-09-04
"epiSignDisparityEpsOneHundredLaplaceAlphaOnePerfectPriv","2.8\%",NA,2026-09-04
"epiSignDisparityRoundedEpsOneHundredLaplaceAlphaOnePerfectPriv","3\%",NA,2026-09-04
"ciCoverageEpsOneHundredGaussianAlphaOnePerfectPriv","99.1\%",NA,2026-09-04
"ciCoverageRoundedEpsOneHundredGaussianAlphaOnePerfectPriv","99\%",NA,2026-09-04
"ciCoverageEpsOneHundredLaplaceAlphaOnePerfectPriv","99.5\%",NA,2026-09-04
"ciCoverageRoundedEpsOneHundredLaplaceAlphaOnePerfectPriv","99\%",NA,2026-09-04
"epiSignParityFPREpsOneHundredGaussianAlphaOnePerfectPriv","0.0\%",NA,2026-09-04
"epiSignParityFPRRoundedEpsOneHundredGaussianAlphaOnePerfectPriv","0\%",NA,2026-09-04
"epiSignParityFPREpsOneHundredLaplaceAlphaOnePerfectPriv","0.0\%",NA,2026-09-04
"epiSignParityFPRRoundedEpsOneHundredLaplaceAlphaOnePerfectPriv","0\%",NA,2026-09-04
"signFlipEpsOneHundredGaussianAlphaOnePerfectPriv","0.0\%",NA,2026-09-04
"signFlipRoundedEpsOneHundredGaussianAlphaOnePerfectPriv","0\%",NA,2026-09-04
"signFlipEpsOneHundredLaplaceAlphaOnePerfectPriv","0.0\%",NA,2026-09-04
"signFlipRoundedEpsOneHundredLaplaceAlphaOnePerfectPriv","0\%",NA,2026-09-04
"epiParityEpsOneHundredGaussianAlphaFivePerfectPriv","94.3\%",NA,2026-09-04
"epiParityRoundedEpsOneHundredGaussianAlphaFivePerfectPriv","94\%",NA,2026-09-04
"epiDisparityEpsOneHundredGaussianAlphaFivePerfectPriv","5.7\%",NA,2026-09-04
"epiDisparityRoundedEpsOneHundredGaussianAlphaFivePerfectPriv","6\%",NA,2026-09-04
"epiParityEpsOneHundredLaplaceAlphaFivePerfectPriv","95.0\%",NA,2026-09-04
"epiParityRoundedEpsOneHundredLaplaceAlphaFivePerfectPriv","95\%",NA,2026-09-04
"epiDisparityEpsOneHundredLaplaceAlphaFivePerfectPriv","5.0\%",NA,2026-09-04
"epiDisparityRoundedEpsOneHundredLaplaceAlphaFivePerfectPriv","5\%",NA,2026-09-04
"epiSignParityEpsOneHundredGaussianAlphaFivePerfectPriv","93.7\%",NA,2026-09-04
"epiSignParityRoundedEpsOneHundredGaussianAlphaFivePerfectPriv","94\%",NA,2026-09-04
"epiSignDisparityEpsOneHundredGaussianAlphaFivePerfectPriv","6.3\%",NA,2026-09-04
"epiSignDisparityRoundedEpsOneHundredGaussianAlphaFivePerfectPriv","6\%",NA,2026-09-04
"epiSignParityEpsOneHundredLaplaceAlphaFivePerfectPriv","94.3\%",NA,2026-09-04
"epiSignParityRoundedEpsOneHundredLaplaceAlphaFivePerfectPriv","94\%",NA,2026-09-04
"epiSignDisparityEpsOneHundredLaplaceAlphaFivePerfectPriv","5.7\%",NA,2026-09-04
"epiSignDisparityRoundedEpsOneHundredLaplaceAlphaFivePerfectPriv","6\%",NA,2026-09-04
"ciCoverageEpsOneHundredGaussianAlphaFivePerfectPriv","98.3\%",NA,2026-09-04
"ciCoverageRoundedEpsOneHundredGaussianAlphaFivePerfectPriv","98\%",NA,2026-09-04
"ciCoverageEpsOneHundredLaplaceAlphaFivePerfectPriv","99.2\%",NA,2026-09-04
"ciCoverageRoundedEpsOneHundredLaplaceAlphaFivePerfectPriv","99\%",NA,2026-09-04
"epiSignParityFPREpsOneHundredGaussianAlphaFivePerfectPriv","0.0\%",NA,2026-09-04
"epiSignParityFPRRoundedEpsOneHundredGaussianAlphaFivePerfectPriv","0\%",NA,2026-09-04
"epiSignParityFPREpsOneHundredLaplaceAlphaFivePerfectPriv","0.0\%",NA,2026-09-04
"epiSignParityFPRRoundedEpsOneHundredLaplaceAlphaFivePerfectPriv","0\%",NA,2026-09-04
"signFlipEpsOneHundredGaussianAlphaFivePerfectPriv","0.0\%",NA,2026-09-04
"signFlipRoundedEpsOneHundredGaussianAlphaFivePerfectPriv","0\%",NA,2026-09-04
"signFlipEpsOneHundredLaplaceAlphaFivePerfectPriv","0.0\%",NA,2026-09-04
"signFlipRoundedEpsOneHundredLaplaceAlphaFivePerfectPriv","0\%",NA,2026-09-04
"epiParityEpsOneHundredGaussianAlphaTenPerfectPriv","96.9\%",NA,2026-09-04
"epiParityRoundedEpsOneHundredGaussianAlphaTenPerfectPriv","97\%",NA,2026-09-04
"epiDisparityEpsOneHundredGaussianAlphaTenPerfectPriv","3.1\%",NA,2026-09-04
"epiDisparityRoundedEpsOneHundredGaussianAlphaTenPerfectPriv","3\%",NA,2026-09-04
"epiParityEpsOneHundredLaplaceAlphaTenPerfectPriv","97.5\%",NA,2026-09-04
"epiParityRoundedEpsOneHundredLaplaceAlphaTenPerfectPriv","98\%",NA,2026-09-04
"epiDisparityEpsOneHundredLaplaceAlphaTenPerfectPriv","2.5\%",NA,2026-09-04
"epiDisparityRoundedEpsOneHundredLaplaceAlphaTenPerfectPriv","2\%",NA,2026-09-04
"epiSignParityEpsOneHundredGaussianAlphaTenPerfectPriv","96.4\%",NA,2026-09-04
"epiSignParityRoundedEpsOneHundredGaussianAlphaTenPerfectPriv","96\%",NA,2026-09-04
"epiSignDisparityEpsOneHundredGaussianAlphaTenPerfectPriv","3.6\%",NA,2026-09-04
"epiSignDisparityRoundedEpsOneHundredGaussianAlphaTenPerfectPriv","4\%",NA,2026-09-04
"epiSignParityEpsOneHundredLaplaceAlphaTenPerfectPriv","96.9\%",NA,2026-09-04
"epiSignParityRoundedEpsOneHundredLaplaceAlphaTenPerfectPriv","97\%",NA,2026-09-04
"epiSignDisparityEpsOneHundredLaplaceAlphaTenPerfectPriv","3.1\%",NA,2026-09-04
"epiSignDisparityRoundedEpsOneHundredLaplaceAlphaTenPerfectPriv","3\%",NA,2026-09-04
"ciCoverageEpsOneHundredGaussianAlphaTenPerfectPriv","98.0\%",NA,2026-09-04
"ciCoverageRoundedEpsOneHundredGaussianAlphaTenPerfectPriv","98\%",NA,2026-09-04
"ciCoverageEpsOneHundredLaplaceAlphaTenPerfectPriv","98.8\%",NA,2026-09-04
"ciCoverageRoundedEpsOneHundredLaplaceAlphaTenPerfectPriv","99\%",NA,2026-09-04
"epiSignParityFPREpsOneHundredGaussianAlphaTenPerfectPriv","0.1\%",NA,2026-09-04
"epiSignParityFPRRoundedEpsOneHundredGaussianAlphaTenPerfectPriv","0\%",NA,2026-09-04
"epiSignParityFPREpsOneHundredLaplaceAlphaTenPerfectPriv","0.1\%",NA,2026-09-04
"epiSignParityFPRRoundedEpsOneHundredLaplaceAlphaTenPerfectPriv","0\%",NA,2026-09-04
"signFlipEpsOneHundredGaussianAlphaTenPerfectPriv","0.0\%",NA,2026-09-04
"signFlipRoundedEpsOneHundredGaussianAlphaTenPerfectPriv","0\%",NA,2026-09-04
"signFlipEpsOneHundredLaplaceAlphaTenPerfectPriv","0.0\%",NA,2026-09-04
"signFlipRoundedEpsOneHundredLaplaceAlphaTenPerfectPriv","0\%",NA,2026-09-04
"epiParityEpsTenGaussianAlphaOnePerfectPriv","94.1\%",NA,2026-09-04
"epiParityRoundedEpsTenGaussianAlphaOnePerfectPriv","94\%",NA,2026-09-04
"epiDisparityEpsTenGaussianAlphaOnePerfectPriv","5.9\%",NA,2026-09-04
"epiDisparityRoundedEpsTenGaussianAlphaOnePerfectPriv","6\%",NA,2026-09-04
"epiParityEpsTenLaplaceAlphaOnePerfectPriv","89.7\%",NA,2026-09-04
"epiParityRoundedEpsTenLaplaceAlphaOnePerfectPriv","90\%",NA,2026-09-04
"epiDisparityEpsTenLaplaceAlphaOnePerfectPriv","10.3\%",NA,2026-09-04
"epiDisparityRoundedEpsTenLaplaceAlphaOnePerfectPriv","10\%",NA,2026-09-04
"epiSignParityEpsTenGaussianAlphaOnePerfectPriv","92.9\%",NA,2026-09-04
"epiSignParityRoundedEpsTenGaussianAlphaOnePerfectPriv","93\%",NA,2026-09-04
"epiSignDisparityEpsTenGaussianAlphaOnePerfectPriv","7.1\%",NA,2026-09-04
"epiSignDisparityRoundedEpsTenGaussianAlphaOnePerfectPriv","7\%",NA,2026-09-04
"epiSignParityEpsTenLaplaceAlphaOnePerfectPriv","89.7\%",NA,2026-09-04
"epiSignParityRoundedEpsTenLaplaceAlphaOnePerfectPriv","90\%",NA,2026-09-04
"epiSignDisparityEpsTenLaplaceAlphaOnePerfectPriv","10.3\%",NA,2026-09-04
"epiSignDisparityRoundedEpsTenLaplaceAlphaOnePerfectPriv","10\%",NA,2026-09-04
"ciCoverageEpsTenGaussianAlphaOnePerfectPriv","97.3\%",NA,2026-09-04
"ciCoverageRoundedEpsTenGaussianAlphaOnePerfectPriv","97\%",NA,2026-09-04
"ciCoverageEpsTenLaplaceAlphaOnePerfectPriv","94.0\%",NA,2026-09-04
"ciCoverageRoundedEpsTenLaplaceAlphaOnePerfectPriv","94\%",NA,2026-09-04
"epiSignParityFPREpsTenGaussianAlphaOnePerfectPriv","0.0\%",NA,2026-09-04
"epiSignParityFPRRoundedEpsTenGaussianAlphaOnePerfectPriv","0\%",NA,2026-09-04
"epiSignParityFPREpsTenLaplaceAlphaOnePerfectPriv","0.2\%",NA,2026-09-04
"epiSignParityFPRRoundedEpsTenLaplaceAlphaOnePerfectPriv","0\%",NA,2026-09-04
"signFlipEpsTenGaussianAlphaOnePerfectPriv","0.0\%",NA,2026-09-04
"signFlipRoundedEpsTenGaussianAlphaOnePerfectPriv","0\%",NA,2026-09-04
"signFlipEpsTenLaplaceAlphaOnePerfectPriv","0.2\%",NA,2026-09-04
"signFlipRoundedEpsTenLaplaceAlphaOnePerfectPriv","0\%",NA,2026-09-04
"epiParityEpsTenGaussianAlphaFivePerfectPriv","91.6\%",NA,2026-09-04
"epiParityRoundedEpsTenGaussianAlphaFivePerfectPriv","92\%",NA,2026-09-04
"epiDisparityEpsTenGaussianAlphaFivePerfectPriv","8.4\%",NA,2026-09-04
"epiDisparityRoundedEpsTenGaussianAlphaFivePerfectPriv","8\%",NA,2026-09-04
"epiParityEpsTenLaplaceAlphaFivePerfectPriv","89.4\%",NA,2026-09-04
"epiParityRoundedEpsTenLaplaceAlphaFivePerfectPriv","89\%",NA,2026-09-04
"epiDisparityEpsTenLaplaceAlphaFivePerfectPriv","10.6\%",NA,2026-09-04
"epiDisparityRoundedEpsTenLaplaceAlphaFivePerfectPriv","11\%",NA,2026-09-04
"epiSignParityEpsTenGaussianAlphaFivePerfectPriv","90.4\%",NA,2026-09-04
"epiSignParityRoundedEpsTenGaussianAlphaFivePerfectPriv","90\%",NA,2026-09-04
"epiSignDisparityEpsTenGaussianAlphaFivePerfectPriv","9.6\%",NA,2026-09-04
"epiSignDisparityRoundedEpsTenGaussianAlphaFivePerfectPriv","10\%",NA,2026-09-04
"epiSignParityEpsTenLaplaceAlphaFivePerfectPriv","88.6\%",NA,2026-09-04
"epiSignParityRoundedEpsTenLaplaceAlphaFivePerfectPriv","89\%",NA,2026-09-04
"epiSignDisparityEpsTenLaplaceAlphaFivePerfectPriv","11.4\%",NA,2026-09-04
"epiSignDisparityRoundedEpsTenLaplaceAlphaFivePerfectPriv","11\%",NA,2026-09-04
"ciCoverageEpsTenGaussianAlphaFivePerfectPriv","96.4\%",NA,2026-09-04
"ciCoverageRoundedEpsTenGaussianAlphaFivePerfectPriv","96\%",NA,2026-09-04
"ciCoverageEpsTenLaplaceAlphaFivePerfectPriv","91.9\%",NA,2026-09-04
"ciCoverageRoundedEpsTenLaplaceAlphaFivePerfectPriv","92\%",NA,2026-09-04
"epiSignParityFPREpsTenGaussianAlphaFivePerfectPriv","0.3\%",NA,2026-09-04
"epiSignParityFPRRoundedEpsTenGaussianAlphaFivePerfectPriv","0\%",NA,2026-09-04
"epiSignParityFPREpsTenLaplaceAlphaFivePerfectPriv","0.6\%",NA,2026-09-04
"epiSignParityFPRRoundedEpsTenLaplaceAlphaFivePerfectPriv","1\%",NA,2026-09-04
"signFlipEpsTenGaussianAlphaFivePerfectPriv","0.1\%",NA,2026-09-04
"signFlipRoundedEpsTenGaussianAlphaFivePerfectPriv","0\%",NA,2026-09-04
"signFlipEpsTenLaplaceAlphaFivePerfectPriv","0.5\%",NA,2026-09-04
"signFlipRoundedEpsTenLaplaceAlphaFivePerfectPriv","0\%",NA,2026-09-04
"epiParityEpsTenGaussianAlphaTenPerfectPriv","94.1\%",NA,2026-09-04
"epiParityRoundedEpsTenGaussianAlphaTenPerfectPriv","94\%",NA,2026-09-04
"epiDisparityEpsTenGaussianAlphaTenPerfectPriv","5.9\%",NA,2026-09-04
"epiDisparityRoundedEpsTenGaussianAlphaTenPerfectPriv","6\%",NA,2026-09-04
"epiParityEpsTenLaplaceAlphaTenPerfectPriv","91.6\%",NA,2026-09-04
"epiParityRoundedEpsTenLaplaceAlphaTenPerfectPriv","92\%",NA,2026-09-04
"epiDisparityEpsTenLaplaceAlphaTenPerfectPriv","8.4\%",NA,2026-09-04
"epiDisparityRoundedEpsTenLaplaceAlphaTenPerfectPriv","8\%",NA,2026-09-04
"epiSignParityEpsTenGaussianAlphaTenPerfectPriv","93.0\%",NA,2026-09-04
"epiSignParityRoundedEpsTenGaussianAlphaTenPerfectPriv","93\%",NA,2026-09-04
"epiSignDisparityEpsTenGaussianAlphaTenPerfectPriv","7.0\%",NA,2026-09-04
"epiSignDisparityRoundedEpsTenGaussianAlphaTenPerfectPriv","7\%",NA,2026-09-04
"epiSignParityEpsTenLaplaceAlphaTenPerfectPriv","90.8\%",NA,2026-09-04
"epiSignParityRoundedEpsTenLaplaceAlphaTenPerfectPriv","91\%",NA,2026-09-04
"epiSignDisparityEpsTenLaplaceAlphaTenPerfectPriv","9.2\%",NA,2026-09-04
"epiSignDisparityRoundedEpsTenLaplaceAlphaTenPerfectPriv","9\%",NA,2026-09-04
"ciCoverageEpsTenGaussianAlphaTenPerfectPriv","95.4\%",NA,2026-09-04
"ciCoverageRoundedEpsTenGaussianAlphaTenPerfectPriv","95\%",NA,2026-09-04
"ciCoverageEpsTenLaplaceAlphaTenPerfectPriv","89.8\%",NA,2026-09-04
"ciCoverageRoundedEpsTenLaplaceAlphaTenPerfectPriv","90\%",NA,2026-09-04
"epiSignParityFPREpsTenGaussianAlphaTenPerfectPriv","0.3\%",NA,2026-09-04
"epiSignParityFPRRoundedEpsTenGaussianAlphaTenPerfectPriv","0\%",NA,2026-09-04
"epiSignParityFPREpsTenLaplaceAlphaTenPerfectPriv","0.9\%",NA,2026-09-04
"epiSignParityFPRRoundedEpsTenLaplaceAlphaTenPerfectPriv","1\%",NA,2026-09-04
"signFlipEpsTenGaussianAlphaTenPerfectPriv","0.1\%",NA,2026-09-04
"signFlipRoundedEpsTenGaussianAlphaTenPerfectPriv","0\%",NA,2026-09-04
"signFlipEpsTenLaplaceAlphaTenPerfectPriv","0.6\%",NA,2026-09-04
"signFlipRoundedEpsTenLaplaceAlphaTenPerfectPriv","1\%",NA,2026-09-04
"epiParityEpsOneGaussianAlphaOnePerfectPriv","85.3\%",NA,2026-09-04
"epiParityRoundedEpsOneGaussianAlphaOnePerfectPriv","85\%",NA,2026-09-04
"epiDisparityEpsOneGaussianAlphaOnePerfectPriv","14.7\%",NA,2026-09-04
"epiDisparityRoundedEpsOneGaussianAlphaOnePerfectPriv","15\%",NA,2026-09-04
"epiParityEpsOneLaplaceAlphaOnePerfectPriv","77.0\%",NA,2026-09-04
"epiParityRoundedEpsOneLaplaceAlphaOnePerfectPriv","77\%",NA,2026-09-04
"epiDisparityEpsOneLaplaceAlphaOnePerfectPriv","23.0\%",NA,2026-09-04
"epiDisparityRoundedEpsOneLaplaceAlphaOnePerfectPriv","23\%",NA,2026-09-04
"epiSignParityEpsOneGaussianAlphaOnePerfectPriv","85.3\%",NA,2026-09-04
"epiSignParityRoundedEpsOneGaussianAlphaOnePerfectPriv","85\%",NA,2026-09-04
"epiSignDisparityEpsOneGaussianAlphaOnePerfectPriv","14.7\%",NA,2026-09-04
"epiSignDisparityRoundedEpsOneGaussianAlphaOnePerfectPriv","15\%",NA,2026-09-04
"epiSignParityEpsOneLaplaceAlphaOnePerfectPriv","76.8\%",NA,2026-09-04
"epiSignParityRoundedEpsOneLaplaceAlphaOnePerfectPriv","77\%",NA,2026-09-04
"epiSignDisparityEpsOneLaplaceAlphaOnePerfectPriv","23.2\%",NA,2026-09-04
"epiSignDisparityRoundedEpsOneLaplaceAlphaOnePerfectPriv","23\%",NA,2026-09-04
"ciCoverageEpsOneGaussianAlphaOnePerfectPriv","91.2\%",NA,2026-09-04
"ciCoverageRoundedEpsOneGaussianAlphaOnePerfectPriv","91\%",NA,2026-09-04
"ciCoverageEpsOneLaplaceAlphaOnePerfectPriv","84.4\%",NA,2026-09-04
"ciCoverageRoundedEpsOneLaplaceAlphaOnePerfectPriv","84\%",NA,2026-09-04
"epiSignParityFPREpsOneGaussianAlphaOnePerfectPriv","0.5\%",NA,2026-09-04
"epiSignParityFPRRoundedEpsOneGaussianAlphaOnePerfectPriv","1\%",NA,2026-09-04
"epiSignParityFPREpsOneLaplaceAlphaOnePerfectPriv","0.7\%",NA,2026-09-04
"epiSignParityFPRRoundedEpsOneLaplaceAlphaOnePerfectPriv","1\%",NA,2026-09-04
"signFlipEpsOneGaussianAlphaOnePerfectPriv","0.4\%",NA,2026-09-04
"signFlipRoundedEpsOneGaussianAlphaOnePerfectPriv","0\%",NA,2026-09-04
"signFlipEpsOneLaplaceAlphaOnePerfectPriv","0.4\%",NA,2026-09-04
"signFlipRoundedEpsOneLaplaceAlphaOnePerfectPriv","0\%",NA,2026-09-04
"epiParityEpsOneGaussianAlphaFivePerfectPriv","86.1\%",NA,2026-09-04
"epiParityRoundedEpsOneGaussianAlphaFivePerfectPriv","86\%",NA,2026-09-04
"epiDisparityEpsOneGaussianAlphaFivePerfectPriv","13.9\%",NA,2026-09-04
"epiDisparityRoundedEpsOneGaussianAlphaFivePerfectPriv","14\%",NA,2026-09-04
"epiParityEpsOneLaplaceAlphaFivePerfectPriv","76.4\%",NA,2026-09-04
"epiParityRoundedEpsOneLaplaceAlphaFivePerfectPriv","76\%",NA,2026-09-04
"epiDisparityEpsOneLaplaceAlphaFivePerfectPriv","23.6\%",NA,2026-09-04
"epiDisparityRoundedEpsOneLaplaceAlphaFivePerfectPriv","24\%",NA,2026-09-04
"epiSignParityEpsOneGaussianAlphaFivePerfectPriv","85.1\%",NA,2026-09-04
"epiSignParityRoundedEpsOneGaussianAlphaFivePerfectPriv","85\%",NA,2026-09-04
"epiSignDisparityEpsOneGaussianAlphaFivePerfectPriv","14.9\%",NA,2026-09-04
"epiSignDisparityRoundedEpsOneGaussianAlphaFivePerfectPriv","15\%",NA,2026-09-04
"epiSignParityEpsOneLaplaceAlphaFivePerfectPriv","75.4\%",NA,2026-09-04
"epiSignParityRoundedEpsOneLaplaceAlphaFivePerfectPriv","75\%",NA,2026-09-04
"epiSignDisparityEpsOneLaplaceAlphaFivePerfectPriv","24.6\%",NA,2026-09-04
"epiSignDisparityRoundedEpsOneLaplaceAlphaFivePerfectPriv","25\%",NA,2026-09-04
"ciCoverageEpsOneGaussianAlphaFivePerfectPriv","88.4\%",NA,2026-09-04
"ciCoverageRoundedEpsOneGaussianAlphaFivePerfectPriv","88\%",NA,2026-09-04
"ciCoverageEpsOneLaplaceAlphaFivePerfectPriv","80.1\%",NA,2026-09-04
"ciCoverageRoundedEpsOneLaplaceAlphaFivePerfectPriv","80\%",NA,2026-09-04
"epiSignParityFPREpsOneGaussianAlphaFivePerfectPriv","0.8\%",NA,2026-09-04
"epiSignParityFPRRoundedEpsOneGaussianAlphaFivePerfectPriv","1\%",NA,2026-09-04
"epiSignParityFPREpsOneLaplaceAlphaFivePerfectPriv","1.4\%",NA,2026-09-04
"epiSignParityFPRRoundedEpsOneLaplaceAlphaFivePerfectPriv","1\%",NA,2026-09-04
"signFlipEpsOneGaussianAlphaFivePerfectPriv","0.5\%",NA,2026-09-04
"signFlipRoundedEpsOneGaussianAlphaFivePerfectPriv","1\%",NA,2026-09-04
"signFlipEpsOneLaplaceAlphaFivePerfectPriv","0.5\%",NA,2026-09-04
"signFlipRoundedEpsOneLaplaceAlphaFivePerfectPriv","1\%",NA,2026-09-04
"epiParityEpsOneGaussianAlphaTenPerfectPriv","88.1\%",NA,2026-09-04
"epiParityRoundedEpsOneGaussianAlphaTenPerfectPriv","88\%",NA,2026-09-04
"epiDisparityEpsOneGaussianAlphaTenPerfectPriv","11.9\%",NA,2026-09-04
"epiDisparityRoundedEpsOneGaussianAlphaTenPerfectPriv","12\%",NA,2026-09-04
"epiParityEpsOneLaplaceAlphaTenPerfectPriv","80.2\%",NA,2026-09-04
"epiParityRoundedEpsOneLaplaceAlphaTenPerfectPriv","80\%",NA,2026-09-04
"epiDisparityEpsOneLaplaceAlphaTenPerfectPriv","19.8\%",NA,2026-09-04
"epiDisparityRoundedEpsOneLaplaceAlphaTenPerfectPriv","20\%",NA,2026-09-04
"epiSignParityEpsOneGaussianAlphaTenPerfectPriv","87.5\%",NA,2026-09-04
"epiSignParityRoundedEpsOneGaussianAlphaTenPerfectPriv","88\%",NA,2026-09-04
"epiSignDisparityEpsOneGaussianAlphaTenPerfectPriv","12.5\%",NA,2026-09-04
"epiSignDisparityRoundedEpsOneGaussianAlphaTenPerfectPriv","12\%",NA,2026-09-04
"epiSignParityEpsOneLaplaceAlphaTenPerfectPriv","79.5\%",NA,2026-09-04
"epiSignParityRoundedEpsOneLaplaceAlphaTenPerfectPriv","80\%",NA,2026-09-04
"epiSignDisparityEpsOneLaplaceAlphaTenPerfectPriv","20.5\%",NA,2026-09-04
"epiSignDisparityRoundedEpsOneLaplaceAlphaTenPerfectPriv","20\%",NA,2026-09-04
"ciCoverageEpsOneGaussianAlphaTenPerfectPriv","87.0\%",NA,2026-09-04
"ciCoverageRoundedEpsOneGaussianAlphaTenPerfectPriv","87\%",NA,2026-09-04
"ciCoverageEpsOneLaplaceAlphaTenPerfectPriv","78.3\%",NA,2026-09-04
"ciCoverageRoundedEpsOneLaplaceAlphaTenPerfectPriv","78\%",NA,2026-09-04
"epiSignParityFPREpsOneGaussianAlphaTenPerfectPriv","1.4\%",NA,2026-09-04
"epiSignParityFPRRoundedEpsOneGaussianAlphaTenPerfectPriv","1\%",NA,2026-09-04
"epiSignParityFPREpsOneLaplaceAlphaTenPerfectPriv","2.1\%",NA,2026-09-04
"epiSignParityFPRRoundedEpsOneLaplaceAlphaTenPerfectPriv","2\%",NA,2026-09-04
"signFlipEpsOneGaussianAlphaTenPerfectPriv","0.6\%",NA,2026-09-04
"signFlipRoundedEpsOneGaussianAlphaTenPerfectPriv","1\%",NA,2026-09-04
"signFlipEpsOneLaplaceAlphaTenPerfectPriv","0.8\%",NA,2026-09-04
"signFlipRoundedEpsOneLaplaceAlphaTenPerfectPriv","1\%",NA,2026-09-04
"epiParityEpsPointOneGaussianAlphaOnePerfectPriv","70.3\%",NA,2026-09-04
"epiParityRoundedEpsPointOneGaussianAlphaOnePerfectPriv","70\%",NA,2026-09-04
"epiDisparityEpsPointOneGaussianAlphaOnePerfectPriv","29.7\%",NA,2026-09-04
"epiDisparityRoundedEpsPointOneGaussianAlphaOnePerfectPriv","30\%",NA,2026-09-04
"epiParityEpsPointOneLaplaceAlphaOnePerfectPriv","65.1\%",NA,2026-09-04
"epiParityRoundedEpsPointOneLaplaceAlphaOnePerfectPriv","65\%",NA,2026-09-04
"epiDisparityEpsPointOneLaplaceAlphaOnePerfectPriv","34.9\%",NA,2026-09-04
"epiDisparityRoundedEpsPointOneLaplaceAlphaOnePerfectPriv","35\%",NA,2026-09-04
"epiSignParityEpsPointOneGaussianAlphaOnePerfectPriv","71.8\%",NA,2026-09-04
"epiSignParityRoundedEpsPointOneGaussianAlphaOnePerfectPriv","72\%",NA,2026-09-04
"epiSignDisparityEpsPointOneGaussianAlphaOnePerfectPriv","28.2\%",NA,2026-09-04
"epiSignDisparityRoundedEpsPointOneGaussianAlphaOnePerfectPriv","28\%",NA,2026-09-04
"epiSignParityEpsPointOneLaplaceAlphaOnePerfectPriv","66.0\%",NA,2026-09-04
"epiSignParityRoundedEpsPointOneLaplaceAlphaOnePerfectPriv","66\%",NA,2026-09-04
"epiSignDisparityEpsPointOneLaplaceAlphaOnePerfectPriv","34.0\%",NA,2026-09-04
"epiSignDisparityRoundedEpsPointOneLaplaceAlphaOnePerfectPriv","34\%",NA,2026-09-04
"ciCoverageEpsPointOneGaussianAlphaOnePerfectPriv","78.5\%",NA,2026-09-04
"ciCoverageRoundedEpsPointOneGaussianAlphaOnePerfectPriv","79\%",NA,2026-09-04
"ciCoverageEpsPointOneLaplaceAlphaOnePerfectPriv","67.9\%",NA,2026-09-04
"ciCoverageRoundedEpsPointOneLaplaceAlphaOnePerfectPriv","68\%",NA,2026-09-04
"epiSignParityFPREpsPointOneGaussianAlphaOnePerfectPriv","0.5\%",NA,2026-09-04
"epiSignParityFPRRoundedEpsPointOneGaussianAlphaOnePerfectPriv","1\%",NA,2026-09-04
"epiSignParityFPREpsPointOneLaplaceAlphaOnePerfectPriv","0.7\%",NA,2026-09-04
"epiSignParityFPRRoundedEpsPointOneLaplaceAlphaOnePerfectPriv","1\%",NA,2026-09-04
"signFlipEpsPointOneGaussianAlphaOnePerfectPriv","0.5\%",NA,2026-09-04
"signFlipRoundedEpsPointOneGaussianAlphaOnePerfectPriv","1\%",NA,2026-09-04
"signFlipEpsPointOneLaplaceAlphaOnePerfectPriv","0.7\%",NA,2026-09-04
"signFlipRoundedEpsPointOneLaplaceAlphaOnePerfectPriv","1\%",NA,2026-09-04
"epiParityEpsPointOneGaussianAlphaFivePerfectPriv","68.1\%",NA,2026-09-04
"epiParityRoundedEpsPointOneGaussianAlphaFivePerfectPriv","68\%",NA,2026-09-04
"epiDisparityEpsPointOneGaussianAlphaFivePerfectPriv","31.9\%",NA,2026-09-04
"epiDisparityRoundedEpsPointOneGaussianAlphaFivePerfectPriv","32\%",NA,2026-09-04
"epiParityEpsPointOneLaplaceAlphaFivePerfectPriv","62.8\%",NA,2026-09-04
"epiParityRoundedEpsPointOneLaplaceAlphaFivePerfectPriv","63\%",NA,2026-09-04
"epiDisparityEpsPointOneLaplaceAlphaFivePerfectPriv","37.2\%",NA,2026-09-04
"epiDisparityRoundedEpsPointOneLaplaceAlphaFivePerfectPriv","37\%",NA,2026-09-04
"epiSignParityEpsPointOneGaussianAlphaFivePerfectPriv","69.1\%",NA,2026-09-04
"epiSignParityRoundedEpsPointOneGaussianAlphaFivePerfectPriv","69\%",NA,2026-09-04
"epiSignDisparityEpsPointOneGaussianAlphaFivePerfectPriv","30.9\%",NA,2026-09-04
"epiSignDisparityRoundedEpsPointOneGaussianAlphaFivePerfectPriv","31\%",NA,2026-09-04
"epiSignParityEpsPointOneLaplaceAlphaFivePerfectPriv","63.9\%",NA,2026-09-04
"epiSignParityRoundedEpsPointOneLaplaceAlphaFivePerfectPriv","64\%",NA,2026-09-04
"epiSignDisparityEpsPointOneLaplaceAlphaFivePerfectPriv","36.1\%",NA,2026-09-04
"epiSignDisparityRoundedEpsPointOneLaplaceAlphaFivePerfectPriv","36\%",NA,2026-09-04
"ciCoverageEpsPointOneGaussianAlphaFivePerfectPriv","74.9\%",NA,2026-09-04
"ciCoverageRoundedEpsPointOneGaussianAlphaFivePerfectPriv","75\%",NA,2026-09-04
"ciCoverageEpsPointOneLaplaceAlphaFivePerfectPriv","64.9\%",NA,2026-09-04
"ciCoverageRoundedEpsPointOneLaplaceAlphaFivePerfectPriv","65\%",NA,2026-09-04
"epiSignParityFPREpsPointOneGaussianAlphaFivePerfectPriv","1.8\%",NA,2026-09-04
"epiSignParityFPRRoundedEpsPointOneGaussianAlphaFivePerfectPriv","2\%",NA,2026-09-04
"epiSignParityFPREpsPointOneLaplaceAlphaFivePerfectPriv","2.0\%",NA,2026-09-04
"epiSignParityFPRRoundedEpsPointOneLaplaceAlphaFivePerfectPriv","2\%",NA,2026-09-04
"signFlipEpsPointOneGaussianAlphaFivePerfectPriv","0.9\%",NA,2026-09-04
"signFlipRoundedEpsPointOneGaussianAlphaFivePerfectPriv","1\%",NA,2026-09-04
"signFlipEpsPointOneLaplaceAlphaFivePerfectPriv","1.1\%",NA,2026-09-04
"signFlipRoundedEpsPointOneLaplaceAlphaFivePerfectPriv","1\%",NA,2026-09-04
"epiParityEpsPointOneGaussianAlphaTenPerfectPriv","70.2\%",NA,2026-09-04
"epiParityRoundedEpsPointOneGaussianAlphaTenPerfectPriv","70\%",NA,2026-09-04
"epiDisparityEpsPointOneGaussianAlphaTenPerfectPriv","29.8\%",NA,2026-09-04
"epiDisparityRoundedEpsPointOneGaussianAlphaTenPerfectPriv","30\%",NA,2026-09-04
"epiParityEpsPointOneLaplaceAlphaTenPerfectPriv","63.2\%",NA,2026-09-04
"epiParityRoundedEpsPointOneLaplaceAlphaTenPerfectPriv","63\%",NA,2026-09-04
"epiDisparityEpsPointOneLaplaceAlphaTenPerfectPriv","36.8\%",NA,2026-09-04
"epiDisparityRoundedEpsPointOneLaplaceAlphaTenPerfectPriv","37\%",NA,2026-09-04
"epiSignParityEpsPointOneGaussianAlphaTenPerfectPriv","71.1\%",NA,2026-09-04
"epiSignParityRoundedEpsPointOneGaussianAlphaTenPerfectPriv","71\%",NA,2026-09-04
"epiSignDisparityEpsPointOneGaussianAlphaTenPerfectPriv","28.9\%",NA,2026-09-04
"epiSignDisparityRoundedEpsPointOneGaussianAlphaTenPerfectPriv","29\%",NA,2026-09-04
"epiSignParityEpsPointOneLaplaceAlphaTenPerfectPriv","64.1\%",NA,2026-09-04
"epiSignParityRoundedEpsPointOneLaplaceAlphaTenPerfectPriv","64\%",NA,2026-09-04
"epiSignDisparityEpsPointOneLaplaceAlphaTenPerfectPriv","35.9\%",NA,2026-09-04
"epiSignDisparityRoundedEpsPointOneLaplaceAlphaTenPerfectPriv","36\%",NA,2026-09-04
"ciCoverageEpsPointOneGaussianAlphaTenPerfectPriv","72.6\%",NA,2026-09-04
"ciCoverageRoundedEpsPointOneGaussianAlphaTenPerfectPriv","73\%",NA,2026-09-04
"ciCoverageEpsPointOneLaplaceAlphaTenPerfectPriv","62.4\%",NA,2026-09-04
"ciCoverageRoundedEpsPointOneLaplaceAlphaTenPerfectPriv","62\%",NA,2026-09-04
"epiSignParityFPREpsPointOneGaussianAlphaTenPerfectPriv","2.7\%",NA,2026-09-04
"epiSignParityFPRRoundedEpsPointOneGaussianAlphaTenPerfectPriv","3\%",NA,2026-09-04
"epiSignParityFPREpsPointOneLaplaceAlphaTenPerfectPriv","3.1\%",NA,2026-09-04
"epiSignParityFPRRoundedEpsPointOneLaplaceAlphaTenPerfectPriv","3\%",NA,2026-09-04
"signFlipEpsPointOneGaussianAlphaTenPerfectPriv","1.3\%",NA,2026-09-04
"signFlipRoundedEpsPointOneGaussianAlphaTenPerfectPriv","1\%",NA,2026-09-04
"signFlipEpsPointOneLaplaceAlphaTenPerfectPriv","1.8\%",NA,2026-09-04
"signFlipRoundedEpsPointOneLaplaceAlphaTenPerfectPriv","2\%",NA,2026-09-04
"epiParityEpsPointZeroOneGaussianAlphaOnePerfectPriv","61.9\%",NA,2026-09-04
"epiParityRoundedEpsPointZeroOneGaussianAlphaOnePerfectPriv","62\%",NA,2026-09-04
"epiDisparityEpsPointZeroOneGaussianAlphaOnePerfectPriv","38.1\%",NA,2026-09-04
"epiDisparityRoundedEpsPointZeroOneGaussianAlphaOnePerfectPriv","38\%",NA,2026-09-04
"epiParityEpsPointZeroOneLaplaceAlphaOnePerfectPriv","57.3\%",NA,2026-09-04
"epiParityRoundedEpsPointZeroOneLaplaceAlphaOnePerfectPriv","57\%",NA,2026-09-04
"epiDisparityEpsPointZeroOneLaplaceAlphaOnePerfectPriv","42.7\%",NA,2026-09-04
"epiDisparityRoundedEpsPointZeroOneLaplaceAlphaOnePerfectPriv","43\%",NA,2026-09-04
"epiSignParityEpsPointZeroOneGaussianAlphaOnePerfectPriv","62.0\%",NA,2026-09-04
"epiSignParityRoundedEpsPointZeroOneGaussianAlphaOnePerfectPriv","62\%",NA,2026-09-04
"epiSignDisparityEpsPointZeroOneGaussianAlphaOnePerfectPriv","38.0\%",NA,2026-09-04
"epiSignDisparityRoundedEpsPointZeroOneGaussianAlphaOnePerfectPriv","38\%",NA,2026-09-04
"epiSignParityEpsPointZeroOneLaplaceAlphaOnePerfectPriv","56.5\%",NA,2026-09-04
"epiSignParityRoundedEpsPointZeroOneLaplaceAlphaOnePerfectPriv","56\%",NA,2026-09-04
"epiSignDisparityEpsPointZeroOneLaplaceAlphaOnePerfectPriv","43.5\%",NA,2026-09-04
"epiSignDisparityRoundedEpsPointZeroOneLaplaceAlphaOnePerfectPriv","44\%",NA,2026-09-04
"ciCoverageEpsPointZeroOneGaussianAlphaOnePerfectPriv","63.8\%",NA,2026-09-04
"ciCoverageRoundedEpsPointZeroOneGaussianAlphaOnePerfectPriv","64\%",NA,2026-09-04
"ciCoverageEpsPointZeroOneLaplaceAlphaOnePerfectPriv","56.7\%",NA,2026-09-04
"ciCoverageRoundedEpsPointZeroOneLaplaceAlphaOnePerfectPriv","57\%",NA,2026-09-04
"epiSignParityFPREpsPointZeroOneGaussianAlphaOnePerfectPriv","0.9\%",NA,2026-09-04
"epiSignParityFPRRoundedEpsPointZeroOneGaussianAlphaOnePerfectPriv","1\%",NA,2026-09-04
"epiSignParityFPREpsPointZeroOneLaplaceAlphaOnePerfectPriv","1.2\%",NA,2026-09-04
"epiSignParityFPRRoundedEpsPointZeroOneLaplaceAlphaOnePerfectPriv","1\%",NA,2026-09-04
"signFlipEpsPointZeroOneGaussianAlphaOnePerfectPriv","0.8\%",NA,2026-09-04
"signFlipRoundedEpsPointZeroOneGaussianAlphaOnePerfectPriv","1\%",NA,2026-09-04
"signFlipEpsPointZeroOneLaplaceAlphaOnePerfectPriv","0.6\%",NA,2026-09-04
"signFlipRoundedEpsPointZeroOneLaplaceAlphaOnePerfectPriv","1\%",NA,2026-09-04
"epiParityEpsPointZeroOneGaussianAlphaFivePerfectPriv","60.3\%",NA,2026-09-04
"epiParityRoundedEpsPointZeroOneGaussianAlphaFivePerfectPriv","60\%",NA,2026-09-04
"epiDisparityEpsPointZeroOneGaussianAlphaFivePerfectPriv","39.7\%",NA,2026-09-04
"epiDisparityRoundedEpsPointZeroOneGaussianAlphaFivePerfectPriv","40\%",NA,2026-09-04
"epiParityEpsPointZeroOneLaplaceAlphaFivePerfectPriv","54.0\%",NA,2026-09-04
"epiParityRoundedEpsPointZeroOneLaplaceAlphaFivePerfectPriv","54\%",NA,2026-09-04
"epiDisparityEpsPointZeroOneLaplaceAlphaFivePerfectPriv","46.0\%",NA,2026-09-04
"epiDisparityRoundedEpsPointZeroOneLaplaceAlphaFivePerfectPriv","46\%",NA,2026-09-04
"epiSignParityEpsPointZeroOneGaussianAlphaFivePerfectPriv","60.5\%",NA,2026-09-04
"epiSignParityRoundedEpsPointZeroOneGaussianAlphaFivePerfectPriv","61\%",NA,2026-09-04
"epiSignDisparityEpsPointZeroOneGaussianAlphaFivePerfectPriv","39.5\%",NA,2026-09-04
"epiSignDisparityRoundedEpsPointZeroOneGaussianAlphaFivePerfectPriv","39\%",NA,2026-09-04
"epiSignParityEpsPointZeroOneLaplaceAlphaFivePerfectPriv","54.2\%",NA,2026-09-04
"epiSignParityRoundedEpsPointZeroOneLaplaceAlphaFivePerfectPriv","54\%",NA,2026-09-04
"epiSignDisparityEpsPointZeroOneLaplaceAlphaFivePerfectPriv","45.8\%",NA,2026-09-04
"epiSignDisparityRoundedEpsPointZeroOneLaplaceAlphaFivePerfectPriv","46\%",NA,2026-09-04
"ciCoverageEpsPointZeroOneGaussianAlphaFivePerfectPriv","60.2\%",NA,2026-09-04
"ciCoverageRoundedEpsPointZeroOneGaussianAlphaFivePerfectPriv","60\%",NA,2026-09-04
"ciCoverageEpsPointZeroOneLaplaceAlphaFivePerfectPriv","53.4\%",NA,2026-09-04
"ciCoverageRoundedEpsPointZeroOneLaplaceAlphaFivePerfectPriv","53\%",NA,2026-09-04
"epiSignParityFPREpsPointZeroOneGaussianAlphaFivePerfectPriv","2.4\%",NA,2026-09-04
"epiSignParityFPRRoundedEpsPointZeroOneGaussianAlphaFivePerfectPriv","2\%",NA,2026-09-04
"epiSignParityFPREpsPointZeroOneLaplaceAlphaFivePerfectPriv","3.0\%",NA,2026-09-04
"epiSignParityFPRRoundedEpsPointZeroOneLaplaceAlphaFivePerfectPriv","3\%",NA,2026-09-04
"signFlipEpsPointZeroOneGaussianAlphaFivePerfectPriv","1.6\%",NA,2026-09-04
"signFlipRoundedEpsPointZeroOneGaussianAlphaFivePerfectPriv","2\%",NA,2026-09-04
"signFlipEpsPointZeroOneLaplaceAlphaFivePerfectPriv","1.6\%",NA,2026-09-04
"signFlipRoundedEpsPointZeroOneLaplaceAlphaFivePerfectPriv","2\%",NA,2026-09-04
"epiParityEpsPointZeroOneGaussianAlphaTenPerfectPriv","61.0\%",NA,2026-09-04
"epiParityRoundedEpsPointZeroOneGaussianAlphaTenPerfectPriv","61\%",NA,2026-09-04
"epiDisparityEpsPointZeroOneGaussianAlphaTenPerfectPriv","39.0\%",NA,2026-09-04
"epiDisparityRoundedEpsPointZeroOneGaussianAlphaTenPerfectPriv","39\%",NA,2026-09-04
"epiParityEpsPointZeroOneLaplaceAlphaTenPerfectPriv","55.6\%",NA,2026-09-04
"epiParityRoundedEpsPointZeroOneLaplaceAlphaTenPerfectPriv","56\%",NA,2026-09-04
"epiDisparityEpsPointZeroOneLaplaceAlphaTenPerfectPriv","44.4\%",NA,2026-09-04
"epiDisparityRoundedEpsPointZeroOneLaplaceAlphaTenPerfectPriv","44\%",NA,2026-09-04
"epiSignParityEpsPointZeroOneGaussianAlphaTenPerfectPriv","61.5\%",NA,2026-09-04
"epiSignParityRoundedEpsPointZeroOneGaussianAlphaTenPerfectPriv","62\%",NA,2026-09-04
"epiSignDisparityEpsPointZeroOneGaussianAlphaTenPerfectPriv","38.5\%",NA,2026-09-04
"epiSignDisparityRoundedEpsPointZeroOneGaussianAlphaTenPerfectPriv","38\%",NA,2026-09-04
"epiSignParityEpsPointZeroOneLaplaceAlphaTenPerfectPriv","56.2\%",NA,2026-09-04
"epiSignParityRoundedEpsPointZeroOneLaplaceAlphaTenPerfectPriv","56\%",NA,2026-09-04
"epiSignDisparityEpsPointZeroOneLaplaceAlphaTenPerfectPriv","43.8\%",NA,2026-09-04
"epiSignDisparityRoundedEpsPointZeroOneLaplaceAlphaTenPerfectPriv","44\%",NA,2026-09-04
"ciCoverageEpsPointZeroOneGaussianAlphaTenPerfectPriv","57.8\%",NA,2026-09-04
"ciCoverageRoundedEpsPointZeroOneGaussianAlphaTenPerfectPriv","58\%",NA,2026-09-04
"ciCoverageEpsPointZeroOneLaplaceAlphaTenPerfectPriv","51.3\%",NA,2026-09-04
"ciCoverageRoundedEpsPointZeroOneLaplaceAlphaTenPerfectPriv","51\%",NA,2026-09-04
"epiSignParityFPREpsPointZeroOneGaussianAlphaTenPerfectPriv","4.5\%",NA,2026-09-04
"epiSignParityFPRRoundedEpsPointZeroOneGaussianAlphaTenPerfectPriv","5\%",NA,2026-09-04
"epiSignParityFPREpsPointZeroOneLaplaceAlphaTenPerfectPriv","3.9\%",NA,2026-09-04
"epiSignParityFPRRoundedEpsPointZeroOneLaplaceAlphaTenPerfectPriv","4\%",NA,2026-09-04
"signFlipEpsPointZeroOneGaussianAlphaTenPerfectPriv","3.1\%",NA,2026-09-04
"signFlipRoundedEpsPointZeroOneGaussianAlphaTenPerfectPriv","3\%",NA,2026-09-04
"signFlipEpsPointZeroOneLaplaceAlphaTenPerfectPriv","2.5\%",NA,2026-09-04
"signFlipRoundedEpsPointZeroOneLaplaceAlphaTenPerfectPriv","2\%",NA,2026-09-04
"epiParityEpsPointZeroZeroOneGaussianAlphaOnePerfectPriv","52.3\%",NA,2026-09-04
"epiParityRoundedEpsPointZeroZeroOneGaussianAlphaOnePerfectPriv","52\%",NA,2026-09-04
"epiDisparityEpsPointZeroZeroOneGaussianAlphaOnePerfectPriv","47.7\%",NA,2026-09-04
"epiDisparityRoundedEpsPointZeroZeroOneGaussianAlphaOnePerfectPriv","48\%",NA,2026-09-04
"epiParityEpsPointZeroZeroOneLaplaceAlphaOnePerfectPriv","47.1\%",NA,2026-09-04
"epiParityRoundedEpsPointZeroZeroOneLaplaceAlphaOnePerfectPriv","47\%",NA,2026-09-04
"epiDisparityEpsPointZeroZeroOneLaplaceAlphaOnePerfectPriv","52.9\%",NA,2026-09-04
"epiDisparityRoundedEpsPointZeroZeroOneLaplaceAlphaOnePerfectPriv","53\%",NA,2026-09-04
"epiSignParityEpsPointZeroZeroOneGaussianAlphaOnePerfectPriv","51.5\%",NA,2026-09-04
"epiSignParityRoundedEpsPointZeroZeroOneGaussianAlphaOnePerfectPriv","52\%",NA,2026-09-04
"epiSignDisparityEpsPointZeroZeroOneGaussianAlphaOnePerfectPriv","48.5\%",NA,2026-09-04
"epiSignDisparityRoundedEpsPointZeroZeroOneGaussianAlphaOnePerfectPriv","48\%",NA,2026-09-04
"epiSignParityEpsPointZeroZeroOneLaplaceAlphaOnePerfectPriv","46.3\%",NA,2026-09-04
"epiSignParityRoundedEpsPointZeroZeroOneLaplaceAlphaOnePerfectPriv","46\%",NA,2026-09-04
"epiSignDisparityEpsPointZeroZeroOneLaplaceAlphaOnePerfectPriv","53.7\%",NA,2026-09-04
"epiSignDisparityRoundedEpsPointZeroZeroOneLaplaceAlphaOnePerfectPriv","54\%",NA,2026-09-04
"ciCoverageEpsPointZeroZeroOneGaussianAlphaOnePerfectPriv","52.5\%",NA,2026-09-04
"ciCoverageRoundedEpsPointZeroZeroOneGaussianAlphaOnePerfectPriv","52\%",NA,2026-09-04
"ciCoverageEpsPointZeroZeroOneLaplaceAlphaOnePerfectPriv","47.2\%",NA,2026-09-04
"ciCoverageRoundedEpsPointZeroZeroOneLaplaceAlphaOnePerfectPriv","47\%",NA,2026-09-04
"epiSignParityFPREpsPointZeroZeroOneGaussianAlphaOnePerfectPriv","1.5\%",NA,2026-09-04
"epiSignParityFPRRoundedEpsPointZeroZeroOneGaussianAlphaOnePerfectPriv","1\%",NA,2026-09-04
"epiSignParityFPREpsPointZeroZeroOneLaplaceAlphaOnePerfectPriv","2.0\%",NA,2026-09-04
"epiSignParityFPRRoundedEpsPointZeroZeroOneLaplaceAlphaOnePerfectPriv","2\%",NA,2026-09-04
"signFlipEpsPointZeroZeroOneGaussianAlphaOnePerfectPriv","0.4\%",NA,2026-09-04
"signFlipRoundedEpsPointZeroZeroOneGaussianAlphaOnePerfectPriv","0\%",NA,2026-09-04
"signFlipEpsPointZeroZeroOneLaplaceAlphaOnePerfectPriv","0.8\%",NA,2026-09-04
"signFlipRoundedEpsPointZeroZeroOneLaplaceAlphaOnePerfectPriv","1\%",NA,2026-09-04
"epiParityEpsPointZeroZeroOneGaussianAlphaFivePerfectPriv","49.7\%",NA,2026-09-04
"epiParityRoundedEpsPointZeroZeroOneGaussianAlphaFivePerfectPriv","50\%",NA,2026-09-04
"epiDisparityEpsPointZeroZeroOneGaussianAlphaFivePerfectPriv","50.3\%",NA,2026-09-04
"epiDisparityRoundedEpsPointZeroZeroOneGaussianAlphaFivePerfectPriv","50\%",NA,2026-09-04
"epiParityEpsPointZeroZeroOneLaplaceAlphaFivePerfectPriv","46.5\%",NA,2026-09-04
"epiParityRoundedEpsPointZeroZeroOneLaplaceAlphaFivePerfectPriv","46\%",NA,2026-09-04
"epiDisparityEpsPointZeroZeroOneLaplaceAlphaFivePerfectPriv","53.5\%",NA,2026-09-04
"epiDisparityRoundedEpsPointZeroZeroOneLaplaceAlphaFivePerfectPriv","54\%",NA,2026-09-04
"epiSignParityEpsPointZeroZeroOneGaussianAlphaFivePerfectPriv","49.8\%",NA,2026-09-04
"epiSignParityRoundedEpsPointZeroZeroOneGaussianAlphaFivePerfectPriv","50\%",NA,2026-09-04
"epiSignDisparityEpsPointZeroZeroOneGaussianAlphaFivePerfectPriv","50.2\%",NA,2026-09-04
"epiSignDisparityRoundedEpsPointZeroZeroOneGaussianAlphaFivePerfectPriv","50\%",NA,2026-09-04
"epiSignParityEpsPointZeroZeroOneLaplaceAlphaFivePerfectPriv","46.4\%",NA,2026-09-04
"epiSignParityRoundedEpsPointZeroZeroOneLaplaceAlphaFivePerfectPriv","46\%",NA,2026-09-04
"epiSignDisparityEpsPointZeroZeroOneLaplaceAlphaFivePerfectPriv","53.6\%",NA,2026-09-04
"epiSignDisparityRoundedEpsPointZeroZeroOneLaplaceAlphaFivePerfectPriv","54\%",NA,2026-09-04
"ciCoverageEpsPointZeroZeroOneGaussianAlphaFivePerfectPriv","48.0\%",NA,2026-09-04
"ciCoverageRoundedEpsPointZeroZeroOneGaussianAlphaFivePerfectPriv","48\%",NA,2026-09-04
"ciCoverageEpsPointZeroZeroOneLaplaceAlphaFivePerfectPriv","42.0\%",NA,2026-09-04
"ciCoverageRoundedEpsPointZeroZeroOneLaplaceAlphaFivePerfectPriv","42\%",NA,2026-09-04
"epiSignParityFPREpsPointZeroZeroOneGaussianAlphaFivePerfectPriv","3.1\%",NA,2026-09-04
"epiSignParityFPRRoundedEpsPointZeroZeroOneGaussianAlphaFivePerfectPriv","3\%",NA,2026-09-04
"epiSignParityFPREpsPointZeroZeroOneLaplaceAlphaFivePerfectPriv","4.1\%",NA,2026-09-04
"epiSignParityFPRRoundedEpsPointZeroZeroOneLaplaceAlphaFivePerfectPriv","4\%",NA,2026-09-04
"signFlipEpsPointZeroZeroOneGaussianAlphaFivePerfectPriv","1.6\%",NA,2026-09-04
"signFlipRoundedEpsPointZeroZeroOneGaussianAlphaFivePerfectPriv","2\%",NA,2026-09-04
"signFlipEpsPointZeroZeroOneLaplaceAlphaFivePerfectPriv","2.5\%",NA,2026-09-04
"signFlipRoundedEpsPointZeroZeroOneLaplaceAlphaFivePerfectPriv","2\%",NA,2026-09-04
"epiParityEpsPointZeroZeroOneGaussianAlphaTenPerfectPriv","52.1\%",NA,2026-09-04
"epiParityRoundedEpsPointZeroZeroOneGaussianAlphaTenPerfectPriv","52\%",NA,2026-09-04
"epiDisparityEpsPointZeroZeroOneGaussianAlphaTenPerfectPriv","47.9\%",NA,2026-09-04
"epiDisparityRoundedEpsPointZeroZeroOneGaussianAlphaTenPerfectPriv","48\%",NA,2026-09-04
"epiParityEpsPointZeroZeroOneLaplaceAlphaTenPerfectPriv","48.6\%",NA,2026-09-04
"epiParityRoundedEpsPointZeroZeroOneLaplaceAlphaTenPerfectPriv","49\%",NA,2026-09-04
"epiDisparityEpsPointZeroZeroOneLaplaceAlphaTenPerfectPriv","51.4\%",NA,2026-09-04
"epiDisparityRoundedEpsPointZeroZeroOneLaplaceAlphaTenPerfectPriv","51\%",NA,2026-09-04
"epiSignParityEpsPointZeroZeroOneGaussianAlphaTenPerfectPriv","52.4\%",NA,2026-09-04
"epiSignParityRoundedEpsPointZeroZeroOneGaussianAlphaTenPerfectPriv","52\%",NA,2026-09-04
"epiSignDisparityEpsPointZeroZeroOneGaussianAlphaTenPerfectPriv","47.6\%",NA,2026-09-04
"epiSignDisparityRoundedEpsPointZeroZeroOneGaussianAlphaTenPerfectPriv","48\%",NA,2026-09-04
"epiSignParityEpsPointZeroZeroOneLaplaceAlphaTenPerfectPriv","48.7\%",NA,2026-09-04
"epiSignParityRoundedEpsPointZeroZeroOneLaplaceAlphaTenPerfectPriv","49\%",NA,2026-09-04
"epiSignDisparityEpsPointZeroZeroOneLaplaceAlphaTenPerfectPriv","51.3\%",NA,2026-09-04
"epiSignDisparityRoundedEpsPointZeroZeroOneLaplaceAlphaTenPerfectPriv","51\%",NA,2026-09-04
"ciCoverageEpsPointZeroZeroOneGaussianAlphaTenPerfectPriv","44.9\%",NA,2026-09-04
"ciCoverageRoundedEpsPointZeroZeroOneGaussianAlphaTenPerfectPriv","45\%",NA,2026-09-04
"ciCoverageEpsPointZeroZeroOneLaplaceAlphaTenPerfectPriv","39.3\%",NA,2026-09-04
"ciCoverageRoundedEpsPointZeroZeroOneLaplaceAlphaTenPerfectPriv","39\%",NA,2026-09-04
"epiSignParityFPREpsPointZeroZeroOneGaussianAlphaTenPerfectPriv","4.6\%",NA,2026-09-04
"epiSignParityFPRRoundedEpsPointZeroZeroOneGaussianAlphaTenPerfectPriv","5\%",NA,2026-09-04
"epiSignParityFPREpsPointZeroZeroOneLaplaceAlphaTenPerfectPriv","5.5\%",NA,2026-09-04
"epiSignParityFPRRoundedEpsPointZeroZeroOneLaplaceAlphaTenPerfectPriv","6\%",NA,2026-09-04
"signFlipEpsPointZeroZeroOneGaussianAlphaTenPerfectPriv","3.0\%",NA,2026-09-04
"signFlipRoundedEpsPointZeroZeroOneGaussianAlphaTenPerfectPriv","3\%",NA,2026-09-04
"signFlipEpsPointZeroZeroOneLaplaceAlphaTenPerfectPriv","3.7\%",NA,2026-09-04
"signFlipRoundedEpsPointZeroZeroOneLaplaceAlphaTenPerfectPriv","4\%",NA,2026-09-04
"epiParityEpsPointZeroZeroZeroOneGaussianAlphaOnePerfectPriv","42.1\%",NA,2026-09-04
"epiParityRoundedEpsPointZeroZeroZeroOneGaussianAlphaOnePerfectPriv","42\%",NA,2026-09-04
"epiDisparityEpsPointZeroZeroZeroOneGaussianAlphaOnePerfectPriv","57.9\%",NA,2026-09-04
"epiDisparityRoundedEpsPointZeroZeroZeroOneGaussianAlphaOnePerfectPriv","58\%",NA,2026-09-04
"epiParityEpsPointZeroZeroZeroOneLaplaceAlphaOnePerfectPriv","41.5\%",NA,2026-09-04
"epiParityRoundedEpsPointZeroZeroZeroOneLaplaceAlphaOnePerfectPriv","42\%",NA,2026-09-04
"epiDisparityEpsPointZeroZeroZeroOneLaplaceAlphaOnePerfectPriv","58.5\%",NA,2026-09-04
"epiDisparityRoundedEpsPointZeroZeroZeroOneLaplaceAlphaOnePerfectPriv","58\%",NA,2026-09-04
"epiSignParityEpsPointZeroZeroZeroOneGaussianAlphaOnePerfectPriv","40.2\%",NA,2026-09-04
"epiSignParityRoundedEpsPointZeroZeroZeroOneGaussianAlphaOnePerfectPriv","40\%",NA,2026-09-04
"epiSignDisparityEpsPointZeroZeroZeroOneGaussianAlphaOnePerfectPriv","59.8\%",NA,2026-09-04
"epiSignDisparityRoundedEpsPointZeroZeroZeroOneGaussianAlphaOnePerfectPriv","60\%",NA,2026-09-04
"epiSignParityEpsPointZeroZeroZeroOneLaplaceAlphaOnePerfectPriv","39.5\%",NA,2026-09-04
"epiSignParityRoundedEpsPointZeroZeroZeroOneLaplaceAlphaOnePerfectPriv","40\%",NA,2026-09-04
"epiSignDisparityEpsPointZeroZeroZeroOneLaplaceAlphaOnePerfectPriv","60.5\%",NA,2026-09-04
"epiSignDisparityRoundedEpsPointZeroZeroZeroOneLaplaceAlphaOnePerfectPriv","60\%",NA,2026-09-04
"ciCoverageEpsPointZeroZeroZeroOneGaussianAlphaOnePerfectPriv","41.5\%",NA,2026-09-04
"ciCoverageRoundedEpsPointZeroZeroZeroOneGaussianAlphaOnePerfectPriv","41\%",NA,2026-09-04
"ciCoverageEpsPointZeroZeroZeroOneLaplaceAlphaOnePerfectPriv","39.2\%",NA,2026-09-04
"ciCoverageRoundedEpsPointZeroZeroZeroOneLaplaceAlphaOnePerfectPriv","39\%",NA,2026-09-04
"epiSignParityFPREpsPointZeroZeroZeroOneGaussianAlphaOnePerfectPriv","2.9\%",NA,2026-09-04
"epiSignParityFPRRoundedEpsPointZeroZeroZeroOneGaussianAlphaOnePerfectPriv","3\%",NA,2026-09-04
"epiSignParityFPREpsPointZeroZeroZeroOneLaplaceAlphaOnePerfectPriv","3.4\%",NA,2026-09-04
"epiSignParityFPRRoundedEpsPointZeroZeroZeroOneLaplaceAlphaOnePerfectPriv","3\%",NA,2026-09-04
"signFlipEpsPointZeroZeroZeroOneGaussianAlphaOnePerfectPriv","2.1\%",NA,2026-09-04
"signFlipRoundedEpsPointZeroZeroZeroOneGaussianAlphaOnePerfectPriv","2\%",NA,2026-09-04
"signFlipEpsPointZeroZeroZeroOneLaplaceAlphaOnePerfectPriv","2.3\%",NA,2026-09-04
"signFlipRoundedEpsPointZeroZeroZeroOneLaplaceAlphaOnePerfectPriv","2\%",NA,2026-09-04
"epiParityEpsPointZeroZeroZeroOneGaussianAlphaFivePerfectPriv","43.3\%",NA,2026-09-04
"epiParityRoundedEpsPointZeroZeroZeroOneGaussianAlphaFivePerfectPriv","43\%",NA,2026-09-04
"epiDisparityEpsPointZeroZeroZeroOneGaussianAlphaFivePerfectPriv","56.7\%",NA,2026-09-04
"epiDisparityRoundedEpsPointZeroZeroZeroOneGaussianAlphaFivePerfectPriv","57\%",NA,2026-09-04
"epiParityEpsPointZeroZeroZeroOneLaplaceAlphaFivePerfectPriv","42.7\%",NA,2026-09-04
"epiParityRoundedEpsPointZeroZeroZeroOneLaplaceAlphaFivePerfectPriv","43\%",NA,2026-09-04
"epiDisparityEpsPointZeroZeroZeroOneLaplaceAlphaFivePerfectPriv","57.3\%",NA,2026-09-04
"epiDisparityRoundedEpsPointZeroZeroZeroOneLaplaceAlphaFivePerfectPriv","57\%",NA,2026-09-04
"epiSignParityEpsPointZeroZeroZeroOneGaussianAlphaFivePerfectPriv","42.1\%",NA,2026-09-04
"epiSignParityRoundedEpsPointZeroZeroZeroOneGaussianAlphaFivePerfectPriv","42\%",NA,2026-09-04
"epiSignDisparityEpsPointZeroZeroZeroOneGaussianAlphaFivePerfectPriv","57.9\%",NA,2026-09-04
"epiSignDisparityRoundedEpsPointZeroZeroZeroOneGaussianAlphaFivePerfectPriv","58\%",NA,2026-09-04
"epiSignParityEpsPointZeroZeroZeroOneLaplaceAlphaFivePerfectPriv","41.3\%",NA,2026-09-04
"epiSignParityRoundedEpsPointZeroZeroZeroOneLaplaceAlphaFivePerfectPriv","41\%",NA,2026-09-04
"epiSignDisparityEpsPointZeroZeroZeroOneLaplaceAlphaFivePerfectPriv","58.7\%",NA,2026-09-04
"epiSignDisparityRoundedEpsPointZeroZeroZeroOneLaplaceAlphaFivePerfectPriv","59\%",NA,2026-09-04
"ciCoverageEpsPointZeroZeroZeroOneGaussianAlphaFivePerfectPriv","36.6\%",NA,2026-09-04
"ciCoverageRoundedEpsPointZeroZeroZeroOneGaussianAlphaFivePerfectPriv","37\%",NA,2026-09-04
"ciCoverageEpsPointZeroZeroZeroOneLaplaceAlphaFivePerfectPriv","34.1\%",NA,2026-09-04
"ciCoverageRoundedEpsPointZeroZeroZeroOneLaplaceAlphaFivePerfectPriv","34\%",NA,2026-09-04
"epiSignParityFPREpsPointZeroZeroZeroOneGaussianAlphaFivePerfectPriv","4.3\%",NA,2026-09-04
"epiSignParityFPRRoundedEpsPointZeroZeroZeroOneGaussianAlphaFivePerfectPriv","4\%",NA,2026-09-04
"epiSignParityFPREpsPointZeroZeroZeroOneLaplaceAlphaFivePerfectPriv","5.1\%",NA,2026-09-04
"epiSignParityFPRRoundedEpsPointZeroZeroZeroOneLaplaceAlphaFivePerfectPriv","5\%",NA,2026-09-04
"signFlipEpsPointZeroZeroZeroOneGaussianAlphaFivePerfectPriv","2.7\%",NA,2026-09-04
"signFlipRoundedEpsPointZeroZeroZeroOneGaussianAlphaFivePerfectPriv","3\%",NA,2026-09-04
"signFlipEpsPointZeroZeroZeroOneLaplaceAlphaFivePerfectPriv","3.6\%",NA,2026-09-04
"signFlipRoundedEpsPointZeroZeroZeroOneLaplaceAlphaFivePerfectPriv","4\%",NA,2026-09-04
"epiParityEpsPointZeroZeroZeroOneGaussianAlphaTenPerfectPriv","45.3\%",NA,2026-09-04
"epiParityRoundedEpsPointZeroZeroZeroOneGaussianAlphaTenPerfectPriv","45\%",NA,2026-09-04
"epiDisparityEpsPointZeroZeroZeroOneGaussianAlphaTenPerfectPriv","54.7\%",NA,2026-09-04
"epiDisparityRoundedEpsPointZeroZeroZeroOneGaussianAlphaTenPerfectPriv","55\%",NA,2026-09-04
"epiParityEpsPointZeroZeroZeroOneLaplaceAlphaTenPerfectPriv","43.3\%",NA,2026-09-04
"epiParityRoundedEpsPointZeroZeroZeroOneLaplaceAlphaTenPerfectPriv","43\%",NA,2026-09-04
"epiDisparityEpsPointZeroZeroZeroOneLaplaceAlphaTenPerfectPriv","56.7\%",NA,2026-09-04
"epiDisparityRoundedEpsPointZeroZeroZeroOneLaplaceAlphaTenPerfectPriv","57\%",NA,2026-09-04
"epiSignParityEpsPointZeroZeroZeroOneGaussianAlphaTenPerfectPriv","44.7\%",NA,2026-09-04
"epiSignParityRoundedEpsPointZeroZeroZeroOneGaussianAlphaTenPerfectPriv","45\%",NA,2026-09-04
"epiSignDisparityEpsPointZeroZeroZeroOneGaussianAlphaTenPerfectPriv","55.3\%",NA,2026-09-04
"epiSignDisparityRoundedEpsPointZeroZeroZeroOneGaussianAlphaTenPerfectPriv","55\%",NA,2026-09-04
"epiSignParityEpsPointZeroZeroZeroOneLaplaceAlphaTenPerfectPriv","42.0\%",NA,2026-09-04
"epiSignParityRoundedEpsPointZeroZeroZeroOneLaplaceAlphaTenPerfectPriv","42\%",NA,2026-09-04
"epiSignDisparityEpsPointZeroZeroZeroOneLaplaceAlphaTenPerfectPriv","58.0\%",NA,2026-09-04
"epiSignDisparityRoundedEpsPointZeroZeroZeroOneLaplaceAlphaTenPerfectPriv","58\%",NA,2026-09-04
"ciCoverageEpsPointZeroZeroZeroOneGaussianAlphaTenPerfectPriv","34.3\%",NA,2026-09-04
"ciCoverageRoundedEpsPointZeroZeroZeroOneGaussianAlphaTenPerfectPriv","34\%",NA,2026-09-04
"ciCoverageEpsPointZeroZeroZeroOneLaplaceAlphaTenPerfectPriv","32.2\%",NA,2026-09-04
"ciCoverageRoundedEpsPointZeroZeroZeroOneLaplaceAlphaTenPerfectPriv","32\%",NA,2026-09-04
"epiSignParityFPREpsPointZeroZeroZeroOneGaussianAlphaTenPerfectPriv","5.5\%",NA,2026-09-04
"epiSignParityFPRRoundedEpsPointZeroZeroZeroOneGaussianAlphaTenPerfectPriv","5\%",NA,2026-09-04
"epiSignParityFPREpsPointZeroZeroZeroOneLaplaceAlphaTenPerfectPriv","6.9\%",NA,2026-09-04
"epiSignParityFPRRoundedEpsPointZeroZeroZeroOneLaplaceAlphaTenPerfectPriv","7\%",NA,2026-09-04
"signFlipEpsPointZeroZeroZeroOneGaussianAlphaTenPerfectPriv","4.0\%",NA,2026-09-04
"signFlipRoundedEpsPointZeroZeroZeroOneGaussianAlphaTenPerfectPriv","4\%",NA,2026-09-04
"signFlipEpsPointZeroZeroZeroOneLaplaceAlphaTenPerfectPriv","4.7\%",NA,2026-09-04
"signFlipRoundedEpsPointZeroZeroZeroOneLaplaceAlphaTenPerfectPriv","5\%",NA,2026-09-04
"epiParityAPointOneHBAlphaOne","98.2\%",NA,2026-09-04
"epiParityRoundedAPointOneHBAlphaOne","98\%",NA,2026-09-04
"epiDisparityAPointOneHBAlphaOne","1.8\%",NA,2026-09-04
"epiDisparityRoundedAPointOneHBAlphaOne","2\%",NA,2026-09-04
"epiParityAPointOneMLAlphaOne","81.8\%",NA,2026-09-04
"epiParityRoundedAPointOneMLAlphaOne","82\%",NA,2026-09-04
"epiDisparityAPointOneMLAlphaOne","18.2\%",NA,2026-09-04
"epiDisparityRoundedAPointOneMLAlphaOne","18\%",NA,2026-09-04
"epiSignParityAPointOneHBAlphaOne","98.7\%",NA,2026-09-04
"epiSignParityRoundedAPointOneHBAlphaOne","99\%",NA,2026-09-04
"epiSignDisparityAPointOneHBAlphaOne","1.3\%",NA,2026-09-04
"epiSignDisparityRoundedAPointOneHBAlphaOne","1\%",NA,2026-09-04
"epiSignParityAPointOneMLAlphaOne","81.1\%",NA,2026-09-04
"epiSignParityRoundedAPointOneMLAlphaOne","81\%",NA,2026-09-04
"epiSignDisparityAPointOneMLAlphaOne","18.9\%",NA,2026-09-04
"epiSignDisparityRoundedAPointOneMLAlphaOne","19\%",NA,2026-09-04
"ciCoverageAPointOneHBAlphaOne","100.0\%",NA,2026-09-04
"ciCoverageRoundedAPointOneHBAlphaOne","100\%",NA,2026-09-04
"ciCoverageAPointOneMLAlphaOne","87.0\%",NA,2026-09-04
"ciCoverageRoundedAPointOneMLAlphaOne","87\%",NA,2026-09-04
"epiSignParityFPRAPointOneHBAlphaOne","0.0\%",NA,2026-09-04
"epiSignParityFPRRoundedAPointOneHBAlphaOne","0\%",NA,2026-09-04
"epiSignParityFPRAPointOneMLAlphaOne","3.3\%",NA,2026-09-04
"epiSignParityFPRRoundedAPointOneMLAlphaOne","3\%",NA,2026-09-04
"signFlipAPointOneHBAlphaOne","0.0\%",NA,2026-09-04
"signFlipRoundedAPointOneHBAlphaOne","0\%",NA,2026-09-04
"signFlipAPointOneMLAlphaOne","2.0\%",NA,2026-09-04
"signFlipRoundedAPointOneMLAlphaOne","2\%",NA,2026-09-04
"epiParityAPointOneHBAlphaFive","96.9\%",NA,2026-09-04
"epiParityRoundedAPointOneHBAlphaFive","97\%",NA,2026-09-04
"epiDisparityAPointOneHBAlphaFive","3.1\%",NA,2026-09-04
"epiDisparityRoundedAPointOneHBAlphaFive","3\%",NA,2026-09-04
"epiParityAPointOneMLAlphaFive","83.5\%",NA,2026-09-04
"epiParityRoundedAPointOneMLAlphaFive","84\%",NA,2026-09-04
"epiDisparityAPointOneMLAlphaFive","16.5\%",NA,2026-09-04
"epiDisparityRoundedAPointOneMLAlphaFive","16\%",NA,2026-09-04
"epiSignParityAPointOneHBAlphaFive","96.7\%",NA,2026-09-04
"epiSignParityRoundedAPointOneHBAlphaFive","97\%",NA,2026-09-04
"epiSignDisparityAPointOneHBAlphaFive","3.3\%",NA,2026-09-04
"epiSignDisparityRoundedAPointOneHBAlphaFive","3\%",NA,2026-09-04
"epiSignParityAPointOneMLAlphaFive","83.4\%",NA,2026-09-04
"epiSignParityRoundedAPointOneMLAlphaFive","83\%",NA,2026-09-04
"epiSignDisparityAPointOneMLAlphaFive","16.6\%",NA,2026-09-04
"epiSignDisparityRoundedAPointOneMLAlphaFive","17\%",NA,2026-09-04
"ciCoverageAPointOneHBAlphaFive","99.8\%",NA,2026-09-04
"ciCoverageRoundedAPointOneHBAlphaFive","100\%",NA,2026-09-04
"ciCoverageAPointOneMLAlphaFive","85.8\%",NA,2026-09-04
"ciCoverageRoundedAPointOneMLAlphaFive","86\%",NA,2026-09-04
"epiSignParityFPRAPointOneHBAlphaFive","0.0\%",NA,2026-09-04
"epiSignParityFPRRoundedAPointOneHBAlphaFive","0\%",NA,2026-09-04
"epiSignParityFPRAPointOneMLAlphaFive","2.9\%",NA,2026-09-04
"epiSignParityFPRRoundedAPointOneMLAlphaFive","3\%",NA,2026-09-04
"signFlipAPointOneHBAlphaFive","0.0\%",NA,2026-09-04
"signFlipRoundedAPointOneHBAlphaFive","0\%",NA,2026-09-04
"signFlipAPointOneMLAlphaFive","1.9\%",NA,2026-09-04
"signFlipRoundedAPointOneMLAlphaFive","2\%",NA,2026-09-04
"epiParityAPointOneHBAlphaTen","99.0\%",NA,2026-09-04
"epiParityRoundedAPointOneHBAlphaTen","99\%",NA,2026-09-04
"epiDisparityAPointOneHBAlphaTen","1.0\%",NA,2026-09-04
"epiDisparityRoundedAPointOneHBAlphaTen","1\%",NA,2026-09-04
"epiParityAPointOneMLAlphaTen","86.1\%",NA,2026-09-04
"epiParityRoundedAPointOneMLAlphaTen","86\%",NA,2026-09-04
"epiDisparityAPointOneMLAlphaTen","13.9\%",NA,2026-09-04
"epiDisparityRoundedAPointOneMLAlphaTen","14\%",NA,2026-09-04
"epiSignParityAPointOneHBAlphaTen","98.4\%",NA,2026-09-04
"epiSignParityRoundedAPointOneHBAlphaTen","98\%",NA,2026-09-04
"epiSignDisparityAPointOneHBAlphaTen","1.6\%",NA,2026-09-04
"epiSignDisparityRoundedAPointOneHBAlphaTen","2\%",NA,2026-09-04
"epiSignParityAPointOneMLAlphaTen","86.0\%",NA,2026-09-04
"epiSignParityRoundedAPointOneMLAlphaTen","86\%",NA,2026-09-04
"epiSignDisparityAPointOneMLAlphaTen","14.0\%",NA,2026-09-04
"epiSignDisparityRoundedAPointOneMLAlphaTen","14\%",NA,2026-09-04
"ciCoverageAPointOneHBAlphaTen","99.8\%",NA,2026-09-04
"ciCoverageRoundedAPointOneHBAlphaTen","100\%",NA,2026-09-04
"ciCoverageAPointOneMLAlphaTen","84.8\%",NA,2026-09-04
"ciCoverageRoundedAPointOneMLAlphaTen","85\%",NA,2026-09-04
"epiSignParityFPRAPointOneHBAlphaTen","0.0\%",NA,2026-09-04
"epiSignParityFPRRoundedAPointOneHBAlphaTen","0\%",NA,2026-09-04
"epiSignParityFPRAPointOneMLAlphaTen","3.6\%",NA,2026-09-04
"epiSignParityFPRRoundedAPointOneMLAlphaTen","4\%",NA,2026-09-04
"signFlipAPointOneHBAlphaTen","0.0\%",NA,2026-09-04
"signFlipRoundedAPointOneHBAlphaTen","0\%",NA,2026-09-04
"signFlipAPointOneMLAlphaTen","2.8\%",NA,2026-09-04
"signFlipRoundedAPointOneMLAlphaTen","3\%",NA,2026-09-04
"epiParityAOneHBAlphaOne","95.0\%",NA,2026-09-04
"epiParityRoundedAOneHBAlphaOne","95\%",NA,2026-09-04
"epiDisparityAOneHBAlphaOne","5.0\%",NA,2026-09-04
"epiDisparityRoundedAOneHBAlphaOne","5\%",NA,2026-09-04
"epiParityAOneMLAlphaOne","66.4\%",NA,2026-09-04
"epiParityRoundedAOneMLAlphaOne","66\%",NA,2026-09-04
"epiDisparityAOneMLAlphaOne","33.6\%",NA,2026-09-04
"epiDisparityRoundedAOneMLAlphaOne","34\%",NA,2026-09-04
"epiSignParityAOneHBAlphaOne","94.6\%",NA,2026-09-04
"epiSignParityRoundedAOneHBAlphaOne","95\%",NA,2026-09-04
"epiSignDisparityAOneHBAlphaOne","5.4\%",NA,2026-09-04
"epiSignDisparityRoundedAOneHBAlphaOne","5\%",NA,2026-09-04
"epiSignParityAOneMLAlphaOne","65.0\%",NA,2026-09-04
"epiSignParityRoundedAOneMLAlphaOne","65\%",NA,2026-09-04
"epiSignDisparityAOneMLAlphaOne","35.0\%",NA,2026-09-04
"epiSignDisparityRoundedAOneMLAlphaOne","35\%",NA,2026-09-04
"ciCoverageAOneHBAlphaOne","99.0\%",NA,2026-09-04
"ciCoverageRoundedAOneHBAlphaOne","99\%",NA,2026-09-04
"ciCoverageAOneMLAlphaOne","76.6\%",NA,2026-09-04
"ciCoverageRoundedAOneMLAlphaOne","77\%",NA,2026-09-04
"epiSignParityFPRAOneHBAlphaOne","0.1\%",NA,2026-09-04
"epiSignParityFPRRoundedAOneHBAlphaOne","0\%",NA,2026-09-04
"epiSignParityFPRAOneMLAlphaOne","2.2\%",NA,2026-09-04
"epiSignParityFPRRoundedAOneMLAlphaOne","2\%",NA,2026-09-04
"signFlipAOneHBAlphaOne","0.0\%",NA,2026-09-04
"signFlipRoundedAOneHBAlphaOne","0\%",NA,2026-09-04
"signFlipAOneMLAlphaOne","2.6\%",NA,2026-09-04
"signFlipRoundedAOneMLAlphaOne","3\%",NA,2026-09-04
"epiParityAOneHBAlphaFive","93.7\%",NA,2026-09-04
"epiParityRoundedAOneHBAlphaFive","94\%",NA,2026-09-04
"epiDisparityAOneHBAlphaFive","6.3\%",NA,2026-09-04
"epiDisparityRoundedAOneHBAlphaFive","6\%",NA,2026-09-04
"epiParityAOneMLAlphaFive","70.3\%",NA,2026-09-04
"epiParityRoundedAOneMLAlphaFive","70\%",NA,2026-09-04
"epiDisparityAOneMLAlphaFive","29.7\%",NA,2026-09-04
"epiDisparityRoundedAOneMLAlphaFive","30\%",NA,2026-09-04
"epiSignParityAOneHBAlphaFive","93.1\%",NA,2026-09-04
"epiSignParityRoundedAOneHBAlphaFive","93\%",NA,2026-09-04
"epiSignDisparityAOneHBAlphaFive","6.9\%",NA,2026-09-04
"epiSignDisparityRoundedAOneHBAlphaFive","7\%",NA,2026-09-04
"epiSignParityAOneMLAlphaFive","69.1\%",NA,2026-09-04
"epiSignParityRoundedAOneMLAlphaFive","69\%",NA,2026-09-04
"epiSignDisparityAOneMLAlphaFive","30.9\%",NA,2026-09-04
"epiSignDisparityRoundedAOneMLAlphaFive","31\%",NA,2026-09-04
"ciCoverageAOneHBAlphaFive","98.2\%",NA,2026-09-04
"ciCoverageRoundedAOneHBAlphaFive","98\%",NA,2026-09-04
"ciCoverageAOneMLAlphaFive","71.8\%",NA,2026-09-04
"ciCoverageRoundedAOneMLAlphaFive","72\%",NA,2026-09-04
"epiSignParityFPRAOneHBAlphaFive","0.1\%",NA,2026-09-04
"epiSignParityFPRRoundedAOneHBAlphaFive","0\%",NA,2026-09-04
"epiSignParityFPRAOneMLAlphaFive","4.6\%",NA,2026-09-04
"epiSignParityFPRRoundedAOneMLAlphaFive","5\%",NA,2026-09-04
"signFlipAOneHBAlphaFive","0.0\%",NA,2026-09-04
"signFlipRoundedAOneHBAlphaFive","0\%",NA,2026-09-04
"signFlipAOneMLAlphaFive","4.8\%",NA,2026-09-04
"signFlipRoundedAOneMLAlphaFive","5\%",NA,2026-09-04
"epiParityAOneHBAlphaTen","95.8\%",NA,2026-09-04
"epiParityRoundedAOneHBAlphaTen","96\%",NA,2026-09-04
"epiDisparityAOneHBAlphaTen","4.2\%",NA,2026-09-04
"epiDisparityRoundedAOneHBAlphaTen","4\%",NA,2026-09-04
"epiParityAOneMLAlphaTen","72.9\%",NA,2026-09-04
"epiParityRoundedAOneMLAlphaTen","73\%",NA,2026-09-04
"epiDisparityAOneMLAlphaTen","27.1\%",NA,2026-09-04
"epiDisparityRoundedAOneMLAlphaTen","27\%",NA,2026-09-04
"epiSignParityAOneHBAlphaTen","95.3\%",NA,2026-09-04
"epiSignParityRoundedAOneHBAlphaTen","95\%",NA,2026-09-04
"epiSignDisparityAOneHBAlphaTen","4.7\%",NA,2026-09-04
"epiSignDisparityRoundedAOneHBAlphaTen","5\%",NA,2026-09-04
"epiSignParityAOneMLAlphaTen","72.3\%",NA,2026-09-04
"epiSignParityRoundedAOneMLAlphaTen","72\%",NA,2026-09-04
"epiSignDisparityAOneMLAlphaTen","27.7\%",NA,2026-09-04
"epiSignDisparityRoundedAOneMLAlphaTen","28\%",NA,2026-09-04
"ciCoverageAOneHBAlphaTen","97.4\%",NA,2026-09-04
"ciCoverageRoundedAOneHBAlphaTen","97\%",NA,2026-09-04
"ciCoverageAOneMLAlphaTen","69.3\%",NA,2026-09-04
"ciCoverageRoundedAOneMLAlphaTen","69\%",NA,2026-09-04
"epiSignParityFPRAOneHBAlphaTen","0.2\%",NA,2026-09-04
"epiSignParityFPRRoundedAOneHBAlphaTen","0\%",NA,2026-09-04
"epiSignParityFPRAOneMLAlphaTen","5.6\%",NA,2026-09-04
"epiSignParityFPRRoundedAOneMLAlphaTen","6\%",NA,2026-09-04
"signFlipAOneHBAlphaTen","0.0\%",NA,2026-09-04
"signFlipRoundedAOneHBAlphaTen","0\%",NA,2026-09-04
"signFlipAOneMLAlphaTen","5.9\%",NA,2026-09-04
"signFlipRoundedAOneMLAlphaTen","6\%",NA,2026-09-04
"epiParityAFiveHBAlphaOne","84.5\%",NA,2026-09-04
"epiParityRoundedAFiveHBAlphaOne","85\%",NA,2026-09-04
"epiDisparityAFiveHBAlphaOne","15.5\%",NA,2026-09-04
"epiDisparityRoundedAFiveHBAlphaOne","15\%",NA,2026-09-04
"epiParityAFiveMLAlphaOne","52.6\%",NA,2026-09-04
"epiParityRoundedAFiveMLAlphaOne","53\%",NA,2026-09-04
"epiDisparityAFiveMLAlphaOne","47.4\%",NA,2026-09-04
"epiDisparityRoundedAFiveMLAlphaOne","47\%",NA,2026-09-04
"epiSignParityAFiveHBAlphaOne","85.0\%",NA,2026-09-04
"epiSignParityRoundedAFiveHBAlphaOne","85\%",NA,2026-09-04
"epiSignDisparityAFiveHBAlphaOne","15.0\%",NA,2026-09-04
"epiSignDisparityRoundedAFiveHBAlphaOne","15\%",NA,2026-09-04
"epiSignParityAFiveMLAlphaOne","51.9\%",NA,2026-09-04
"epiSignParityRoundedAFiveMLAlphaOne","52\%",NA,2026-09-04
"epiSignDisparityAFiveMLAlphaOne","48.1\%",NA,2026-09-04
"epiSignDisparityRoundedAFiveMLAlphaOne","48\%",NA,2026-09-04
"ciCoverageAFiveHBAlphaOne","92.5\%",NA,2026-09-04
"ciCoverageRoundedAFiveHBAlphaOne","92\%",NA,2026-09-04
"ciCoverageAFiveMLAlphaOne","61.9\%",NA,2026-09-04
"ciCoverageRoundedAFiveMLAlphaOne","62\%",NA,2026-09-04
"epiSignParityFPRAFiveHBAlphaOne","0.4\%",NA,2026-09-04
"epiSignParityFPRRoundedAFiveHBAlphaOne","0\%",NA,2026-09-04
"epiSignParityFPRAFiveMLAlphaOne","3.9\%",NA,2026-09-04
"epiSignParityFPRRoundedAFiveMLAlphaOne","4\%",NA,2026-09-04
"signFlipAFiveHBAlphaOne","0.2\%",NA,2026-09-04
"signFlipRoundedAFiveHBAlphaOne","0\%",NA,2026-09-04
"signFlipAFiveMLAlphaOne","4.1\%",NA,2026-09-04
"signFlipRoundedAFiveMLAlphaOne","4\%",NA,2026-09-04
"epiParityAFiveHBAlphaFive","84.9\%",NA,2026-09-04
"epiParityRoundedAFiveHBAlphaFive","85\%",NA,2026-09-04
"epiDisparityAFiveHBAlphaFive","15.1\%",NA,2026-09-04
"epiDisparityRoundedAFiveHBAlphaFive","15\%",NA,2026-09-04
"epiParityAFiveMLAlphaFive","53.0\%",NA,2026-09-04
"epiParityRoundedAFiveMLAlphaFive","53\%",NA,2026-09-04
"epiDisparityAFiveMLAlphaFive","47.0\%",NA,2026-09-04
"epiDisparityRoundedAFiveMLAlphaFive","47\%",NA,2026-09-04
"epiSignParityAFiveHBAlphaFive","85.4\%",NA,2026-09-04
"epiSignParityRoundedAFiveHBAlphaFive","85\%",NA,2026-09-04
"epiSignDisparityAFiveHBAlphaFive","14.6\%",NA,2026-09-04
"epiSignDisparityRoundedAFiveHBAlphaFive","15\%",NA,2026-09-04
"epiSignParityAFiveMLAlphaFive","52.6\%",NA,2026-09-04
"epiSignParityRoundedAFiveMLAlphaFive","53\%",NA,2026-09-04
"epiSignDisparityAFiveMLAlphaFive","47.4\%",NA,2026-09-04
"epiSignDisparityRoundedAFiveMLAlphaFive","47\%",NA,2026-09-04
"ciCoverageAFiveHBAlphaFive","89.3\%",NA,2026-09-04
"ciCoverageRoundedAFiveHBAlphaFive","89\%",NA,2026-09-04
"ciCoverageAFiveMLAlphaFive","55.1\%",NA,2026-09-04
"ciCoverageRoundedAFiveMLAlphaFive","55\%",NA,2026-09-04
"epiSignParityFPRAFiveHBAlphaFive","1.2\%",NA,2026-09-04
"epiSignParityFPRRoundedAFiveHBAlphaFive","1\%",NA,2026-09-04
"epiSignParityFPRAFiveMLAlphaFive","6.0\%",NA,2026-09-04
"epiSignParityFPRRoundedAFiveMLAlphaFive","6\%",NA,2026-09-04
"signFlipAFiveHBAlphaFive","0.4\%",NA,2026-09-04
"signFlipRoundedAFiveHBAlphaFive","0\%",NA,2026-09-04
"signFlipAFiveMLAlphaFive","5.7\%",NA,2026-09-04
"signFlipRoundedAFiveMLAlphaFive","6\%",NA,2026-09-04
"epiParityAFiveHBAlphaTen","86.6\%",NA,2026-09-04
"epiParityRoundedAFiveHBAlphaTen","87\%",NA,2026-09-04
"epiDisparityAFiveHBAlphaTen","13.4\%",NA,2026-09-04
"epiDisparityRoundedAFiveHBAlphaTen","13\%",NA,2026-09-04
"epiParityAFiveMLAlphaTen","55.6\%",NA,2026-09-04
"epiParityRoundedAFiveMLAlphaTen","56\%",NA,2026-09-04
"epiDisparityAFiveMLAlphaTen","44.4\%",NA,2026-09-04
"epiDisparityRoundedAFiveMLAlphaTen","44\%",NA,2026-09-04
"epiSignParityAFiveHBAlphaTen","87.3\%",NA,2026-09-04
"epiSignParityRoundedAFiveHBAlphaTen","87\%",NA,2026-09-04
"epiSignDisparityAFiveHBAlphaTen","12.7\%",NA,2026-09-04
"epiSignDisparityRoundedAFiveHBAlphaTen","13\%",NA,2026-09-04
"epiSignParityAFiveMLAlphaTen","55.4\%",NA,2026-09-04
"epiSignParityRoundedAFiveMLAlphaTen","55\%",NA,2026-09-04
"epiSignDisparityAFiveMLAlphaTen","44.6\%",NA,2026-09-04
"epiSignDisparityRoundedAFiveMLAlphaTen","45\%",NA,2026-09-04
"ciCoverageAFiveHBAlphaTen","87.2\%",NA,2026-09-04
"ciCoverageRoundedAFiveHBAlphaTen","87\%",NA,2026-09-04
"ciCoverageAFiveMLAlphaTen","50.6\%",NA,2026-09-04
"ciCoverageRoundedAFiveMLAlphaTen","51\%",NA,2026-09-04
"epiSignParityFPRAFiveHBAlphaTen","1.9\%",NA,2026-09-04
"epiSignParityFPRRoundedAFiveHBAlphaTen","2\%",NA,2026-09-04
"epiSignParityFPRAFiveMLAlphaTen","7.8\%",NA,2026-09-04
"epiSignParityFPRRoundedAFiveMLAlphaTen","8\%",NA,2026-09-04
"signFlipAFiveHBAlphaTen","0.6\%",NA,2026-09-04
"signFlipRoundedAFiveHBAlphaTen","1\%",NA,2026-09-04
"signFlipAFiveMLAlphaTen","7.1\%",NA,2026-09-04
"signFlipRoundedAFiveMLAlphaTen","7\%",NA,2026-09-04
"epiDisparityMarginalEpsOneHundredAOneGaussianAlphaTen","2.8",NA,2026-09-04
"epiDisparityMarginalRoundedEpsOneHundredAOneGaussianAlphaTen","3",NA,2026-09-04
"epiDisparityMarginalEpsOneHundredATwentyGaussianAlphaTen","1.0",NA,2026-09-04
"epiDisparityMarginalRoundedEpsOneHundredATwentyGaussianAlphaTen","1",NA,2026-09-04
"epiDisparityMarginalEpsTenAOneGaussianAlphaTen","4.0",NA,2026-09-04
"epiDisparityMarginalRoundedEpsTenAOneGaussianAlphaTen","4",NA,2026-09-04
"epiDisparityMarginalEpsTenATwentyGaussianAlphaTen","0.3",NA,2026-09-04
"epiDisparityMarginalRoundedEpsTenATwentyGaussianAlphaTen","0",NA,2026-09-04
"epiDisparityMarginalEpsOneAOneGaussianAlphaTen","7.6",NA,2026-09-04
"epiDisparityMarginalRoundedEpsOneAOneGaussianAlphaTen","8",NA,2026-09-04
"epiDisparityMarginalEpsOneATwentyGaussianAlphaTen","2.9",NA,2026-09-04
"epiDisparityMarginalRoundedEpsOneATwentyGaussianAlphaTen","3",NA,2026-09-04
"epiDisparityMarginalEpsPointOneAOneGaussianAlphaTen","19.2",NA,2026-09-04
"epiDisparityMarginalRoundedEpsPointOneAOneGaussianAlphaTen","19",NA,2026-09-04
"epiDisparityMarginalEpsPointOneATwentyGaussianAlphaTen","10.5",NA,2026-09-04
"epiDisparityMarginalRoundedEpsPointOneATwentyGaussianAlphaTen","11",NA,2026-09-04
"epiDisparityMarginalEpsPointZeroOneAOneGaussianAlphaTen","31.3",NA,2026-09-04
"epiDisparityMarginalRoundedEpsPointZeroOneAOneGaussianAlphaTen","31",NA,2026-09-04
"epiDisparityMarginalEpsPointZeroOneATwentyGaussianAlphaTen","17.4",NA,2026-09-04
"epiDisparityMarginalRoundedEpsPointZeroOneATwentyGaussianAlphaTen","17",NA,2026-09-04
"epiDisparityMarginalEpsPointZeroZeroOneAOneGaussianAlphaTen","42.0",NA,2026-09-04
"epiDisparityMarginalRoundedEpsPointZeroZeroOneAOneGaussianAlphaTen","42",NA,2026-09-04
"epiDisparityMarginalEpsPointZeroZeroOneATwentyGaussianAlphaTen","21.7",NA,2026-09-04
"epiDisparityMarginalRoundedEpsPointZeroZeroOneATwentyGaussianAlphaTen","22",NA,2026-09-04
"colMechEpsilon","8.9",NA,2026-09-04
"colMechGaussian","3.5",NA,2026-09-04
"colMechEpsilonGaussian","-0.4\log\epsilon",NA,2026-09-04
"colRegDOF","-0.0","NEGATIVE",2026-09-04
"colRegDep","17.2","NEGATIVE",2026-09-04
"colRegDepEpsilon","7.0",NA,2026-09-04
"colRegES","2.24","for a 0.1 increase/decrease, multiply by 100*0.1=10",2026-09-04
"colRegESEpsilon","0.53","for a 0.1 increase/decrease, multiply by 100*0.1=10",2026-09-04
"colClaimES","1.45","for a 0.1 increase/decrease, multiply by 100*0.1=10",2026-09-04
"colClaimESEpsilon","0.55","for a 0.1 increase/decrease, multiply by 100*0.1=10",2026-09-04
"colClaimInsig","24.6",NA,2026-09-04
"colClaimInterval","-9.3","NEGATIVE",2026-09-04
"colClaimSensitivity","3.8","NEGATIVE",2026-09-04
"colErrorES","2.02","for a 0.1 increase/decrease, multiply by 100*0.1=10",2026-09-04
"nMinResults","10","",2026-09-04
